company_name_label,isin,label,symbol,company_name,promoter_total_pct,pct_IndividualsOrHinduUndividedFamily,num_IndividualsOrHinduUndividedFamily,pct_NonResidentIndividualsOrForeignIndividuals,num_NonResidentIndividualsOrForeignIndividuals,pct_DirectorsAndDirectorsRelatives,num_DirectorsAndDirectorsRelatives,pct_KeyManagerialPersonnel,num_KeyManagerialPersonnel,pct_RelativesOfPromotersOtherThanPromoterGroup,num_RelativesOfPromotersOtherThanPromoterGroup,pct_TrustsWhereAnyPersonBelongingToPromoterAndPromoterGroupIsisTrusteeOrBeneficiaryOrAuthorOfTrust,num_TrustsWhereAnyPersonBelongingToPromoterAndPromoterGroupIsisTrusteeOrBeneficiaryOrAuthorOfTrust,pct_CentralGovernmentOrPresidentOfIndia,num_CentralGovernmentOrPresidentOfIndia,pct_StateGovernmentsOrGovernors,num_StateGovernmentsOrGovernors,pct_ShareholdingByCompaniesOrBodiesCorporatewhereCentralOrStateGovernmentIsPromoter,num_ShareholdingByCompaniesOrBodiesCorporatewhereCentralOrStateGovernmentIsPromoter,pct_ForeignGovernment,num_ForeignGovernment,pct_CentralGovernmentOrStateGovernmentS,num_CentralGovernmentOrStateGovernmentS,pct_ForeignInstitutions,num_ForeignInstitutions,pct_ForeignPortfolioInvestor,num_ForeignPortfolioInvestor,pct_OtherForeignShareholders,num_OtherForeignShareholders,pct_OtherIndianShareholders,num_OtherIndianShareholders,pct_AssociateCompaniesOrSubsidiaries,num_AssociateCompaniesOrSubsidiaries,pct_BodiesCorporateIncludingSubsidiaries,num_BodiesCorporateIncludingSubsidiaries,pct_IndianFinancialInstitutionsOrBanks,num_IndianFinancialInstitutionsOrBanks,natural_pct_sum,natural_num_sum,govt_pct_sum,foreign_non_govt_pct_sum,hufi_num,hufi_pct
TATA STEEL LTD,INE081A01020,Professional,TATASTEEL,Tata Steel Limited,33.19,0.0,0.0,0.0,0.0,0.02,9.0,0.0,1.0,0.0,0.0,0.0,0.0,0.0,4.0,0.01,8.0,0.0,0.0,0.0,0.0,0.0,0.0,0.0,0.0,0.0,0.0,0.0,0.0,33.19,10.0,0.0,0.0,0.0,0.0,0.0,0.0,0.02,10.0,0.01,0.0,0.0,0.0
VOLTAS LTD,INE226A01021,Professional,VOLTAS,Voltas Limited,30.3,0.0,0.0,0.0,0.0,0.0,0.0,0.0,0.0,0.0,0.0,0.0,0.0,0.0,1.0,0.0,0.0,0.0,0.0,0.0,0.0,0.0,0.0,0.0,0.0,0.0,0.0,0.0,0.0,30.3,4.0,0.0,0.0,0.0,0.0,0.0,0.0,0.0,0.0,0.0,0.0,0.0,0.0
INDUSIND BANK LTD,INE095A01012,Owner,INDUSINDBK,IndusInd Bank Limited,15.82,0.0,0.0,0.0,0.0,0.01,8.0,0.0,0.0,0.0,0.0,0.0,0.0,0.0,4.0,0.0,0.0,0.0,0.0,0.0,0.0,0.0,0.0,0.0,0.0,0.0,0.0,15.82,2.0,0.0,0.0,0.0,0.0,0.0,0.0,0.0,0.0,0.01,8.0,0.0,15.82,0.0,0.0
TRENT LTD,INE849A01020,Professional,TRENT,Trent Limited,37.01,0.0,0.0,0.0,0.0,0.27,5.0,0.0,0.0,0.0,0.0,0.0,0.0,0.0,1.0,0.0,0.0,0.0,0.0,0.0,0.0,0.0,0.0,0.0,0.0,0.0,0.0,0.0,0.0,37.01,4.0,0.0,0.0,0.0,0.0,0.0,0.0,0.27,5.0,0.0,0.0,0.0,0.0
HEG LTD,INE545A01024,Owner,HEG,HEG Limited,56.28,0.01,4.0,0.0,0.0,0.0,3.0,0.0,1.0,0.0,0.0,0.0,0.0,0.0,1.0,0.0,0.0,0.0,0.0,0.0,0.0,0.0,0.0,0.0,0.0,0.0,0.0,25.98,2.0,30.28,3.0,0.0,0.0,0.0,0.0,0.0,0.0,0.01,8.0,0.0,25.98,4.0,0.01
GRAPHITE INDIA LTD,INE371A01025,Owner,GRAPHITE,Graphite India Limited,65.34,0.5,6.0,0.1,2.0,0.0,0.0,0.0,1.0,0.0,2.0,0.0,0.0,0.0,0.0,0.0,1.0,0.0,0.0,0.0,0.0,0.0,0.0,0.0,0.0,0.0,0.0,0.71,1.0,64.03,6.0,0.0,0.0,0.0,0.0,0.0,0.0,0.6,11.0,0.0,0.71,6.0,0.5
V.I.P. INDUSTRIES LTD,INE054A01027,Owner,VIPIND,VIP Industries Limited,42.35,0.79,3.0,0.16,1.0,0.0,0.0,0.0,1.0,0.0,0.0,0.0,0.0,0.0,0.0,0.0,0.0,0.0,0.0,0.0,0.0,0.0,0.0,0.0,0.0,0.0,0.0,0.0,0.0,41.4,8.0,0.0,0.0,0.0,0.0,0.0,0.0,0.9500000000000001,5.0,0.0,0.0,3.0,0.79
BAJAJ FINANCE LTD,INE296A01032,Owner,BAJFINANCE,Bajaj Finance Limited,54.7,0.14,9.0,0.0,1.0,0.03,5.0,0.02,2.0,0.0,0.0,0.0,0.0,0.0,0.0,0.0,0.0,0.0,2.0,0.0,0.0,0.0,0.0,0.0,0.0,0.0,0.0,0.0,0.0,54.56,14.0,0.0,0.0,0.0,0.0,0.0,0.0,0.19,17.0,0.0,0.0,9.0,0.14
GUJARAT NARMADA VALLEY FERT,INE113A01013,State,GNFC,Gujarat Narmada Valley Fertilizers and Chemicals Limited,41.3,0.0,0.0,0.0,0.0,0.0,0.0,0.0,0.0,0.0,0.0,0.0,0.0,0.0,0.0,0.0,0.0,0.0,0.0,0.0,0.0,0.0,0.0,0.0,0.0,0.0,0.0,0.0,0.0,41.3,2.0,0.0,0.0,0.0,0.0,0.0,0.0,0.0,0.0,0.0,0.0,0.0,0.0
ESCORTS KUBOTA LTD,INE042A01014,Owner,ESCORTS,Escorts Kubota Limited,68.04,1.29,6.0,0.0,0.0,0.0,1.0,0.0,0.0,0.0,0.0,0.0,0.0,0.0,0.0,0.0,0.0,0.0,0.0,0.0,0.0,0.0,0.0,0.0,0.0,0.0,0.0,54.07,1.0,12.68,7.0,0.0,0.0,0.0,0.0,0.0,0.0,1.29,7.0,0.0,54.07,6.0,1.29
STERLITE TECHNOLOGIES LTD,INE089C01029,Owner,STLTECH,Sterlite Technologies Limited,44.44,0.57,7.0,0.0,0.0,0.01,1.0,0.0,2.0,0.0,0.0,0.0,0.0,0.0,0.0,0.0,0.0,0.0,2.0,0.0,0.0,0.0,0.0,0.0,0.0,0.0,0.0,42.9,1.0,0.98,2.0,0.0,0.0,0.0,0.0,0.0,0.0,0.58,10.0,0.0,42.9,7.0,0.57
BIOCON LTD,INE376G01013,Owner,BIOCON,Biocon Limited,44.91,29.9,1.0,0.38,2.0,0.47,3.0,0.01,1.0,0.0,0.0,0.0,0.0,0.0,0.0,0.0,0.0,0.0,0.0,0.0,0.0,0.0,0.0,0.0,0.0,0.0,0.0,14.63,1.0,0.0,0.0,0.0,0.0,0.0,0.0,0.0,0.0,30.759999999999998,7.0,0.0,14.63,1.0,29.9
RAIN INDUSTRIES LTD,INE855B01025,Owner,RAIN,Rain Industries Limited,41.35,16.98,7.0,0.0,0.0,0.0,0.0,0.03,1.0,0.0,0.0,0.0,0.0,0.0,0.0,0.0,0.0,0.34,1.0,0.0,0.0,0.0,0.0,0.0,0.0,0.0,0.0,0.0,0.0,24.37,6.0,0.0,0.0,0.0,0.0,0.0,0.0,17.01,8.0,0.34,0.0,7.0,16.98
CAPRI GLOBAL CAPITAL LTD,INE180C01042,Owner,CGCL,Capri Global Capital Limited,59.92,0.0,5.0,0.0,0.0,0.0,0.0,0.0,1.0,0.0,0.0,0.0,0.0,0.0,0.0,0.0,0.0,0.0,0.0,0.0,0.0,0.0,0.0,0.0,0.0,0.0,0.0,0.0,0.0,59.92,2.0,0.0,0.0,0.0,0.0,0.0,0.0,0.0,6.0,0.0,0.0,5.0,0.0
V-GUARD INDUSTRIES LTD,INE951I01027,Owner,VGUARD,V-Guard Industries Limited,53.28,39.38,4.0,0.0,0.0,0.82,4.0,0.0,2.0,0.0,0.0,0.0,0.0,0.0,0.0,0.0,0.0,0.0,0.0,0.0,0.0,0.0,0.0,0.0,0.0,0.0,0.0,0.0,0.0,13.9,3.0,0.0,0.0,0.0,0.0,0.0,0.0,40.2,10.0,0.0,0.0,4.0,39.38
RADICO KHAITAN LTD,INE944F01028,Owner,RADICO,Radico Khaitan Limited,40.2,0.31,2.0,0.0,0.0,0.18,4.0,0.01,2.0,0.0,0.0,0.0,0.0,0.0,0.0,0.0,0.0,0.0,1.0,0.0,0.0,0.0,0.0,0.0,0.0,0.0,0.0,0.0,0.0,39.9,6.0,0.0,0.0,0.0,0.0,0.0,0.0,0.5,8.0,0.0,0.0,2.0,0.31
JK PAPER LTD,INE789E01012,Owner,JKPAPER,JK Paper Limited,52.94,1.95,12.0,0.0,0.0,0.0,0.0,0.0,0.0,0.0,0.0,0.0,0.0,0.0,0.0,0.0,0.0,0.0,0.0,0.0,0.0,0.0,0.0,0.0,0.0,0.0,0.0,0.0,0.0,50.99,7.0,0.0,0.0,0.0,0.0,0.0,0.0,1.95,12.0,0.0,0.0,12.0,1.95
MANAPPURAM FINANCE LTD,INE522D01027,Owner,MANAPPURAM,Manappuram Finance Limited,31.77,31.77,5.0,0.0,0.0,0.0,0.0,0.01,1.0,0.0,1.0,0.0,0.0,0.0,1.0,0.0,0.0,0.0,0.0,0.0,0.0,0.0,0.0,0.0,0.0,0.0,0.0,0.0,0.0,0.0,0.0,0.0,0.0,0.0,0.0,0.0,0.0,31.78,7.0,0.0,0.0,5.0,31.77
EDELWEISS FINANCIAL SERVICES,INE532F01054,Owner,EDELWEISS,Edelweiss Financial Services Limited,32.69,28.16,7.0,0.1,1.0,0.0,0.0,0.01,2.0,0.0,0.0,0.0,0.0,0.0,1.0,0.0,1.0,0.0,0.0,0.0,0.0,0.0,0.0,0.0,0.0,0.0,0.0,0.0,0.0,4.43,2.0,0.0,0.0,0.0,0.0,0.0,0.0,28.270000000000003,10.0,0.0,0.0,7.0,28.16
ADANI ENTERPRISES LTD,INE423A01024,Owner,ADANIENT,Adani Enterprises Limited,74.67,0.0,2.0,0.0,0.0,0.02,2.0,0.0,1.0,0.0,0.0,0.0,0.0,0.0,1.0,0.0,0.0,0.0,0.0,0.0,0.0,0.0,0.0,0.0,0.0,0.0,0.0,15.68,9.0,58.99,3.0,0.0,0.0,0.0,0.0,0.0,0.0,0.02,5.0,0.0,15.68,2.0,0.0
DEEPAK NITRITE LTD,INE288B01029,Owner,DEEPAKNTR,Deepak Nitrite Limited,49.33,17.23,8.0,0.0,0.0,0.0,3.0,0.0,0.0,0.0,0.0,0.0,0.0,0.0,0.0,0.0,0.0,0.0,0.0,0.0,0.0,0.0,0.0,0.0,0.0,0.0,0.0,0.0,0.0,32.1,11.0,0.0,0.0,0.0,0.0,0.0,0.0,17.23,11.0,0.0,0.0,8.0,17.23
KEI INDUSTRIES LTD,INE878B01027,Owner,KEI,KEI Industries Limited,35.0,17.13,3.0,0.0,0.0,0.37,2.0,0.05,1.0,0.0,5.0,0.0,0.0,0.0,1.0,0.0,0.0,0.0,0.0,0.0,0.0,0.0,0.0,0.0,0.0,0.0,0.0,0.0,0.0,17.87,5.0,0.0,0.0,0.0,0.0,0.0,0.0,17.55,11.0,0.0,0.0,3.0,17.13
SUNTECK REALTY LTD,INE805D01034,Owner,SUNTECK,Sunteck Realty Limited,63.3,1.6,4.0,0.0,0.0,0.01,2.0,0.01,1.0,0.0,0.0,0.0,0.0,0.0,0.0,0.0,0.0,0.0,0.0,0.0,0.0,0.0,0.0,0.0,0.0,0.0,0.0,0.0,0.0,61.7,8.0,0.0,0.0,0.0,0.0,0.0,0.0,1.62,7.0,0.0,0.0,4.0,1.6
MUTHOOT FINANCE LTD,INE414G01012,Owner,MUTHOOTFIN,Muthoot Finance Limited,73.35,73.35,12.0,0.0,0.0,0.0,0.0,0.01,1.0,0.0,0.0,0.0,0.0,0.0,0.0,0.0,0.0,0.0,0.0,0.0,0.0,0.0,0.0,0.0,0.0,0.0,0.0,0.0,0.0,0.0,0.0,0.0,0.0,0.0,0.0,0.0,0.0,73.36,13.0,0.0,0.0,12.0,73.35
BALKRISHNA INDUSTRIES LTD,INE787D01026,Owner,BALKRISIND,Balkrishna Industries Limited,58.29,33.09,6.0,0.0,0.0,0.0,0.0,0.0,0.0,0.0,0.0,0.0,0.0,0.0,0.0,0.0,0.0,0.0,1.0,0.0,0.0,0.0,0.0,0.0,0.0,0.0,0.0,0.0,0.0,25.21,7.0,0.0,0.0,0.0,0.0,0.0,0.0,33.09,6.0,0.0,0.0,6.0,33.09
AARTI INDUSTRIES LIMITED,INE769A01020,Owner,AARTIIND,Aarti Industries Limited,42.14,26.75,27.0,0.17,1.0,0.98,5.0,0.0,2.0,0.0,0.0,0.0,0.0,0.0,1.0,0.01,1.0,0.0,0.0,0.0,0.0,0.0,0.0,0.0,0.0,0.0,0.0,0.0,0.0,15.22,16.0,0.0,0.0,0.0,0.0,0.0,0.0,27.900000000000002,35.0,0.01,0.0,27.0,26.75
HINDALCO INDUSTRIES LTD,INE038A01020,Owner,HINDALCO,Hindalco Industries Limited,34.64,0.11,5.0,0.0,0.0,0.01,3.0,0.05,3.0,0.0,0.0,0.0,0.0,0.0,2.0,0.23,4.0,0.0,0.0,0.0,0.0,0.0,0.0,0.0,0.0,0.0,0.0,0.65,4.0,33.89,7.0,0.0,0.0,0.0,0.0,0.0,0.0,0.16999999999999998,11.0,0.23,0.65,5.0,0.11
BOMBAY BURMAH TRADING CORP,INE050A01025,Owner,BBTC,The Bombay Burmah Trading Corporation Limited,74.05,0.04,2.0,10.01,2.0,0.0,0.0,0.0,0.0,0.0,0.0,0.0,0.0,0.0,0.0,0.0,0.0,0.0,0.0,0.0,0.0,0.0,0.0,0.0,0.0,0.0,0.0,8.46,4.0,55.53,9.0,0.0,0.0,0.0,0.0,0.0,0.0,10.049999999999999,4.0,0.0,8.46,2.0,0.04
ASTRAL LTD,INE006I01046,Owner,ASTRAL,Astral Limited,54.22,39.13,2.0,0.0,0.0,0.0,0.0,0.0,0.0,0.0,0.0,0.0,0.0,0.0,0.0,0.0,0.0,0.0,0.0,0.0,0.0,0.0,0.0,0.0,0.0,0.0,0.0,0.0,0.0,15.09,4.0,0.0,0.0,0.0,0.0,0.0,0.0,39.13,2.0,0.0,0.0,2.0,39.13
AVENUE SUPERMARTS LTD,INE192R01011,Owner,DMART,Avenue Supermarts Limited,74.65,37.23,8.0,0.0,0.0,2.59,17.0,0.01,2.0,0.12,3.0,0.0,0.0,0.0,3.0,0.0,0.0,0.0,0.0,0.0,0.0,0.0,0.0,0.0,0.0,0.0,0.0,0.0,0.0,37.42,6.0,0.0,0.0,0.0,0.0,0.0,0.0,39.94999999999999,30.0,0.0,0.0,8.0,37.23
INDRAPRASTHA GAS LTD,INE203G01027,State,IGL,Indraprastha Gas Limited,45.0,0.0,0.0,0.0,0.0,0.0,0.0,0.0,0.0,0.0,0.0,0.0,0.0,0.0,0.0,5.0,1.0,0.0,2.0,0.0,0.0,0.0,0.0,0.0,0.0,0.0,0.0,0.0,0.0,45.0,2.0,0.0,0.0,0.0,0.0,0.0,0.0,0.0,0.0,5.0,0.0,0.0,0.0
DCM SHRIRAM LTD,INE499A01024,Owner,DCMSHRIRAM,DCM Shriram Limited,66.52,3.5,20.0,0.0,0.0,0.05,5.0,0.05,1.0,0.0,0.0,0.0,0.0,0.0,1.0,0.0,0.0,0.0,0.0,0.0,0.0,0.0,0.0,0.0,0.0,0.0,0.0,0.0,0.0,63.03,1.0,0.0,0.0,0.0,0.0,0.0,0.0,3.5999999999999996,26.0,0.0,0.0,20.0,3.5
HONEYWELL AUTOMATION INDIA,INE671A01010,Mnc,HONAUT,Honeywell Automation India Limited,75.0,0.0,0.0,0.0,0.0,0.0,0.0,0.0,0.0,0.0,0.0,0.0,0.0,0.0,1.0,0.0,0.0,0.0,0.0,0.0,0.0,0.0,0.0,0.0,0.0,0.0,0.0,75.0,1.0,0.0,0.0,0.0,0.0,0.0,0.0,0.0,0.0,0.0,0.0,0.0,75.0,0.0,0.0
COROMANDEL INTERNATIONAL LTD,INE169A01031,Owner,COROMANDEL,Coromandel International Limited,56.86,0.45,20.0,0.0,1.0,0.02,2.0,0.0,0.0,0.0,0.0,0.0,0.0,0.0,0.0,0.0,0.0,0.0,0.0,0.0,0.0,0.0,0.0,0.0,0.0,0.0,0.0,0.0,0.0,56.41,21.0,0.0,0.0,0.0,0.0,0.0,0.0,0.47000000000000003,23.0,0.0,0.0,20.0,0.45
HAVELLS INDIA LTD,INE176B01034,Owner,HAVELLS,Havells India Limited,59.38,0.0,0.0,0.0,0.0,0.25,3.0,0.0,1.0,0.0,0.0,0.0,0.0,0.0,3.0,0.0,0.0,0.0,0.0,0.0,0.0,0.0,0.0,0.0,0.0,0.0,0.0,0.0,0.0,59.38,3.0,0.0,0.0,0.0,0.0,0.0,0.0,0.25,4.0,0.0,0.0,0.0,0.0
BATA INDIA LTD,INE176A01028,Mnc,BATAINDIA,Bata India Limited,50.16,0.0,0.0,0.0,0.0,0.0,1.0,0.0,1.0,0.0,0.0,0.0,0.0,0.0,1.0,0.0,0.0,0.0,0.0,0.0,0.0,0.0,0.0,0.0,0.0,0.0,0.0,50.16,1.0,0.0,0.0,0.0,0.0,0.0,0.0,0.0,0.0,0.0,2.0,0.0,50.16,0.0,0.0
WHIRLPOOL OF INDIA LTD,INE716A01013,Mnc,WHIRLPOOL,Whirlpool of India Limited,39.76,0.0,0.0,0.0,0.0,0.0,0.0,0.0,1.0,0.0,0.0,0.0,0.0,0.0,0.0,0.0,3.0,0.0,0.0,0.0,0.0,0.0,0.0,0.0,0.0,0.0,0.0,39.76,1.0,0.0,0.0,0.0,0.0,0.0,0.0,0.0,0.0,0.0,1.0,0.0,39.76,0.0,0.0
ATUL LTD,INE100A01010,Owner,ATUL,Atul Limited,45.22,2.52,15.0,0.0,0.0,0.0,2.0,0.0,0.0,0.0,0.0,0.0,0.0,0.0,0.0,0.0,1.0,0.0,0.0,0.0,0.0,0.0,0.0,0.0,0.0,0.0,0.0,0.0,0.0,42.7,12.0,0.0,0.0,0.0,0.0,0.0,0.0,2.52,17.0,0.0,0.0,15.0,2.52
HINDUSTAN UNILEVER LTD,INE030A01027,Mnc,HINDUNILVR,Hindustan Unilever Limited,61.9,0.0,0.0,0.0,0.0,0.01,4.0,0.0,0.0,0.0,0.0,0.0,0.0,0.0,0.0,0.0,1.0,0.0,3.0,0.0,0.0,0.0,0.0,0.0,0.0,0.0,0.0,61.9,7.0,0.0,0.0,0.0,0.0,0.0,0.0,0.0,0.0,0.01,4.0,0.0,61.9,0.0,0.0
BRITANNIA INDUSTRIES LTD,INE216A01030,Owner,BRITANNIA,Britannia Industries Limited,50.55,0.01,1.0,0.0,1.0,0.0,0.0,0.0,0.0,0.0,0.0,0.0,0.0,0.0,0.0,0.0,0.0,0.0,2.0,0.0,0.0,0.0,0.0,0.0,0.0,0.0,0.0,50.54,6.0,0.0,0.0,0.0,0.0,0.0,0.0,0.0,0.0,0.01,2.0,0.0,50.54,1.0,0.01
DCB BANK LTD,INE503A01015,Professional,DCBBANK,DCB Bank Limited,16.24,0.0,0.0,0.0,0.0,0.16,4.0,0.01,2.0,0.0,0.0,0.0,0.0,0.0,1.0,0.0,0.0,0.0,0.0,0.0,0.0,0.0,0.0,0.0,0.0,0.0,0.0,15.48,1.0,0.76,1.0,0.0,0.0,0.0,0.0,0.0,0.0,0.17,6.0,0.0,15.48,0.0,0.0
MPHASIS LTD,INE356A01018,Professional,MPHASIS,MphasiS Limited,30.59,0.0,0.0,0.0,0.0,0.21,1.0,0.0,1.0,0.0,0.0,0.0,0.0,0.0,0.0,0.0,0.0,0.0,0.0,0.0,0.0,0.0,0.0,0.0,0.0,0.0,0.0,30.59,1.0,0.0,0.0,0.0,0.0,0.0,0.0,0.0,0.0,0.21,2.0,0.0,30.59,0.0,0.0
L&T TECHNOLOGY SERVICES LTD,INE010V01017,Professional,LTTS,L&T Technology Services Limited,73.58,0.0,0.0,0.0,0.0,0.47,4.0,0.02,2.0,0.0,0.0,0.0,0.0,0.0,0.0,0.0,0.0,0.0,0.0,0.0,0.0,0.0,0.0,0.0,0.0,0.0,0.0,0.0,0.0,73.58,1.0,0.0,0.0,0.0,0.0,0.0,0.0,0.49,6.0,0.0,0.0,0.0,0.0
PIDILITE INDUSTRIES LTD,INE318A01026,Owner,PIDILITIND,Pidilite Industries Limited,69.33,14.81,30.0,1.07,2.0,0.16,8.0,0.0,1.0,0.0,0.0,0.0,0.0,0.0,3.0,0.0,0.0,0.0,0.0,0.0,0.0,0.0,0.0,0.0,0.0,0.0,0.0,0.0,0.0,53.44,20.0,0.0,0.0,0.0,0.0,0.0,0.0,16.04,41.0,0.0,0.0,30.0,14.81
MOTILAL OSWAL FINANCIAL SERV,INE338I01027,Owner,MOTILALOFS,Motilal Oswal Financial Services Limited,67.62,23.39,2.0,0.0,0.0,6.49,3.0,0.08,2.0,0.0,0.0,0.0,0.0,0.0,0.0,0.0,0.0,0.0,0.0,0.0,0.0,0.0,0.0,0.0,0.0,0.0,0.0,0.0,0.0,44.23,22.0,0.0,0.0,0.0,0.0,0.0,0.0,29.96,7.0,0.0,0.0,2.0,23.39
PVR INOX LTD,INE191H01014,Owner,PVRINOX,PVR INOX Limited,27.53,11.24,7.0,0.0,0.0,0.0,0.0,0.0,0.0,0.0,0.0,0.0,0.0,0.0,0.0,0.0,0.0,0.0,0.0,0.0,0.0,0.0,0.0,0.0,0.0,0.0,0.0,0.0,0.0,16.29,3.0,0.0,0.0,0.0,0.0,0.0,0.0,11.24,7.0,0.0,0.0,7.0,11.24
TVS MOTOR CO LTD,INE494B01023,Owner,TVSMOTOR,TVS Motor Company Limited,50.27,0.01,1.0,0.0,0.0,0.05,3.0,0.01,1.0,0.0,0.0,0.0,0.0,0.0,0.0,0.0,0.0,0.0,1.0,0.0,0.0,0.0,0.0,0.0,0.0,0.0,0.0,0.0,0.0,50.26,1.0,0.0,0.0,0.0,0.0,0.0,0.0,0.07,5.0,0.0,0.0,1.0,0.01
CHOLAMANDALAM INVESTMENT AND,INE121A01024,Owner,CHOLAFIN,Cholamandalam Investment and Finance Company Limited,49.72,0.85,30.0,0.0,1.0,0.03,3.0,0.04,2.0,0.0,0.0,0.0,0.0,0.0,0.0,0.0,0.0,0.0,0.0,0.0,0.0,0.0,0.0,0.0,0.0,0.0,0.0,0.0,0.0,48.87,28.0,0.0,0.0,0.0,0.0,0.0,0.0,0.92,36.0,0.0,0.0,30.0,0.85
MAHINDRA & MAHINDRA FIN SECS,INE774D01024,Owner,M&MFIN,Mahindra & Mahindra Financial Services Limited,52.49,0.0,0.0,0.0,0.0,0.0,1.0,0.0,2.0,0.0,0.0,0.0,0.0,0.0,0.0,0.0,0.0,0.0,0.0,0.0,0.0,0.0,0.0,0.0,0.0,0.0,0.0,0.0,0.0,52.49,1.0,0.0,0.0,0.0,0.0,0.0,0.0,0.0,3.0,0.0,0.0,0.0,0.0
GODREJ PROPERTIES LTD,INE484J01027,Owner,GODREJPROP,Godrej Properties Limited,47.17,0.0,4.0,0.0,0.0,0.0,1.0,0.02,2.0,0.0,0.0,0.0,0.0,0.0,0.0,0.0,0.0,0.0,1.0,0.0,0.0,0.0,0.0,0.0,0.0,0.0,0.0,0.0,0.0,47.17,20.0,0.0,0.0,0.0,0.0,0.0,0.0,0.02,7.0,0.0,0.0,4.0,0.0
KEC INTERNATIONAL LTD,INE389H01022,Owner,KEC,KEC International Limited,50.1,1.91,11.0,0.0,0.0,0.0,1.0,0.0,0.0,0.0,0.0,0.0,0.0,0.0,0.0,0.0,0.0,0.0,0.0,0.0,0.0,0.0,0.0,0.0,0.0,0.0,0.0,0.0,0.0,48.19,12.0,0.44,1.0,0.0,0.0,0.0,0.0,1.91,12.0,0.0,0.0,11.0,1.91
HINDUSTAN ZINC LTD,INE267A01025,Owner,HINDZINC,Hindustan Zinc Limited,61.84,0.0,0.0,0.0,0.0,0.0,0.0,0.0,0.0,0.0,0.0,0.0,0.0,27.92,1.0,0.0,0.0,0.0,3.0,0.0,0.0,0.0,0.0,0.0,0.0,0.0,0.0,0.0,0.0,61.84,1.0,0.0,0.0,0.0,0.0,0.0,0.0,0.0,0.0,27.92,0.0,0.0,0.0
NESTLE INDIA LTD,INE239A01024,Mnc,NESTLEIND,Nestle India Limited,62.76,0.0,0.0,0.0,0.0,0.0,2.0,0.0,1.0,0.0,0.0,0.0,0.0,0.0,0.0,0.0,0.0,0.0,3.0,0.0,0.0,0.0,0.0,0.0,0.0,0.0,0.0,62.76,2.0,0.0,0.0,0.0,0.0,0.0,0.0,0.0,0.0,0.0,3.0,0.0,62.76,0.0,0.0
PAGE INDUSTRIES LTD,INE761H01022,Owner,PAGEIND,Page Industries Limited,42.89,0.0,0.0,42.89,11.0,0.0,0.0,0.0,0.0,0.0,0.0,0.0,0.0,0.0,1.0,0.0,0.0,0.0,0.0,0.0,0.0,0.0,0.0,0.0,0.0,0.0,0.0,0.0,0.0,0.0,0.0,0.0,0.0,0.0,0.0,0.0,0.0,42.89,11.0,0.0,0.0,0.0,0.0
GODREJ CONSUMER PRODUCTS LTD,INE102D01028,Owner,GODREJCP,Godrej Consumer Products Limited,53.05,0.55,9.0,0.0,0.0,0.04,1.0,0.0,1.0,0.0,0.0,0.0,0.0,0.0,1.0,0.0,0.0,0.0,0.0,0.0,0.0,0.0,0.0,0.0,0.0,0.0,0.0,0.0,0.0,52.51,19.0,0.0,0.0,0.0,0.0,0.0,0.0,0.5900000000000001,11.0,0.0,0.0,9.0,0.55
EXIDE INDUSTRIES LTD,INE302A01020,Owner,EXIDEIND,Exide Industries Limited,45.99,0.0,0.0,45.99,1.0,0.0,1.0,0.0,0.0,0.0,0.0,0.0,0.0,0.0,1.0,0.0,0.0,0.0,0.0,0.0,0.0,0.0,0.0,0.0,0.0,0.0,0.0,0.0,0.0,0.0,0.0,0.0,0.0,0.0,0.0,0.0,0.0,45.99,2.0,0.0,0.0,0.0,0.0
3M INDIA LTD,INE470A01017,Mnc,3MINDIA,3M India Limited,75.0,0.0,0.0,0.0,0.0,0.0,0.0,0.0,1.0,0.0,0.0,0.0,0.0,0.0,0.0,0.0,0.0,0.0,0.0,0.0,0.0,0.0,0.0,0.0,0.0,0.0,0.0,75.0,1.0,0.0,0.0,0.0,0.0,0.0,0.0,0.0,0.0,0.0,1.0,0.0,75.0,0.0,0.0
KANSAI NEROLAC PAINTS LTD,INE531A01024,Mnc,KANSAINER,Kansai Nerolac Paints Limited,74.98,0.0,0.0,0.0,0.0,0.0,0.0,0.0,0.0,0.0,0.0,0.0,0.0,0.0,0.0,0.0,0.0,0.0,0.0,0.0,0.0,0.0,0.0,0.0,0.0,0.0,0.0,74.98,1.0,0.0,0.0,0.0,0.0,0.0,0.0,0.0,0.0,0.0,0.0,0.0,74.98,0.0,0.0
VARUN BEVERAGES LTD,INE200M01039,Owner,VBL,Varun Beverages Limited,59.44,34.15,10.0,0.0,0.0,0.21,3.0,0.0,1.0,0.0,0.0,0.0,0.0,0.0,1.0,0.0,0.0,0.0,0.0,0.0,0.0,0.0,0.0,0.0,0.0,0.0,0.0,0.0,0.0,25.28,4.0,0.0,0.0,0.0,0.0,0.0,0.0,34.36,14.0,0.0,0.0,10.0,34.15
MAHANAGAR GAS LTD,INE002S01010,State,MGL,Mahanagar Gas Limited,32.5,0.0,0.0,0.0,0.0,0.0,0.0,0.0,0.0,0.0,0.0,0.0,0.0,0.0,0.0,10.0,1.0,0.0,0.0,0.0,0.0,0.0,0.0,0.0,0.0,0.0,0.0,0.0,0.0,32.5,1.0,0.0,0.0,0.0,0.0,0.0,0.0,0.0,0.0,10.0,0.0,0.0,0.0
TATA CHEMICALS LTD,INE092A01019,Professional,TATACHEM,Tata Chemicals Limited,37.98,0.0,0.0,0.0,0.0,0.0,2.0,0.0,0.0,0.0,0.0,0.0,0.0,0.0,2.0,0.03,5.0,0.0,0.0,0.0,0.0,0.0,0.0,0.0,0.0,0.0,0.0,0.0,0.0,37.98,8.0,0.0,0.0,0.0,0.0,0.0,0.0,0.0,2.0,0.03,0.0,0.0,0.0
PETRONET LNG LTD,INE347G01014,State,PETRONET,Petronet LNG Limited,50.0,0.0,0.0,0.0,0.0,0.0,4.0,0.0,0.0,0.0,0.0,0.0,0.0,0.0,0.0,0.0,2.0,0.0,0.0,0.0,0.0,0.0,0.0,0.0,0.0,0.0,0.0,0.0,0.0,50.0,4.0,0.0,0.0,0.0,0.0,0.0,0.0,0.0,4.0,0.0,0.0,0.0,0.0
KOTAK MAHINDRA BANK LTD,INE237A01036,Owner,KOTAKBANK,Kotak Mahindra Bank Limited,25.87,25.86,6.0,0.0,1.0,0.13,9.0,0.01,2.0,0.0,0.0,0.0,0.0,0.0,0.0,0.0,0.0,0.0,2.0,0.0,0.0,0.0,0.0,0.0,0.0,0.0,0.0,0.0,0.0,0.01,2.0,0.0,0.0,0.0,0.0,0.0,0.0,26.0,18.0,0.0,0.0,6.0,25.86
UPL LTD,INE628A01036,Owner,UPL,UPL Limited,33.51,0.62,5.0,2.52,6.0,0.01,2.0,0.0,1.0,0.0,0.0,0.0,0.0,0.02,1.0,0.0,0.0,0.0,0.0,0.0,0.0,0.0,0.0,0.0,0.0,0.0,0.0,3.35,2.0,27.01,5.0,0.0,0.0,0.0,0.0,0.0,0.0,3.15,14.0,0.02,3.35,5.0,0.62
JUBILANT FOODWORKS LTD,INE797F01020,Owner,JUBLFOOD,Jubilant Foodworks Limited,40.27,0.0,3.0,0.0,1.0,0.03,1.0,0.01,1.0,0.0,0.0,0.0,0.0,0.0,0.0,0.0,0.0,0.0,0.0,0.0,0.0,0.0,0.0,0.0,0.0,0.0,0.0,0.0,0.0,40.27,3.0,0.0,0.0,0.0,0.0,0.0,0.0,0.04,6.0,0.0,0.0,3.0,0.0
BERGER PAINTS INDIA LTD,INE463A01038,Owner,BERGEPAINT,Berger Paints (I) Limited,74.98,3.33,12.0,0.0,0.0,0.0,0.0,0.01,2.0,0.0,0.0,0.0,0.0,0.0,2.0,0.0,0.0,0.0,0.0,0.0,0.0,0.0,0.0,0.0,0.0,0.0,0.0,0.0,0.0,71.65,4.0,0.0,0.0,0.0,0.0,0.0,0.0,3.34,14.0,0.0,0.0,12.0,3.33
INFO EDGE INDIA LTD,INE663F01032,Owner,NAUKRI,Info Edge (India) Limited,37.59,31.37,4.0,0.0,0.0,1.78,1.0,1.05,1.0,0.0,0.0,0.0,0.0,0.0,1.0,0.0,0.0,0.0,0.0,0.0,0.0,0.0,0.0,0.0,0.0,0.0,0.0,0.0,0.0,6.22,1.0,0.0,0.0,0.0,0.0,0.0,0.0,34.199999999999996,6.0,0.0,0.0,4.0,31.37
MRF LTD,INE883A01011,Owner,MRF,MRF Limited,27.77,11.54,80.0,1.2,19.0,0.0,0.0,0.0,2.0,0.0,0.0,0.0,0.0,0.0,0.0,0.0,0.0,0.0,0.0,0.0,0.0,0.0,0.0,0.0,0.0,0.0,0.0,0.0,0.0,15.03,11.0,0.0,0.0,0.0,0.0,0.0,0.0,12.739999999999998,101.0,0.0,0.0,80.0,11.54
PHOENIX MILLS LTD,INE211B01039,Owner,PHOENIXLTD,The Phoenix Mills Limited,47.25,2.52,5.0,0.0,0.0,0.08,6.0,0.0,0.0,0.0,0.0,0.0,0.0,0.0,1.0,0.0,0.0,0.0,0.0,0.0,0.0,0.0,0.0,0.0,0.0,0.0,0.0,0.0,0.0,44.73,5.0,0.0,0.0,0.0,0.0,0.0,0.0,2.6,11.0,0.0,0.0,5.0,2.52
RAMCO CEMENTS LTD/THE,INE331A01037,Owner,RAMCOCEM,The Ramco Cements Limited,42.56,3.34,8.0,0.0,0.0,0.0,0.0,0.21,4.0,0.0,0.0,0.0,0.0,0.0,0.0,3.39,1.0,0.0,0.0,0.0,0.0,0.0,0.0,0.0,0.0,0.0,0.0,0.0,0.0,39.21,5.0,0.0,0.0,0.0,0.0,0.0,0.0,3.55,12.0,3.39,0.0,8.0,3.34
OBEROI REALTY LTD,INE093I01010,Owner,OBEROIRLTY,Oberoi Realty Limited,67.7,58.55,4.0,0.0,0.0,0.01,2.0,0.0,1.0,0.0,0.0,0.0,0.0,0.0,0.0,0.0,0.0,0.0,0.0,0.0,0.0,0.0,0.0,0.0,0.0,0.0,0.0,0.0,0.0,9.16,1.0,0.0,0.0,0.0,0.0,0.0,0.0,58.559999999999995,7.0,0.0,0.0,4.0,58.55
KAVERI SEED CO LTD,INE455I01029,Owner,KSCL,Kaveri Seed Company Limited,60.5,21.27,5.0,0.0,0.0,0.0,0.0,0.02,1.0,0.0,0.0,0.0,0.0,0.0,0.0,0.0,0.0,0.0,0.0,0.0,0.0,0.0,0.0,0.0,0.0,0.0,0.0,0.0,0.0,39.23,2.0,0.0,0.0,0.0,0.0,0.0,0.0,21.29,6.0,0.0,0.0,5.0,21.27
MARUTI SUZUKI INDIA LTD,INE585B01010,Mnc,MARUTI,Maruti Suzuki India Limited,58.28,0.0,0.0,0.0,0.0,0.0,1.0,0.0,0.0,0.0,0.0,0.0,0.0,0.0,0.0,0.0,0.0,0.0,5.0,0.0,0.0,0.0,0.0,0.0,0.0,0.0,0.0,58.28,1.0,0.0,0.0,0.0,0.0,0.0,0.0,0.0,0.0,0.0,1.0,0.0,58.28,0.0,0.0
ADANI GREEN ENERGY LTD,INE364U01010,Owner,ADANIGREEN,Adani Green Energy Limited,62.43,0.01,4.0,0.0,0.0,0.02,3.0,0.0,2.0,0.0,0.0,0.0,0.0,0.0,0.0,0.0,0.0,0.0,0.0,0.0,0.0,0.0,0.0,0.0,0.0,0.0,0.0,13.37,5.0,49.06,3.0,0.0,0.0,0.0,0.0,0.0,0.0,0.03,9.0,0.0,13.37,4.0,0.01
SRF LTD,INE647A01010,Owner,SRF,SRF Limited,50.26,0.05,3.0,0.0,0.0,0.03,3.0,0.1,5.0,0.0,0.0,0.0,0.0,0.0,0.0,0.0,0.0,0.04,3.0,0.0,0.0,0.0,0.0,0.0,0.0,0.0,0.0,0.0,0.0,50.21,1.0,0.0,0.0,0.0,0.0,0.0,0.0,0.18,11.0,0.04,0.0,3.0,0.05
ADANI POWER LTD,INE814H01029,Owner,ADANIPOWER,Adani Power Limited,74.96,0.0,2.0,0.0,0.0,0.0,0.0,0.0,0.0,0.0,0.0,0.0,0.0,0.0,0.0,0.0,0.0,0.0,1.0,0.0,0.0,0.0,0.0,0.0,0.0,0.0,0.0,27.76,6.0,47.2,2.0,0.0,0.0,0.0,0.0,0.0,0.0,0.0,2.0,0.0,27.76,2.0,0.0
DABUR INDIA LTD,INE016A01026,Owner,DABUR,Dabur India Limited,66.23,0.09,9.0,0.07,7.0,0.28,3.0,0.02,3.0,0.0,0.0,0.0,0.0,0.0,0.0,0.0,0.0,0.0,1.0,0.0,0.0,0.0,0.0,0.0,0.0,0.0,0.0,0.0,0.0,66.07,10.0,0.0,0.0,0.0,0.0,0.0,0.0,0.4600000000000001,22.0,0.0,0.0,9.0,0.09
ASIAN PAINTS LTD,INE021A01026,Owner,ASIANPAINT,Asian Paints Limited,52.63,9.95,52.0,0.53,2.0,0.0,2.0,0.0,1.0,0.0,0.0,0.0,0.0,0.0,3.0,0.0,1.0,0.0,0.0,0.0,0.0,0.0,0.0,0.0,0.0,0.0,0.0,0.0,0.0,42.15,28.0,0.0,0.0,0.0,0.0,0.0,0.0,10.479999999999999,57.0,0.0,0.0,52.0,9.95
TATA CONSULTANCY SVCS LTD,INE467B01029,Professional,TCS,Tata Consultancy Services Limited,71.77,0.0,0.0,0.0,0.0,0.01,7.0,0.0,2.0,0.0,0.0,0.0,0.0,0.0,6.0,0.0,3.0,0.0,0.0,0.0,0.0,0.0,0.0,0.0,0.0,0.0,0.0,0.0,0.0,71.77,5.0,0.0,0.0,0.0,0.0,0.0,0.0,0.01,9.0,0.0,0.0,0.0,0.0
DLF LTD,INE271C01023,Owner,DLF,DLF Limited,74.08,0.95,5.0,0.0,1.0,0.01,2.0,0.0,1.0,0.0,0.0,0.0,0.0,0.0,0.0,0.0,0.0,0.0,3.0,0.0,0.0,0.0,0.0,0.0,0.0,0.0,0.0,0.0,0.0,73.13,7.0,0.0,0.0,0.0,0.0,0.0,0.0,0.96,9.0,0.0,0.0,5.0,0.95
KALPATARU PROJECTS INTERNATI,INE220B01022,Owner,KPIL,Kalpataru Projects International Limited,33.57,11.79,13.0,0.05,1.0,0.0,2.0,0.0,0.0,0.0,0.0,0.0,0.0,0.0,0.0,0.0,0.0,0.0,0.0,0.0,0.0,0.0,0.0,0.0,0.0,0.0,0.0,0.0,0.0,21.73,8.0,0.0,0.0,0.0,0.0,0.0,0.0,11.84,16.0,0.0,0.0,13.0,11.79
APOLLO TYRES LTD,INE438A01022,Owner,APOLLOTYRE,Apollo Tyres Limited,36.93,0.02,3.0,0.42,3.0,0.0,0.0,0.0,0.0,0.0,0.0,0.0,0.0,0.0,0.0,0.0,0.0,1.57,3.0,0.0,0.0,0.0,0.0,0.0,0.0,0.0,0.0,0.0,0.0,36.49,5.0,0.0,0.0,0.0,0.0,0.0,0.0,0.44,6.0,1.57,0.0,3.0,0.02
TORRENT POWER LTD,INE813H01021,Owner,TORNTPOWER,Torrent Power Limited,51.09,0.0,3.0,0.0,0.0,0.0,0.0,0.0,0.0,0.06,2.0,0.0,0.0,0.0,1.0,8.35,4.0,0.0,0.0,0.0,0.0,0.0,0.0,0.0,0.0,0.0,0.0,0.0,0.0,51.09,1.0,0.0,0.0,0.0,0.0,0.0,0.0,0.06,5.0,8.35,0.0,3.0,0.0
TATA CONSUMER PRODUCTS LTD,INE192A01025,Professional,TATACONSUM,TATA CONSUMER PRODUCTS LIMITED,33.84,0.0,0.0,0.0,0.0,0.01,2.0,0.0,0.0,0.0,0.0,0.0,0.0,0.0,2.0,0.01,6.0,0.0,0.0,0.0,0.0,0.0,0.0,0.0,0.0,0.0,0.0,0.0,0.0,33.84,9.0,0.0,0.0,0.0,0.0,0.0,0.0,0.01,2.0,0.01,0.0,0.0,0.0
SHREE CEMENT LTD,INE070A01015,Owner,SHREECEM,SHREE CEMENT LIMITED,62.55,2.98,5.0,0.0,0.0,0.0,0.0,0.0,0.0,0.0,0.0,0.0,0.0,0.0,1.0,0.0,1.0,0.0,0.0,0.0,0.0,0.0,0.0,0.0,0.0,0.0,0.0,0.0,0.0,59.58,11.0,0.0,0.0,0.0,0.0,0.0,0.0,2.98,5.0,0.0,0.0,5.0,2.98
ADANI PORTS AND SPECIAL ECON,INE742F01042,Owner,ADANIPORTS,Adani Ports and Special Economic Zone Limited,68.02,0.0,2.0,0.0,0.0,0.02,2.0,0.0,1.0,0.0,0.0,0.0,0.0,0.0,1.0,0.0,1.0,0.0,0.0,0.0,0.0,0.0,0.0,0.0,0.0,0.0,0.0,28.03,8.0,39.99,4.0,0.0,0.0,0.0,0.0,0.0,0.0,0.02,5.0,0.0,28.03,2.0,0.0
SOBHA LTD,INE671H01015,Owner,SOBHA,Sobha Limited,52.88,0.05,2.0,52.83,3.0,0.0,0.0,0.0,2.0,0.0,0.0,0.0,0.0,0.0,1.0,0.0,0.0,0.0,0.0,0.0,0.0,0.0,0.0,0.0,0.0,0.0,0.0,0.0,0.0,0.0,0.0,0.0,0.0,0.0,0.0,0.0,0.0,52.879999999999995,7.0,0.0,0.0,2.0,0.05
BALRAMPUR CHINI MILLS LTD,INE119A01028,Owner,BALRAMCHIN,Balrampur Chini Mills Limited,42.85,6.98,4.0,0.0,0.0,0.0,2.0,0.01,2.0,0.0,0.0,0.0,0.0,0.0,0.0,0.0,0.0,0.0,1.0,0.0,0.0,0.0,0.0,0.0,0.0,0.0,0.0,0.0,0.0,35.88,5.0,0.0,0.0,0.0,0.0,0.0,0.0,6.99,8.0,0.0,0.0,4.0,6.98
UNITED BREWERIES LTD,INE686F01025,Mnc,UBL,United Breweries Limited,70.83,8.08,1.0,0.0,0.0,0.0,0.0,0.0,0.0,0.0,0.0,0.0,0.0,1.16,1.0,0.0,0.0,0.0,0.0,0.0,0.0,0.0,0.0,0.0,0.0,0.0,0.0,61.52,3.0,1.24,1.0,0.0,0.0,0.0,0.0,0.0,0.0,8.08,1.0,1.16,61.52,1.0,8.08
ULTRATECH CEMENT LTD,INE481G01011,Owner,ULTRACEMCO,UltraTech Cement Limited,59.29,0.18,8.0,0.0,0.0,0.02,7.0,0.01,1.0,0.0,0.0,0.0,0.0,0.05,2.0,0.0,0.0,0.0,0.0,0.0,0.0,0.0,0.0,0.0,0.0,0.0,0.0,0.93,5.0,58.17,12.0,0.0,0.0,0.0,0.0,0.0,0.0,0.21,16.0,0.05,0.93,8.0,0.18
SUN TV NETWORK LTD,INE424H01027,Owner,SUNTV,Sun TV Network Limited,75.0,75.0,1.0,0.0,0.0,0.0,0.0,0.0,2.0,0.0,0.0,0.0,0.0,0.0,0.0,0.0,0.0,0.0,0.0,0.0,0.0,0.0,0.0,0.0,0.0,0.0,0.0,0.0,0.0,0.0,0.0,0.0,0.0,0.0,0.0,0.0,0.0,75.0,3.0,0.0,0.0,1.0,75.0
COLGATE PALMOLIVE (INDIA),INE259A01022,Mnc,COLPAL,Colgate Palmolive (India) Limited,51.0,0.0,0.0,0.0,0.0,0.0,0.0,0.0,0.0,0.0,0.0,0.0,0.0,0.0,1.0,0.0,2.0,0.0,0.0,0.0,0.0,0.0,0.0,0.0,0.0,0.0,0.0,51.0,3.0,0.0,0.0,0.0,0.0,0.0,0.0,0.0,0.0,0.0,0.0,0.0,51.0,0.0,0.0
EICHER MOTORS LTD,INE066A01021,Owner,EICHERMOT,Eicher Motors Limited,49.06,1.15,2.0,2.2,2.0,0.01,1.0,0.0,0.0,0.0,0.0,0.0,0.0,0.0,1.0,0.0,0.0,0.0,0.0,0.0,0.0,0.0,0.0,0.0,0.0,0.0,0.0,0.0,0.0,45.71,5.0,0.0,0.0,0.0,0.0,0.0,0.0,3.36,5.0,0.0,0.0,2.0,1.15
INDIAN HOTELS CO LTD,INE053A01029,Professional,INDHOTEL,The Indian Hotels Company Limited,38.12,0.0,0.0,0.0,0.0,0.01,1.0,0.0,0.0,0.0,0.0,0.0,0.0,0.0,1.0,0.0,1.0,0.0,0.0,0.0,0.0,0.0,0.0,0.0,0.0,0.0,0.0,0.0,0.0,38.12,10.0,0.0,0.0,0.0,0.0,0.0,0.0,0.01,1.0,0.0,0.0,0.0,0.0
CAN FIN HOMES LTD,INE477A01020,State,CANFINHOME,Can Fin Homes Limited,29.99,0.0,0.0,0.0,0.0,0.0,1.0,0.0,0.0,0.0,0.0,0.0,0.0,0.0,0.0,0.0,0.0,0.0,0.0,0.0,0.0,0.0,0.0,0.0,0.0,0.0,0.0,0.0,0.0,0.0,0.0,0.0,0.0,0.0,0.0,29.99,1.0,0.0,1.0,0.0,0.0,0.0,0.0
PI INDUSTRIES LTD,INE603J01030,Owner,PIIND,PI Industries Limited,46.09,46.09,6.0,0.0,0.0,0.4,3.0,0.0,0.0,0.0,0.0,0.0,0.0,0.0,0.0,0.0,0.0,0.0,0.0,0.0,0.0,0.0,0.0,0.0,0.0,0.0,0.0,0.0,0.0,0.0,0.0,0.0,0.0,0.0,0.0,0.0,0.0,46.49,9.0,0.0,0.0,6.0,46.09
GRASIM INDUSTRIES LTD,INE047A01021,Owner,GRASIM,Grasim Industries Limited,43.22,0.4,8.0,0.0,0.0,0.05,6.0,0.0,1.0,0.0,0.0,0.0,0.0,0.0,1.0,0.0,2.0,0.0,4.0,0.0,0.0,0.0,0.0,0.0,0.0,0.0,0.0,4.6,6.0,38.21,12.0,0.0,0.0,0.0,0.0,0.0,0.0,0.45,15.0,0.0,4.6,8.0,0.4
ALKEM LABORATORIES LTD,INE540L01014,Owner,ALKEM,Alkem Laboratories Limited,51.2,51.2,22.0,0.0,0.0,0.0,1.0,0.0,1.0,0.0,0.0,0.0,0.0,0.0,0.0,0.0,0.0,0.0,0.0,0.0,0.0,0.0,0.0,0.0,0.0,0.0,0.0,0.0,0.0,0.0,0.0,0.0,0.0,0.0,0.0,0.0,0.0,51.2,24.0,0.0,0.0,22.0,51.2
QUESS CORP LTD,INE615P01015,Owner,QUESS,Quess Corp Limited,56.88,11.99,1.0,0.0,0.0,0.2,2.0,0.01,1.0,0.0,0.0,0.09,1.0,0.0,0.0,0.0,0.0,0.0,0.0,0.0,0.0,0.0,0.0,0.0,0.0,0.0,0.0,34.58,2.0,10.3,1.0,0.0,0.0,0.0,0.0,0.0,0.0,12.29,5.0,0.0,34.58,1.0,11.99
AAVAS FINANCIERS LTD,INE216P01012,Professional,AAVAS,Aavas Financiers Limited,48.95,0.0,0.0,0.0,0.0,0.0,1.0,0.93,2.0,0.0,0.0,0.0,0.0,0.0,0.0,0.0,0.0,0.0,0.0,0.0,0.0,0.0,0.0,0.0,0.0,0.0,0.0,48.95,1.0,0.0,0.0,0.0,0.0,0.0,0.0,0.0,0.0,0.93,3.0,0.0,48.95,0.0,0.0
CYIENT LTD,INE136B01020,Owner,CYIENT,Cyient Limited,23.29,4.33,10.0,0.0,0.0,0.0,0.0,0.02,2.0,0.0,0.0,0.0,0.0,0.0,0.0,0.0,0.0,0.0,2.0,0.0,0.0,0.0,0.0,0.0,0.0,0.0,0.0,0.0,0.0,18.95,4.0,0.0,0.0,0.0,0.0,0.0,0.0,4.35,12.0,0.0,0.0,10.0,4.33
DIVI'S LABORATORIES LTD,INE361B01024,Owner,DIVISLAB,Divi's Laboratories Limited,51.88,48.87,5.0,0.0,0.0,0.28,12.0,0.0,0.0,0.0,1.0,0.0,0.0,0.0,0.0,0.0,0.0,0.0,4.0,0.0,0.0,0.0,0.0,0.0,0.0,0.0,0.0,0.0,0.0,3.01,1.0,0.0,0.0,0.0,0.0,0.0,0.0,49.15,18.0,0.0,0.0,5.0,48.87
MOTHERSON SUMI WIRING INDIA,INE0FS801015,Owner,MSUMI,Motherson Sumi Wiring India Limited,61.73,0.52,2.0,2.32,3.0,0.0,1.0,0.0,1.0,0.0,0.0,0.0,0.0,0.0,0.0,0.0,0.0,0.02,2.0,0.0,0.0,0.0,0.0,0.0,0.0,0.0,0.0,25.45,3.0,33.43,1.0,0.0,0.0,0.0,0.0,0.0,0.0,2.84,7.0,0.02,25.45,2.0,0.52
MAHINDRA & MAHINDRA LTD,INE101A01026,Owner,M&M,Mahindra & Mahindra Limited,18.44,0.5,16.0,0.08,2.0,0.05,5.0,0.0,0.0,0.0,0.0,0.0,0.0,0.0,0.0,0.07,1.0,0.0,1.0,0.0,0.0,0.0,0.0,0.0,0.0,0.0,0.0,0.0,0.0,17.85,4.0,0.0,0.0,0.0,0.0,0.0,0.0,0.63,23.0,0.07,0.0,16.0,0.5
ICICI LOMBARD GENERAL INSURA,INE765G01017,Professional,ICICIGI,ICICI Lombard General Insurance Company Limited,51.31,0.0,0.0,0.0,0.0,0.0,3.0,0.05,2.0,0.0,0.0,0.0,0.0,0.0,0.0,0.0,0.0,0.0,1.0,0.0,0.0,0.0,0.0,0.0,0.0,0.0,0.0,0.0,0.0,0.0,1.0,0.0,0.0,0.0,0.0,51.31,1.0,0.05,5.0,0.0,0.0,0.0,0.0
CEAT LTD,INE482A01020,Owner,CEATLTD,CEAT Limited,47.21,0.37,4.0,0.0,0.0,0.01,1.0,0.0,1.0,0.0,0.0,0.0,0.0,0.0,0.0,0.0,1.0,0.0,0.0,0.0,0.0,0.0,0.0,0.0,0.0,0.0,0.0,0.0,0.0,46.84,17.0,0.0,0.0,0.0,0.0,0.0,0.0,0.38,6.0,0.0,0.0,4.0,0.37
THERMAX LTD,INE152A01029,Owner,THERMAX,Thermax Limited,61.98,0.01,1.0,0.0,0.0,0.0,1.0,0.0,1.0,0.0,0.0,0.0,0.0,0.0,0.0,0.0,0.0,0.0,0.0,0.0,0.0,0.0,0.0,0.0,0.0,0.0,0.0,0.0,0.0,61.98,2.0,0.0,0.0,0.0,0.0,0.0,0.0,0.01,3.0,0.0,0.0,1.0,0.01
TORRENT PHARMACEUTICALS LTD,INE685A01028,Owner,TORNTPHARM,Torrent Pharmaceuticals Limited,68.31,0.0,8.0,0.0,0.0,0.66,4.0,0.0,1.0,0.0,0.0,0.0,0.0,0.0,0.0,0.0,0.0,0.0,3.0,0.0,0.0,0.0,0.0,0.0,0.0,0.0,0.0,0.0,0.0,68.31,1.0,0.0,0.0,0.0,0.0,0.0,0.0,0.66,13.0,0.0,0.0,8.0,0.0
PFIZER LIMITED,INE182A01018,Mnc,PFIZER,Pfizer Limited,63.92,0.0,0.0,0.0,0.0,0.0,1.0,0.0,1.0,0.0,0.0,0.0,0.0,0.0,2.0,0.0,0.0,0.0,2.0,0.0,0.0,0.0,0.0,0.0,0.0,0.0,0.0,63.92,7.0,0.0,0.0,0.0,0.0,0.0,0.0,0.0,0.0,0.0,2.0,0.0,63.92,0.0,0.0
ABB INDIA LTD,INE117A01022,Mnc,ABB,ABB India Limited,75.0,0.0,0.0,0.0,0.0,0.0,0.0,0.0,0.0,0.0,0.0,0.0,0.0,0.0,0.0,0.0,0.0,0.0,0.0,0.0,0.0,0.0,0.0,0.0,0.0,0.0,0.0,75.0,1.0,0.0,0.0,0.0,0.0,0.0,0.0,0.0,0.0,0.0,0.0,0.0,75.0,0.0,0.0
INFOSYS LTD,INE009A01021,Professional,INFY,Infosys Limited,14.52,14.52,26.0,0.0,0.0,0.04,1.0,0.01,3.0,0.01,5.0,0.0,0.0,0.0,0.0,0.0,0.0,0.02,7.0,0.0,0.0,0.0,0.0,0.0,0.0,0.0,0.0,0.0,0.0,0.0,0.0,0.0,0.0,0.0,0.0,0.0,0.0,14.579999999999998,35.0,0.02,0.0,26.0,14.52
WIPRO LTD,INE075A01022,Owner,WIPRO,Wipro Limited,72.63,4.42,4.0,0.0,0.0,0.0,0.0,0.0,3.0,0.0,0.0,0.0,0.0,0.0,0.0,0.0,0.0,0.0,7.0,0.0,0.0,0.0,0.0,0.0,0.0,0.0,0.0,0.0,0.0,68.22,7.0,0.0,0.0,0.0,0.0,0.0,0.0,4.42,7.0,0.0,0.0,4.0,4.42
NATCO PHARMA LTD,INE987B01026,Owner,NATCOPHARM,Natco Pharma Limited,49.42,28.06,12.0,0.27,2.0,0.07,7.0,0.0,1.0,0.0,0.0,0.0,0.0,0.0,1.0,0.0,0.0,0.0,0.0,0.0,0.0,0.0,0.0,0.0,0.0,0.0,0.0,0.0,0.0,21.08,8.0,0.0,0.0,0.0,0.0,0.0,0.0,28.4,22.0,0.0,0.0,12.0,28.06
BANDHAN BANK LTD,INE545U01014,Owner,BANDHANBNK,Bandhan Bank Limited,39.74,0.0,0.0,0.0,0.0,0.0,3.0,0.0,1.0,0.0,0.0,0.0,0.0,0.0,0.0,0.0,0.0,0.07,2.0,0.0,0.0,0.0,0.0,0.0,0.0,0.0,0.0,0.0,0.0,39.74,2.0,0.0,0.0,0.0,0.0,0.0,0.0,0.0,4.0,0.07,0.0,0.0,0.0
ASHOK LEYLAND LTD,INE208A01029,Owner,ASHOKLEY,Ashok Leyland Limited,51.51,0.0,0.0,0.0,0.0,0.01,2.0,0.0,0.0,0.0,0.0,0.0,0.0,0.0,0.0,0.01,1.0,0.06,4.0,0.0,0.0,0.0,0.0,0.0,0.0,0.0,0.0,51.51,4.0,0.0,0.0,0.0,0.0,0.0,0.0,0.0,0.0,0.01,2.0,0.06999999999999999,51.51,0.0,0.0
HERO MOTOCORP LTD,INE158A01026,Owner,HEROMOTOCO,Hero MotoCorp Limited,34.73,14.18,15.0,0.0,0.0,0.02,5.0,0.0,0.0,0.0,0.0,0.0,0.0,0.0,0.0,0.0,0.0,0.0,0.0,0.0,0.0,0.0,0.0,0.0,0.0,0.0,0.0,0.0,0.0,20.55,5.0,0.0,0.0,0.0,0.0,0.0,0.0,14.2,20.0,0.0,0.0,15.0,14.18
BHARAT FORGE LTD,INE465A01025,Owner,BHARATFORG,Bharat Forge Limited,44.07,0.34,9.0,0.0,0.0,0.0,5.0,0.0,1.0,0.0,0.0,0.0,0.0,0.0,0.0,0.0,0.0,0.0,0.0,0.0,0.0,0.0,0.0,0.0,0.0,0.0,0.0,0.0,0.0,43.73,18.0,0.0,0.0,0.0,0.0,0.0,0.0,0.34,15.0,0.0,0.0,9.0,0.34
ERIS LIFESCIENCES LTD,INE406M01024,Owner,ERIS,Eris Lifesciences Limited,54.85,54.85,5.0,0.0,0.0,0.0,0.0,0.04,2.0,0.0,0.0,0.0,0.0,0.0,1.0,0.0,0.0,0.0,0.0,0.0,0.0,0.0,0.0,0.0,0.0,0.0,0.0,0.0,0.0,0.0,0.0,0.0,0.0,0.0,0.0,0.0,0.0,54.89,7.0,0.0,0.0,5.0,54.85
PRESTIGE ESTATES PROJECTS,INE811K01011,Owner,PRESTIGE,Prestige Estates Projects Limited,60.94,8.71,9.0,0.0,0.0,0.0,0.0,0.0,0.0,0.0,0.0,0.0,0.0,0.0,1.0,0.0,0.0,0.0,0.0,0.0,0.0,0.0,0.0,0.0,0.0,0.0,0.0,0.0,0.0,52.24,1.0,0.0,0.0,0.0,0.0,0.0,0.0,8.71,9.0,0.0,0.0,9.0,8.71
DR LAL PATHLABS LTD,INE600L01024,Owner,LALPATHLAB,Dr. Lal Path Labs Ltd.,53.21,51.37,3.0,1.84,1.0,0.02,1.0,0.06,2.0,0.0,0.0,0.0,0.0,0.01,1.0,0.0,0.0,0.0,0.0,0.0,0.0,0.0,0.0,0.0,0.0,0.0,0.0,0.0,0.0,0.0,0.0,0.0,0.0,0.0,0.0,0.0,0.0,53.290000000000006,7.0,0.01,0.0,3.0,51.37
HCL TECHNOLOGIES LTD,INE860A01027,Owner,HCLTECH,HCL Technologies Limited,60.81,0.02,3.0,0.0,0.0,0.06,1.0,0.0,2.0,0.0,0.0,0.0,0.0,0.0,3.0,0.0,1.0,0.0,0.0,0.0,0.0,0.0,0.0,0.0,0.0,0.0,0.0,16.46,1.0,44.34,3.0,0.0,0.0,0.0,0.0,0.0,0.0,0.08,6.0,0.0,16.46,3.0,0.02
AMBUJA CEMENTS LTD,INE079A01024,Owner,AMBUJACEM,Ambuja Cements Limited,67.68,0.0,0.0,0.0,0.0,0.0,0.0,0.0,0.0,0.0,0.0,0.0,0.0,0.0,1.0,0.0,0.0,0.0,0.0,0.0,0.0,0.0,0.0,0.0,0.0,0.0,0.0,67.33,3.0,0.35,1.0,0.0,0.0,0.0,0.0,0.0,0.0,0.0,0.0,0.0,67.33,0.0,0.0
ACC LTD,INE012A01025,Owner,ACC,ACC Limited,56.69,0.0,0.0,0.0,0.0,0.0,0.0,0.0,0.0,0.0,0.0,0.0,0.0,0.12,3.0,0.0,0.0,0.03,4.0,0.0,0.0,0.0,0.0,0.0,0.0,0.0,0.0,6.64,2.0,50.05,1.0,0.0,0.0,0.0,0.0,0.0,0.0,0.0,0.0,0.15,6.64,0.0,0.0
ICICI PRUDENTIAL LIFE INSURA,INE726G01019,Professional,ICICIPRULI,ICICI Prudential Life Insurance Company Limited,72.88,0.0,0.0,0.0,0.0,0.0,2.0,0.0,1.0,0.0,0.0,0.0,0.0,0.0,0.0,0.0,0.0,0.0,1.0,0.0,0.0,0.0,0.0,0.0,0.0,0.0,0.0,21.93,1.0,0.0,0.0,0.0,0.0,0.0,0.0,50.95,1.0,0.0,3.0,0.0,21.93,0.0,0.0
FIRSTSOURCE SOLUTIONS LTD,INE684F01012,Owner,FSL,Firstsource Solutions Limited,53.66,0.0,0.0,0.0,0.0,0.0,0.0,0.02,2.0,0.0,0.0,0.0,0.0,0.0,2.0,0.0,0.0,0.0,0.0,0.0,0.0,0.0,0.0,0.0,0.0,0.0,0.0,0.0,0.0,53.66,1.0,0.0,0.0,0.0,0.0,0.0,0.0,0.02,2.0,0.0,0.0,0.0,0.0
IPCA LABORATORIES LTD,INE571A01038,Owner,IPCALAB,IPCA Laboratories Limited,44.72,7.11,9.0,0.0,0.0,0.02,1.0,0.0,1.0,0.0,0.0,0.0,0.0,0.0,0.0,0.0,0.0,0.0,0.0,0.0,0.0,0.0,0.0,0.0,0.0,0.0,0.0,0.0,0.0,37.61,5.0,0.0,0.0,0.0,0.0,0.0,0.0,7.13,11.0,0.0,0.0,9.0,7.11
ZYDUS LIFESCIENCES LTD,INE010B01027,Owner,ZYDUSLIFE,Zydus Lifesciences Limited,75.0,0.03,9.0,0.0,0.0,0.04,6.0,0.0,1.0,0.0,0.0,0.0,0.0,0.0,2.0,0.0,1.0,0.0,0.0,0.0,0.0,0.0,0.0,0.0,0.0,0.0,0.0,0.0,0.0,74.97,3.0,0.0,0.0,0.0,0.0,0.0,0.0,0.07,16.0,0.0,0.0,9.0,0.03
UNITED SPIRITS LTD,INE854D01024,Mnc,UNITDSPR,United Spirits Limited,56.67,0.01,1.0,0.0,0.0,0.0,0.0,0.0,0.0,0.0,0.0,0.0,0.0,0.01,1.0,0.0,0.0,0.0,0.0,0.0,0.0,0.0,0.0,0.0,0.0,0.0,0.0,55.88,1.0,0.79,2.0,0.0,0.0,0.0,0.0,0.0,0.0,0.01,1.0,0.01,55.88,1.0,0.01
AU SMALL FINANCE BANK LTD,INE949L01017,Owner,AUBANK,AU Small Finance Bank Limited,22.79,21.34,3.0,0.0,0.0,1.8,6.0,0.02,2.0,0.01,2.0,0.0,0.0,0.0,0.0,0.0,0.0,0.0,0.0,0.0,0.0,0.0,0.0,0.0,0.0,0.0,0.0,0.0,0.0,1.45,1.0,0.0,0.0,0.0,0.0,0.0,0.0,23.17,13.0,0.0,0.0,3.0,21.34
BOSCH LTD,INE323A01026,Mnc,BOSCHLTD,Bosch Limited,70.54,0.0,0.0,0.0,0.0,0.0,0.0,0.0,0.0,0.0,0.0,0.0,0.0,0.0,0.0,0.0,0.0,0.0,0.0,0.0,0.0,0.0,0.0,0.0,0.0,0.0,0.0,67.76,1.0,2.78,1.0,0.0,0.0,0.0,0.0,0.0,0.0,0.0,0.0,0.0,67.76,0.0,0.0
PNB HOUSING FINANCE LTD,INE572E01012,Professional,PNBHOUSING,PNB Housing Finance Limited,28.04,0.0,0.0,0.0,0.0,0.0,0.0,0.01,3.0,0.0,0.0,0.0,0.0,0.02,2.0,0.0,0.0,0.0,0.0,0.0,0.0,0.0,0.0,0.0,0.0,0.0,0.0,0.0,0.0,0.0,0.0,0.0,0.0,0.0,0.0,28.04,1.0,0.01,3.0,0.02,0.0,0.0,0.0
ADANI TOTAL GAS LTD,INE399L01023,Owner,ATGL,Adani Total Gas Limited,74.8,0.02,4.0,0.0,0.0,0.04,4.0,0.0,1.0,0.0,0.0,0.0,0.0,0.0,0.0,0.0,0.0,0.0,0.0,0.0,0.0,0.0,0.0,0.0,0.0,0.0,0.0,37.4,1.0,37.38,1.0,0.0,0.0,0.0,0.0,0.0,0.0,0.06,9.0,0.0,37.4,4.0,0.02
HDFC LIFE INSURANCE CO LTD,INE795G01014,Professional,HDFCLIFE,HDFC Life Insurance Company Limited,50.21,0.0,0.0,0.0,0.0,0.06,5.0,0.0,1.0,0.0,0.0,0.0,0.0,0.0,0.0,0.0,0.0,0.0,2.0,0.0,0.0,0.0,0.0,0.0,0.0,0.0,0.0,0.0,0.0,0.0,0.0,0.0,0.0,0.0,0.0,50.21,1.0,0.06,6.0,0.0,0.0,0.0,0.0
KAJARIA CERAMICS LTD,INE217B01036,Owner,KAJARIACER,Kajaria Ceramics Limited,47.69,6.8,12.0,0.0,0.0,0.0,1.0,0.0,0.0,0.0,0.0,0.0,0.0,0.0,1.0,0.0,0.0,0.0,0.0,0.0,0.0,0.0,0.0,0.0,0.0,0.0,0.0,0.0,0.0,40.89,4.0,0.0,0.0,0.0,0.0,0.0,0.0,6.8,13.0,0.0,0.0,12.0,6.8
DALMIA BHARAT LTD,INE00R701025,Owner,DALBHARAT,Dalmia Bharat Limited,55.84,0.0,2.0,0.0,0.0,0.01,1.0,0.0,1.0,0.0,0.0,0.0,0.0,0.07,3.0,0.0,0.0,0.06,1.0,0.0,0.0,0.0,0.0,0.0,0.0,0.0,0.0,0.0,0.0,55.84,12.0,0.0,0.0,0.0,0.0,0.0,0.0,0.01,4.0,0.13,0.0,2.0,0.0
ORACLE FINANCIAL SERVICES,INE881D01027,Mnc,OFSS,Oracle Financial Services Software Limited,72.46,0.0,0.0,0.0,0.0,0.14,1.0,0.04,2.0,0.0,0.0,0.0,0.0,0.0,0.0,0.0,0.0,0.0,1.0,0.0,0.0,0.0,0.0,0.0,0.0,0.0,0.0,72.46,1.0,0.0,0.0,0.0,0.0,0.0,0.0,0.0,0.0,0.18000000000000002,3.0,0.0,72.46,0.0,0.0
INDIA CEMENTS LTD,INE383A01012,Owner,INDIACEM,The India Cements Limited,75.0,0.0,0.0,0.0,0.0,0.0,0.0,0.0,1.0,0.0,0.0,0.0,0.0,0.0,0.0,0.0,0.0,0.0,0.0,0.0,0.0,0.0,0.0,0.0,0.0,0.0,0.0,0.0,0.0,75.0,1.0,0.0,0.0,0.0,0.0,0.0,0.0,0.0,1.0,0.0,0.0,0.0,0.0
LEMON TREE HOTELS LTD,INE970X01018,Owner,LEMONTREE,Lemon Tree Hotels Limited,22.28,0.33,2.0,0.0,0.0,0.0,0.0,0.13,1.0,0.0,0.0,0.0,0.0,0.0,0.0,0.0,0.0,0.0,0.0,0.0,0.0,0.0,0.0,0.0,0.0,0.0,0.0,0.0,0.0,21.95,2.0,0.0,0.0,0.0,0.0,0.0,0.0,0.46,3.0,0.0,0.0,2.0,0.33
CREDITACCESS GRAMEEN LTD,INE741K01010,Professional,CREDITACC,CREDITACCESS GRAMEEN LIMITED,66.28,0.0,0.0,0.0,0.0,0.0,1.0,0.03,2.0,0.0,0.0,0.0,0.0,0.0,0.0,0.0,0.0,0.0,0.0,0.0,0.0,0.0,0.0,0.0,0.0,0.0,0.0,66.28,1.0,0.0,0.0,0.0,0.0,0.0,0.0,0.0,0.0,0.03,3.0,0.0,66.28,0.0,0.0
LIC HOUSING FINANCE LTD,INE115A01026,State,LICHSGFIN,LIC Housing Finance Limited,45.24,0.0,0.0,0.0,0.0,0.0,0.0,0.0,0.0,0.0,0.0,0.0,0.0,0.0,0.0,0.0,0.0,0.0,0.0,0.0,0.0,0.0,0.0,0.0,0.0,0.0,0.0,0.0,0.0,0.0,0.0,0.0,0.0,0.0,0.0,45.24,1.0,0.0,0.0,0.0,0.0,0.0,0.0
INTERGLOBE AVIATION LTD,INE646L01027,Owner,INDIGO,InterGlobe Aviation Limited,41.58,0.03,4.0,4.53,1.0,0.0,1.0,0.03,3.0,0.0,0.0,0.0,0.0,0.0,0.0,0.0,0.0,0.0,0.0,0.0,0.0,0.0,0.0,0.0,0.0,0.0,0.0,1.32,1.0,35.69,1.0,0.0,0.0,0.0,0.0,0.0,0.0,4.590000000000001,9.0,0.0,1.32,4.0,0.03
BHARTI AIRTEL LTD,INE397D01024,Owner,BHARTIARTL,Bharti Airtel Limited,48.87,0.0,0.0,0.0,0.0,0.02,1.0,0.0,3.0,0.0,0.0,0.0,0.0,0.0,0.0,0.0,0.0,0.0,5.0,0.0,0.0,0.0,0.0,0.0,0.0,0.0,0.0,8.4,2.0,40.47,1.0,0.0,0.0,0.0,0.0,0.0,0.0,0.02,4.0,0.0,8.4,0.0,0.0
TATA ELXSI LTD,INE670A01012,Professional,TATAELXSI,Tata Elxsi Limited,43.9,0.0,0.0,0.0,0.0,0.0,1.0,0.0,1.0,0.0,0.0,0.0,0.0,0.0,1.0,0.0,0.0,0.0,0.0,0.0,0.0,0.0,0.0,0.0,0.0,0.0,0.0,0.0,0.0,43.9,2.0,0.0,0.0,0.0,0.0,0.0,0.0,0.0,2.0,0.0,0.0,0.0,0.0
SBI LIFE INSURANCE CO LTD,INE123W01016,State,SBILIFE,SBI Life Insurance Company Limited,55.34,0.0,0.0,0.0,0.0,0.0,0.0,0.0,2.0,0.0,0.0,0.0,0.0,0.0,0.0,0.0,0.0,0.0,2.0,0.0,0.0,0.0,0.0,0.0,0.0,0.0,0.0,0.0,0.0,0.0,0.0,0.0,0.0,0.0,0.0,55.34,1.0,0.0,2.0,0.0,0.0,0.0,0.0
AJANTA PHARMA LTD,INE031B01049,Owner,AJANTPHARM,Ajanta Pharma Limited,66.25,56.17,7.0,0.0,0.0,0.0,0.0,0.02,2.0,0.0,0.0,0.0,0.0,0.01,1.0,0.0,0.0,0.0,0.0,0.0,0.0,0.0,0.0,0.0,0.0,0.0,0.0,0.0,0.0,10.08,1.0,0.0,0.0,0.0,0.0,0.0,0.0,56.190000000000005,9.0,0.01,0.0,7.0,56.17
ADITYA BIRLA FASHION AND RET,INE647O01011,Owner,ABFRL,Aditya Birla Fashion and Retail Limited,46.61,0.21,6.0,0.0,0.0,0.04,1.0,0.01,1.0,0.0,0.0,0.0,0.0,0.0,2.0,0.0,1.0,0.0,0.0,0.0,0.0,0.0,0.0,0.0,0.0,0.0,0.0,0.0,0.0,46.4,9.0,0.0,0.0,0.0,0.0,0.0,0.0,0.26,8.0,0.0,0.0,6.0,0.21
SIEMENS LTD,INE003A01024,Mnc,SIEMENS,Siemens Limited,75.0,0.0,0.0,0.0,0.0,0.0,1.0,0.0,0.0,0.0,0.0,0.0,0.0,0.0,1.0,0.0,1.0,0.0,0.0,0.0,0.0,0.0,0.0,0.0,0.0,0.0,0.0,75.0,4.0,0.0,0.0,0.0,0.0,0.0,0.0,0.0,0.0,0.0,1.0,0.0,75.0,0.0,0.0
APOLLO HOSPITALS ENTERPRISE,INE437A01024,Owner,APOLLOHOSP,Apollo Hospitals Enterprise Limited,28.02,9.03,20.0,0.0,0.0,0.0,0.0,0.0,1.0,0.0,0.0,0.0,0.0,0.0,2.0,0.23,1.0,0.0,0.0,0.0,0.0,0.0,0.0,0.0,0.0,0.0,0.0,0.0,0.0,18.99,4.0,0.0,0.0,0.0,0.0,0.0,0.0,9.03,21.0,0.23,0.0,20.0,9.03
EMAMI LTD,INE548C01032,Owner,EMAMILTD,Emami Limited,54.84,6.71,61.0,0.37,5.0,0.0,0.0,0.02,1.0,0.0,0.0,0.0,0.0,0.0,1.0,0.0,0.0,0.0,0.0,0.0,0.0,0.0,0.0,0.0,0.0,0.0,0.0,0.0,0.0,47.76,5.0,0.0,0.0,0.0,0.0,0.0,0.0,7.1,67.0,0.0,0.0,61.0,6.71
CUMMINS INDIA LTD,INE298A01020,Mnc,CUMMINSIND,Cummins India Limited,51.0,0.0,0.0,0.0,0.0,0.0,0.0,0.0,1.0,0.0,0.0,0.0,0.0,0.0,1.0,0.0,0.0,0.0,0.0,0.0,0.0,0.0,0.0,0.0,0.0,0.0,0.0,51.0,1.0,0.0,0.0,0.0,0.0,0.0,0.0,0.0,0.0,0.0,1.0,0.0,51.0,0.0,0.0
HDFC ASSET MANAGEMENT CO LTD,INE127D01025,Professional,HDFCAMC,HDFC Asset Management Company Limited,52.38,0.0,0.0,0.0,0.0,0.19,8.0,0.0,0.0,0.0,0.0,0.0,0.0,0.0,0.0,0.0,0.0,0.0,0.0,0.0,0.0,0.0,0.0,0.0,0.0,0.0,0.0,0.0,0.0,0.0,0.0,0.0,0.0,0.0,0.0,52.38,1.0,0.19,8.0,0.0,0.0,0.0,0.0
DIXON TECHNOLOGIES INDIA LTD,INE935N01020,Owner,DIXON,Dixon Technologies (India) Limited,28.83,9.37,5.0,0.0,0.0,3.36,2.0,0.13,1.0,0.0,0.0,0.0,0.0,0.0,0.0,0.0,0.0,0.0,0.0,0.0,0.0,0.0,0.0,0.0,0.0,0.0,0.0,0.0,0.0,19.46,2.0,0.0,0.0,0.0,0.0,0.0,0.0,12.86,8.0,0.0,0.0,5.0,9.37
FORTIS HEALTHCARE LTD,INE061F01013,Mnc,FORTIS,Fortis Healthcare Limited,31.17,0.0,0.0,0.0,0.0,0.0,0.0,0.0,0.0,0.0,0.0,0.0,0.0,0.0,0.0,0.0,0.0,0.0,1.0,0.0,0.0,0.0,0.0,0.0,0.0,0.0,0.0,31.17,1.0,0.0,0.0,0.0,0.0,0.0,0.0,0.0,0.0,0.0,0.0,0.0,31.17,0.0,0.0
GLENMARK PHARMACEUTICALS LTD,INE935A01035,Owner,GLENMARK,Glenmark Pharmaceuticals Limited,46.65,1.21,5.0,0.0,0.0,0.0,0.0,0.0,0.0,0.01,2.0,0.0,0.0,0.0,0.0,0.0,0.0,0.04,3.0,0.0,0.0,0.0,0.0,0.0,0.0,0.0,0.0,0.0,0.0,45.44,1.0,0.0,0.0,0.0,0.0,0.0,0.0,1.22,7.0,0.04,0.0,5.0,1.21
CASTROL INDIA LTD,INE172A01027,Mnc,CASTROLIND,Castrol India Limited,51.0,0.0,0.0,0.0,0.0,0.0,1.0,0.0,0.0,0.0,0.0,0.0,0.0,0.0,0.0,0.0,0.0,0.0,2.0,0.0,0.0,0.0,0.0,0.0,0.0,0.0,0.0,51.0,1.0,0.0,0.0,0.0,0.0,0.0,0.0,0.0,0.0,0.0,1.0,0.0,51.0,0.0,0.0
IRB INFRASTRUCTURE DEVELOPER,INE821I01022,Owner,IRB,IRB Infrastructure Developers Limited,30.79,0.87,5.0,0.0,0.0,0.0,0.0,0.0,0.0,0.0,0.0,0.0,0.0,0.0,0.0,0.0,0.0,0.01,4.0,0.0,0.0,0.0,0.0,0.0,0.0,0.0,0.0,0.0,0.0,29.92,2.0,0.0,0.0,0.0,0.0,0.0,0.0,0.87,5.0,0.01,0.0,5.0,0.87
GODFREY PHILLIPS INDIA LTD,INE260B01028,Owner,GODFRYPHLP,Godfrey Phillips India Limited,72.58,0.05,6.0,0.0,0.0,0.07,1.0,0.04,2.0,0.0,0.0,0.0,0.0,0.0,0.0,0.02,1.0,0.0,0.0,0.0,0.0,0.0,0.0,0.0,0.0,0.0,0.0,25.1,1.0,47.43,16.0,0.0,0.0,0.0,0.0,0.0,0.0,0.16,9.0,0.02,25.1,6.0,0.05
INDUS TOWERS LTD,INE121J01017,Owner,INDUSTOWER,Indus Towers Limited,51.03,0.0,0.0,0.0,0.0,0.0,2.0,0.0,1.0,0.0,0.0,0.0,0.0,0.0,0.0,0.0,0.0,0.0,0.0,0.0,0.0,0.0,0.0,0.0,0.0,0.0,0.0,0.0,0.0,51.03,1.0,0.0,0.0,0.0,0.0,0.0,0.0,0.0,3.0,0.0,0.0,0.0,0.0
GRANULES INDIA LTD,INE101D01020,Owner,GRANULES,Granules India Limited,38.02,36.24,6.0,0.35,1.0,1.39,3.0,0.0,0.0,0.0,0.0,0.0,0.0,0.0,0.0,0.0,0.0,0.0,0.0,0.0,0.0,0.0,0.0,0.0,0.0,0.0,0.0,0.0,0.0,1.43,1.0,0.0,0.0,0.0,0.0,0.0,0.0,37.980000000000004,10.0,0.0,0.0,6.0,36.24
JUST DIAL LTD,INE599M01018,Owner,JUSTDIAL,Just Dial Limited,74.15,10.31,6.0,0.0,0.0,0.0,0.0,0.01,2.0,0.0,1.0,0.0,0.0,0.0,0.0,0.0,0.0,0.0,0.0,0.0,0.0,0.0,0.0,0.0,0.0,0.0,0.0,0.0,0.0,63.84,1.0,0.0,0.0,0.0,0.0,0.0,0.0,10.32,9.0,0.0,0.0,6.0,10.31
NIPPON LIFE INDIA ASSET MANA,INE298J01013,Mnc,NAM-INDIA,Nippon Life India Asset Management Limited,72.05,0.0,0.0,0.0,0.0,0.0,0.0,0.09,2.0,0.0,0.0,0.0,0.0,0.0,0.0,0.0,0.0,0.0,0.0,0.0,0.0,0.0,0.0,0.0,0.0,0.0,0.0,72.05,1.0,0.0,0.0,0.0,0.0,0.0,0.0,0.0,0.0,0.09,2.0,0.0,72.05,0.0,0.0
ADITYA BIRLA CAPITAL LTD,INE674K01013,Owner,ABCAPITAL,Aditya Birla Capital Limited,68.51,0.13,5.0,0.0,0.0,0.03,7.0,0.02,1.0,0.0,0.0,0.0,0.0,0.0,2.0,0.0,2.0,0.0,2.0,0.0,0.0,0.0,0.0,0.0,0.0,0.0,0.0,2.72,5.0,65.66,13.0,0.0,0.0,0.0,0.0,0.0,0.0,0.18,13.0,0.0,2.72,5.0,0.13
SUN PHARMACEUTICAL INDUS,INE044A01036,Owner,SUNPHARMA,Sun Pharmaceutical Industries Limited,54.48,10.81,6.0,0.0,0.0,0.0,3.0,0.0,1.0,0.02,2.0,0.24,2.0,0.0,4.0,0.0,2.0,0.0,0.0,0.0,0.0,0.0,0.0,0.0,0.0,0.0,0.0,0.0,0.0,43.67,8.0,0.0,0.0,0.0,0.0,0.0,0.0,11.07,14.0,0.0,0.0,6.0,10.81
LUPIN LTD,INE326A01037,Owner,LUPIN,Lupin Limited,46.89,1.25,7.0,0.28,3.0,0.0,1.0,0.0,0.0,0.0,0.0,0.0,0.0,0.0,2.0,0.0,1.0,0.0,0.0,0.0,0.0,0.0,0.0,0.0,0.0,0.0,0.0,0.0,0.0,45.36,2.0,0.0,0.0,0.0,0.0,0.0,0.0,1.53,11.0,0.0,0.0,7.0,1.25
STRIDES PHARMA SCIENCE LTD,INE939A01011,Owner,STAR,Strides Pharma Science Limited,27.86,4.46,10.0,0.0,0.0,0.06,2.0,0.04,2.0,0.0,0.0,0.0,0.0,0.0,0.0,0.0,0.0,0.01,1.0,0.0,0.0,0.0,0.0,0.0,0.0,0.0,0.0,0.0,0.0,23.4,4.0,0.0,0.0,0.0,0.0,0.0,0.0,4.56,14.0,0.01,0.0,10.0,4.46
WOCKHARDT LTD,INE049B01025,Owner,WOCKPHARMA,Wockhardt Limited,49.08,0.73,6.0,0.0,0.0,0.0,0.0,0.01,1.0,0.0,0.0,0.0,0.0,0.02,1.0,0.0,0.0,0.0,0.0,0.0,0.0,0.0,0.0,0.0,0.0,0.0,0.0,0.0,0.0,48.36,8.0,0.0,0.0,0.0,0.0,0.0,0.0,0.74,7.0,0.02,0.0,6.0,0.73
POLYCAB INDIA LTD,INE455K01017,Owner,POLYCAB,Polycab India Limited,61.5,50.03,17.0,0.0,0.0,0.0,1.0,0.0,1.0,0.56,4.0,0.0,0.0,0.0,0.0,0.0,0.0,0.0,0.0,0.0,0.0,0.0,0.0,0.0,0.0,0.0,0.0,0.0,0.0,11.47,14.0,0.0,0.0,0.0,0.0,0.0,0.0,50.59,23.0,0.0,0.0,17.0,50.03
INDIAMART INTERMESH LTD,INE933S01016,Owner,INDIAMART,Indiamart Intermesh Limited,49.12,49.12,18.0,0.0,0.0,0.06,3.0,0.0,1.0,0.0,0.0,0.0,0.0,0.0,0.0,0.0,0.0,0.0,0.0,0.0,0.0,0.0,0.0,0.0,0.0,0.0,0.0,0.0,0.0,0.0,0.0,0.0,0.0,0.0,0.0,0.0,0.0,49.18,22.0,0.0,0.0,18.0,49.12
STERLING AND WILSON RENEWABL,INE00M201021,Owner,SWSOLAR,Sterling and Wilson Renewable Energy Limited,45.72,6.17,6.0,0.13,1.0,0.0,0.0,0.01,2.0,0.0,0.0,0.0,0.0,0.0,0.0,0.0,0.0,0.0,0.0,0.0,0.0,0.0,0.0,0.0,0.0,0.0,0.0,0.0,0.0,39.43,2.0,0.0,0.0,0.0,0.0,0.0,0.0,6.31,9.0,0.0,0.0,6.0,6.17
AFFLE INDIA LTD,INE00WC01027,Owner,AFFLE,Affle 3i Limited,54.92,0.0,0.0,0.0,1.0,0.1,2.0,0.03,2.0,0.0,0.0,0.0,0.0,0.0,0.0,0.0,0.0,0.0,2.0,0.0,0.0,0.0,0.0,0.0,0.0,0.0,0.0,54.92,2.0,0.0,0.0,0.0,0.0,0.0,0.0,0.0,0.0,0.13,5.0,0.0,54.92,0.0,0.0
AIA ENGINEERING LTD,INE212H01026,Owner,AIAENG,AIA Engineering Limited,58.5,58.5,4.0,0.0,0.0,0.0,1.0,0.01,1.0,0.0,0.0,0.0,0.0,0.0,2.0,0.0,0.0,0.0,0.0,0.0,0.0,0.0,0.0,0.0,0.0,0.0,0.0,0.0,0.0,0.0,0.0,0.0,0.0,0.0,0.0,0.0,0.0,58.51,6.0,0.0,0.0,4.0,58.5
APTUS VALUE HOUSING FINANCE,INE852O01025,Owner,APTUS,Aptus Value Housing Finance India Limited,23.87,22.83,3.0,1.03,1.0,0.11,1.0,0.0,1.0,0.0,0.0,0.0,0.0,0.0,0.0,0.0,0.0,0.0,0.0,0.0,0.0,0.0,0.0,0.0,0.0,0.0,0.0,0.0,0.0,0.0,4.0,0.0,0.0,0.0,0.0,0.0,0.0,23.97,6.0,0.0,0.0,3.0,22.83
CARBORUNDUM UNIVERSAL LTD,INE120A01034,Owner,CARBORUNIV,Carborundum Universal Limited,38.9,4.21,31.0,0.03,1.0,0.14,1.0,0.01,1.0,0.0,0.0,0.0,0.0,0.0,0.0,0.0,0.0,0.01,1.0,0.0,0.0,0.0,0.0,0.0,0.0,0.0,0.0,0.0,0.0,34.66,21.0,0.0,0.0,0.0,0.0,0.0,0.0,4.39,34.0,0.01,0.0,31.0,4.21
CENTURY PLYBOARDS INDIA LTD,INE348B01021,Owner,CENTURYPLY,Century Plyboards (India) Limited,71.83,53.77,20.0,0.36,1.0,0.04,5.0,0.0,1.0,0.0,0.0,0.0,0.0,0.0,1.0,0.0,0.0,0.0,0.0,0.0,0.0,0.0,0.0,0.0,0.0,0.0,0.0,0.0,0.0,17.7,6.0,0.0,0.0,0.0,0.0,0.0,0.0,54.17,27.0,0.0,0.0,20.0,53.77
ENDURANCE TECHNOLOGIES LTD,INE913H01037,Owner,ENDURANCE,Endurance Technologies Limited,75.0,30.85,4.0,0.0,0.0,0.0,1.0,0.0,1.0,0.0,0.0,0.0,0.0,0.0,0.0,0.0,0.0,0.0,0.0,0.0,0.0,0.0,0.0,0.0,0.0,0.0,0.0,0.0,0.0,44.15,3.0,0.0,0.0,0.0,0.0,0.0,0.0,30.85,6.0,0.0,0.0,4.0,30.85
FSN E-COMMERCE VENTURES LTD,INE388Y01029,Owner,NYKAA,FSN E-Commerce Ventures Limited,52.1,0.04,3.0,0.0,0.0,0.27,3.0,0.0,0.0,0.0,0.0,0.0,0.0,0.0,0.0,0.0,0.0,0.0,0.0,0.0,0.0,0.0,0.0,0.0,0.0,0.0,0.0,0.0,0.0,52.06,6.0,0.0,0.0,0.0,0.0,0.0,0.0,0.31,6.0,0.0,0.0,3.0,0.04
JYOTHY LABS LTD,INE668F01031,Owner,JYOTHYLAB,Jyothy Labs Limited,62.89,16.89,12.0,0.0,0.0,0.0,1.0,0.0,1.0,0.0,0.0,0.0,0.0,0.01,2.0,0.0,0.0,0.0,0.0,0.0,0.0,0.0,0.0,0.0,0.0,0.0,0.0,0.0,0.0,46.0,4.0,0.0,0.0,0.0,0.0,0.0,0.0,16.89,14.0,0.01,0.0,12.0,16.89
KALYAN JEWELLERS INDIA LTD,INE303R01014,Owner,KALYANKJIL,Kalyan Jewellers India Limited,62.87,60.49,15.0,0.02,1.0,0.0,1.0,0.03,2.0,0.0,0.0,0.0,0.0,0.0,0.0,0.0,0.0,0.0,0.0,0.0,0.0,0.0,0.0,0.0,0.0,0.0,0.0,0.0,0.0,2.35,1.0,0.0,0.0,0.0,0.0,0.0,0.0,60.540000000000006,19.0,0.0,0.0,15.0,60.49
KNR CONSTRUCTIONS LTD,INE634I01029,Owner,KNRCON,KNR Constructions Limited,48.81,48.81,4.0,0.0,0.0,0.0,0.0,0.0,0.0,0.0,0.0,0.0,0.0,0.0,0.0,0.0,0.0,0.0,0.0,0.0,0.0,0.0,0.0,0.0,0.0,0.0,0.0,0.0,0.0,0.0,0.0,0.0,0.0,0.0,0.0,0.0,0.0,48.81,4.0,0.0,0.0,4.0,48.81
MASTEK LTD,INE759A01021,Owner,MASTEK,Mastek Limited,35.77,17.57,4.0,13.37,8.0,9.4,6.0,0.0,0.0,0.0,0.0,0.0,0.0,0.0,0.0,0.0,0.0,0.0,0.0,0.0,0.0,0.0,0.0,0.0,0.0,0.0,0.0,0.0,0.0,4.84,2.0,0.0,0.0,0.0,0.0,0.0,0.0,40.339999999999996,18.0,0.0,0.0,4.0,17.57
PERSISTENT SYSTEMS LTD,INE262H01021,Owner,PERSISTENT,Persistent Systems Limited,30.29,30.29,12.0,0.0,0.0,0.04,2.0,0.0,1.0,0.0,0.0,0.0,0.0,0.0,1.0,0.0,0.0,0.0,0.0,0.0,0.0,0.0,0.0,0.0,0.0,0.0,0.0,0.0,0.0,0.0,0.0,0.0,0.0,0.0,0.0,0.0,0.0,30.33,15.0,0.0,0.0,12.0,30.29
SONA BLW PRECISION FORGINGS,INE073K01018,Owner,SONACOMS,Sona BLW Precision Forgings Limited,28.02,0.0,3.0,0.0,0.0,0.08,2.0,0.0,1.0,0.0,0.0,0.0,0.0,0.0,0.0,0.0,0.0,0.0,0.0,0.0,0.0,0.0,0.0,0.0,0.0,0.0,0.0,0.0,0.0,28.02,3.0,0.0,0.0,0.0,0.0,0.0,0.0,0.08,6.0,0.0,0.0,3.0,0.0
VARROC ENGINEERING LTD,INE665L01035,Owner,VARROC,Varroc Engineering Limited,75.0,39.75,1.0,0.0,0.0,0.0,1.0,0.0,1.0,0.0,0.0,0.0,0.0,0.0,0.0,0.0,0.0,0.0,0.0,0.0,0.0,0.0,0.0,0.0,0.0,0.0,0.0,0.0,0.0,35.25,5.0,0.0,0.0,0.0,0.0,0.0,0.0,39.75,3.0,0.0,0.0,1.0,39.75
WESTLIFE FOODWORLD LTD,INE274F01020,Owner,WESTLIFE,WESTLIFE FOODWORLD LIMITED,56.36,2.08,7.0,0.37,2.0,0.0,0.0,0.0,1.0,0.0,0.0,0.0,0.0,0.0,0.0,0.0,0.0,0.0,0.0,0.0,0.0,0.0,0.0,0.0,0.0,0.0,0.0,2.0,1.0,51.91,8.0,0.0,0.0,0.0,0.0,0.0,0.0,2.45,10.0,0.0,2.0,7.0,2.08
APL APOLLO TUBES LTD,INE702C01027,Owner,APLAPOLLO,APL Apollo Tubes Limited,28.27,1.67,3.0,0.0,0.0,0.01,2.0,0.0,1.0,0.0,0.0,0.0,0.0,0.0,0.0,0.0,0.0,0.0,0.0,0.0,0.0,0.0,0.0,0.0,0.0,0.0,0.0,0.0,0.0,26.6,1.0,0.0,0.0,0.0,0.0,0.0,0.0,1.68,6.0,0.0,0.0,3.0,1.67
ASAHI INDIA GLASS LTD,INE439A01020,Owner,ASAHIINDIA,Asahi India Glass Limited,51.57,15.25,33.0,1.35,5.0,0.0,0.0,0.0,0.0,0.0,0.0,0.0,0.0,0.0,0.0,0.0,0.0,0.0,0.0,0.0,0.0,0.0,0.0,0.0,0.0,0.0,0.0,21.18,1.0,13.8,7.0,0.0,0.0,0.0,0.0,0.0,0.0,16.6,38.0,0.0,21.18,33.0,15.25
RAINBOW CHILDREN'S MEDICARE,INE961O01016,Owner,RAINBOW,Rainbow Childrens Medicare Limited,49.84,43.69,5.0,0.0,0.0,0.0,0.0,0.01,1.0,0.0,0.0,0.0,0.0,0.0,0.0,0.0,0.0,0.0,0.0,0.0,0.0,0.0,0.0,0.0,0.0,0.0,0.0,0.0,0.0,6.15,2.0,0.0,0.0,0.0,0.0,0.0,0.0,43.699999999999996,6.0,0.0,0.0,5.0,43.69
VEDANT FASHIONS LTD,INE825V01034,Owner,MANYAVAR,Vedant Fashions Limited,74.94,17.79,4.0,0.0,0.0,0.0,0.0,0.0,0.0,0.0,0.0,0.0,0.0,0.0,0.0,0.0,0.0,0.0,0.0,0.0,0.0,0.0,0.0,0.0,0.0,0.0,0.0,0.0,0.0,57.15,1.0,0.0,0.0,0.0,0.0,0.0,0.0,17.79,4.0,0.0,0.0,4.0,17.79
KPIT TECHNOLOGIES LTD,INE04I401011,Owner,KPITTECH,KPIT Technologies Limited,39.42,6.89,9.0,0.0,1.0,0.13,6.0,0.03,2.0,0.0,0.0,0.0,0.0,0.0,0.0,0.0,0.0,0.0,1.0,0.0,0.0,0.0,0.0,0.0,0.0,0.0,0.0,0.0,0.0,32.52,2.0,0.0,0.0,0.0,0.0,0.0,0.0,7.05,18.0,0.0,0.0,9.0,6.89
PCBL LTD,INE602A01031,Owner,PCBL,PCBL Chemical Limited,53.38,0.0,0.0,0.0,0.0,0.0,0.0,0.0,0.0,0.0,0.0,0.0,0.0,0.0,0.0,1.19,1.0,0.0,0.0,0.0,0.0,0.0,0.0,0.0,0.0,0.0,0.0,0.0,0.0,53.38,6.0,0.0,0.0,0.0,0.0,0.0,0.0,0.0,0.0,1.19,0.0,0.0,0.0
AETHER INDUSTRIES LTD,INE0BWX01014,Owner,AETHER,Aether Industries Limited,74.95,24.25,11.0,0.08,1.0,0.0,0.0,0.01,3.0,0.0,0.0,0.0,0.0,0.0,0.0,0.0,0.0,0.0,0.0,0.0,0.0,0.0,0.0,0.0,0.0,0.0,0.0,0.0,0.0,50.61,4.0,0.0,0.0,0.0,0.0,0.0,0.0,24.34,15.0,0.0,0.0,11.0,24.25
TECHNO ELECTRIC & ENGINEERIN,INE285K01026,Owner,TECHNOE,Techno Electric & Engineering Company Limited,56.92,0.85,4.0,0.0,0.0,0.0,0.0,0.0,0.0,0.0,0.0,0.0,0.0,0.0,0.0,0.0,0.0,0.0,0.0,0.0,0.0,0.0,0.0,0.0,0.0,0.0,0.0,0.0,0.0,56.08,7.0,0.0,0.0,0.0,0.0,0.0,0.0,0.85,4.0,0.0,0.0,4.0,0.85
SYNGENE INTERNATIONAL LTD,INE398R01022,Owner,SYNGENE,Syngene International Limited,52.68,0.01,2.0,0.0,1.0,0.06,2.0,0.0,1.0,0.0,0.0,0.0,0.0,0.0,0.0,0.0,0.0,0.0,0.0,0.0,0.0,0.0,0.0,0.0,0.0,0.0,0.0,0.0,0.0,52.67,2.0,0.0,0.0,0.0,0.0,0.0,0.0,0.06999999999999999,6.0,0.0,0.0,2.0,0.01
SAREGAMA INDIA LTD,INE979A01025,Owner,SAREGAMA,Saregama India Limited,60.39,0.0,0.0,0.0,0.0,0.88,1.0,0.0,0.0,0.0,0.0,0.0,0.0,0.0,1.0,0.0,1.0,0.0,0.0,0.0,0.0,0.0,0.0,0.0,0.0,0.0,0.0,0.0,0.0,60.39,3.0,0.0,0.0,0.0,0.0,0.0,0.0,0.88,1.0,0.0,0.0,0.0,0.0
ADITYA VISION LTD,INE679V01027,Owner,AVL,Aditya Vision Limited,47.14,47.14,5.0,0.0,0.0,0.0,0.0,0.0,1.0,0.0,0.0,0.0,0.0,0.0,0.0,0.0,0.0,0.0,0.0,0.0,0.0,0.0,0.0,0.0,0.0,0.0,0.0,0.0,0.0,0.0,0.0,0.0,0.0,0.0,0.0,0.0,0.0,47.14,6.0,0.0,0.0,5.0,47.14
KPR MILL LTD,INE930H01031,Owner,KPRMILL,K.P.R. Mill Limited,67.52,66.07,9.0,0.0,0.0,0.0,0.0,0.0,0.0,0.0,2.0,0.0,0.0,0.01,1.0,0.0,0.0,0.0,0.0,0.0,0.0,0.0,0.0,0.0,0.0,0.0,0.0,0.0,0.0,1.45,1.0,0.0,0.0,0.0,0.0,0.0,0.0,66.07,11.0,0.01,0.0,9.0,66.07
MTAR TECHNOLOGIES LTD,INE864I01014,Owner,MTARTECH,Mtar Technologies Limited,30.44,30.4,13.0,0.0,0.0,0.0,0.0,0.0,0.0,0.0,0.0,0.0,0.0,0.0,0.0,0.0,0.0,0.0,0.0,0.0,0.0,0.0,0.0,0.0,0.0,0.0,0.0,0.0,0.0,0.04,1.0,0.0,0.0,0.0,0.0,0.0,0.0,30.4,13.0,0.0,0.0,13.0,30.4
UNO MINDA LTD,INE405E01023,Owner,UNOMINDA,UNO Minda Limited,68.41,37.75,8.0,0.0,0.0,0.08,3.0,0.01,2.0,0.0,0.0,0.0,0.0,0.0,0.0,0.0,0.0,0.0,1.0,0.0,0.0,0.0,0.0,0.0,0.0,0.0,0.0,0.0,0.0,30.66,6.0,0.0,0.0,0.0,0.0,0.0,0.0,37.839999999999996,13.0,0.0,0.0,8.0,37.75
GMM PFAUDLER LTD,INE541A01023,Owner,GMMPFAUDLR,GMM Pfaudler Limited,25.18,8.59,7.0,0.0,0.0,0.0,0.0,0.0,0.0,0.0,0.0,0.0,0.0,0.0,0.0,0.0,0.0,0.0,0.0,0.0,0.0,0.0,0.0,0.0,0.0,0.0,0.0,0.0,0.0,16.59,4.0,0.0,0.0,0.0,0.0,0.0,0.0,8.59,7.0,0.0,0.0,7.0,8.59
CCL PRODUCTS INDIA LTD,INE421D01022,Owner,CCL,CCL Products (India) Limited,46.11,46.11,5.0,0.0,0.0,0.0,0.0,0.08,2.0,0.67,6.0,0.0,0.0,0.0,0.0,0.0,0.0,0.0,0.0,0.0,0.0,0.0,0.0,0.0,0.0,0.0,0.0,0.0,0.0,0.0,0.0,0.0,0.0,0.0,0.0,0.0,0.0,46.86,13.0,0.0,0.0,5.0,46.11
CERA SANITARYWARE LTD,INE739E01017,Owner,CERA,Cera Sanitaryware Limited,54.41,21.72,4.0,0.0,0.0,0.11,2.0,0.0,2.0,0.0,0.0,0.0,0.0,0.0,0.0,0.0,0.0,0.0,0.0,0.0,0.0,0.0,0.0,0.0,0.0,0.0,0.0,0.0,0.0,32.69,5.0,0.0,0.0,0.0,0.0,0.0,0.0,21.83,8.0,0.0,0.0,4.0,21.72
SHRIRAM FINANCE LTD,INE721A01047,Owner,SHRIRAMFIN,Shriram Finance Limited,20.3,0.0,0.0,0.0,0.0,0.01,6.0,0.0,3.0,0.0,0.0,0.0,0.0,0.0,0.0,0.0,0.0,0.0,2.0,0.0,0.0,0.0,0.0,0.0,0.0,0.33,1.0,0.0,0.0,19.97,3.0,0.0,0.0,0.0,0.0,0.0,1.0,0.01,9.0,0.0,0.33,0.0,0.0
TUBE INVESTMENTS OF INDIA LT,INE974X01010,Owner,TIINDIA,Tube Investments of India Limited,44.05,4.17,32.0,0.01,1.0,0.01,1.0,0.0,0.0,0.0,0.0,0.0,0.0,0.0,0.0,0.0,0.0,0.45,1.0,0.0,0.0,0.0,0.0,0.0,0.0,0.0,0.0,0.0,0.0,39.88,25.0,0.0,0.0,0.0,0.0,0.0,0.0,4.1899999999999995,34.0,0.45,0.0,32.0,4.17
SAMVARDHANA MOTHERSON INTERN,INE775A01035,Owner,MOTHERSON,Samvardhana Motherson International Limited,48.6,0.54,3.0,13.02,3.0,0.01,2.0,0.0,1.0,0.0,0.0,0.0,0.0,0.0,0.0,0.0,0.0,0.0,2.0,0.0,0.0,0.0,0.0,0.0,0.0,0.0,0.0,8.26,2.0,26.78,3.0,0.0,0.0,0.0,0.0,0.0,0.0,13.569999999999999,9.0,0.0,8.26,3.0,0.54
SBI CARDS & PAYMENT SERVICES,INE018E01016,State,SBICARD,SBI Cards and Payment Services Limited,68.58,0.0,0.0,0.0,0.0,0.0,0.0,0.0,1.0,0.0,0.0,0.0,0.0,0.0,0.0,0.0,1.0,0.0,0.0,0.0,0.0,0.0,0.0,0.0,0.0,0.0,0.0,0.0,0.0,0.0,1.0,0.0,0.0,0.0,0.0,68.58,1.0,0.0,1.0,0.0,0.0,0.0,0.0
TITAGARH RAIL SYSTEM LTD,INE615H01020,Owner,TITAGARH,TITAGARH RAIL SYSTEMS LIMITED,40.46,7.65,5.0,0.0,0.0,0.09,4.0,0.06,2.0,0.0,0.0,0.0,0.0,0.01,4.0,0.0,0.0,0.0,0.0,0.0,0.0,0.0,0.0,0.0,0.0,0.0,0.0,0.0,0.0,32.81,3.0,0.0,0.0,0.0,0.0,0.0,0.0,7.8,11.0,0.01,0.0,5.0,7.65
PRUDENT CORPORATE ADVISORY S,INE00F201020,Owner,PRUDENT,Prudent Corporate Advisory Services Limited,55.31,55.31,8.0,0.0,0.0,2.3,6.0,0.0,1.0,0.0,0.0,0.0,0.0,0.0,0.0,0.0,0.0,0.0,0.0,0.0,0.0,0.0,0.0,0.0,0.0,0.0,0.0,0.0,0.0,0.0,1.0,0.0,0.0,0.0,0.0,0.0,0.0,57.61,15.0,0.0,0.0,8.0,55.31
KAYNES TECHNOLOGY INDIA LTD,INE918Z01012,Owner,KAYNES,Kaynes Technology India Limited,53.46,53.46,3.0,0.0,0.0,0.0,0.0,0.0,2.0,0.0,0.0,0.0,0.0,0.0,1.0,0.0,0.0,0.0,0.0,0.0,0.0,0.0,0.0,0.0,0.0,0.0,0.0,0.0,0.0,0.0,0.0,0.0,0.0,0.0,0.0,0.0,0.0,53.46,5.0,0.0,0.0,3.0,53.46
SYRMA SGS TECHNOLOGY LTD,INE0DYJ01015,Owner,SYRMA,Syrma SGS Technology Limited,42.72,7.12,2.0,0.0,0.0,0.0,0.0,0.06,2.0,0.0,0.0,0.0,0.0,0.0,1.0,0.0,0.0,0.0,0.0,0.0,0.0,0.0,0.0,0.0,0.0,0.0,0.0,0.0,0.0,35.6,2.0,0.0,0.0,0.0,0.0,0.0,0.0,7.18,4.0,0.0,0.0,2.0,7.12
CG POWER AND INDUSTRIAL SOLU,INE067A01029,Owner,CGPOWER,CG Power and Industrial Solutions Limited,56.36,0.04,14.0,0.0,0.0,0.0,0.0,0.0,1.0,0.0,0.0,0.0,0.0,0.0,2.0,0.0,0.0,0.0,1.0,0.0,0.0,0.0,0.0,0.0,0.0,0.0,0.0,0.0,0.0,56.32,6.0,0.0,0.0,0.0,0.0,0.0,0.0,0.04,15.0,0.0,0.0,14.0,0.04
MAX HEALTHCARE INSTITUTE LTD,INE027H01010,Owner,MAXHEALTH,Max Healthcare Institute Limited,23.72,23.72,2.0,0.0,0.0,0.0,0.0,0.03,1.0,0.0,0.0,0.0,0.0,0.0,2.0,0.0,0.0,0.0,0.0,0.0,0.0,0.0,0.0,0.0,0.0,0.0,0.0,0.0,0.0,0.0,0.0,0.0,0.0,0.0,0.0,0.0,0.0,23.75,3.0,0.0,0.0,2.0,23.72
RELIANCE INDUSTRIES LTD,INE002A01018,Owner,RELIANCE,Reliance Industries Limited,50.01,0.84,6.0,0.0,0.0,0.15,14.0,0.01,1.0,0.0,6.0,0.0,0.0,0.09,62.0,0.0,1.0,0.0,13.0,0.0,0.0,0.0,0.0,0.0,0.0,0.0,0.0,0.0,0.0,49.16,40.0,0.01,1.0,0.0,0.0,0.0,0.0,1.0,27.0,0.09,0.0,6.0,0.84
AVALON TECHNOLOGIES LTD,INE0LCL01028,Owner,AVALON,Avalon Technologies Limited,44.43,23.01,3.0,9.39,1.0,0.0,0.0,0.01,1.0,0.0,0.0,0.0,0.0,0.0,0.0,0.0,0.0,0.0,0.0,0.0,0.0,0.0,0.0,0.0,0.0,0.0,0.0,6.06,3.0,5.96,4.0,0.0,0.0,0.0,0.0,0.0,0.0,32.410000000000004,5.0,0.0,6.06,3.0,23.01
KFIN TECHNOLOGIES LTD,INE138Y01010,Professional,KFINTECH,Kfin Technologies Limited,22.87,0.0,0.0,0.0,0.0,0.0,0.0,0.0,0.0,0.0,0.0,0.0,0.0,0.0,0.0,0.0,0.0,0.0,0.0,0.0,0.0,0.0,0.0,0.0,0.0,0.0,0.0,22.87,2.0,0.0,0.0,0.0,0.0,0.0,0.0,0.0,0.0,0.0,0.0,0.0,22.87,0.0,0.0
ARCHEAN CHEMICAL INDUSTRIES,INE128X01021,Owner,ACI,Archean Chemical Industries Limited,53.43,22.9,1.0,0.0,0.0,0.11,2.0,0.0,0.0,0.0,0.0,0.0,0.0,0.0,0.0,0.0,0.0,0.0,0.0,0.0,0.0,0.0,0.0,0.0,0.0,0.0,0.0,0.0,0.0,30.53,1.0,0.0,0.0,0.0,0.0,0.0,0.0,23.009999999999998,3.0,0.0,0.0,1.0,22.9
FIVE-STAR BUSINESS FINANCE L,INE128S01021,Owner,FIVESTAR,Five-Star Business Finance Limited,18.56,18.56,9.0,0.0,0.0,0.0,0.0,0.42,2.0,0.0,0.0,0.0,0.0,0.0,0.0,0.0,0.0,0.0,1.0,0.0,0.0,0.0,0.0,0.0,0.0,0.0,0.0,0.0,0.0,0.0,0.0,0.0,0.0,0.0,0.0,0.0,0.0,18.98,11.0,0.0,0.0,9.0,18.56
BIKAJI FOODS INTERNATIONAL L,INE00E101023,Owner,BIKAJI,Bikaji Foods International Limited,73.88,73.88,10.0,0.0,0.0,0.0,0.0,0.03,4.0,0.0,0.0,0.0,0.0,0.0,0.0,0.0,0.0,0.0,0.0,0.0,0.0,0.0,0.0,0.0,0.0,0.0,0.0,0.0,0.0,0.0,0.0,0.0,0.0,0.0,0.0,0.0,0.0,73.91,14.0,0.0,0.0,10.0,73.88
GLOBAL HEALTH LTD/INDIA,INE474Q01031,Owner,MEDANTA,Global Health Limited,33.01,33.01,1.0,0.0,0.0,10.84,3.0,0.0,0.0,0.0,0.0,0.0,0.0,0.0,0.0,0.0,0.0,0.0,0.0,0.0,0.0,0.0,0.0,0.0,0.0,0.0,0.0,0.0,0.0,0.0,0.0,0.0,0.0,0.0,0.0,0.0,0.0,43.849999999999994,4.0,0.0,0.0,1.0,33.01
PARADEEP PHOSPHATES LTD,INE088F01024,Owner,PARADEEP,Paradeep Phosphates Limited,57.7,0.09,3.0,0.25,1.0,0.0,0.0,0.02,3.0,0.0,0.0,0.0,0.0,0.0,1.0,0.1,1.0,0.0,0.0,0.0,0.0,0.0,0.0,0.0,0.0,0.0,0.0,0.0,0.0,57.36,4.0,0.0,0.0,0.0,0.0,0.0,0.0,0.36,7.0,0.1,0.0,3.0,0.09
CAMPUS ACTIVEWEAR LTD,INE278Y01022,Owner,CAMPUS,Campus Activewear Limited,72.11,68.13,3.0,0.0,0.0,0.0,0.0,0.01,2.0,0.0,0.0,0.0,0.0,0.0,0.0,0.0,0.0,0.0,0.0,0.0,0.0,0.0,0.0,0.0,0.0,0.0,0.0,0.0,0.0,3.98,2.0,0.0,0.0,0.0,0.0,0.0,0.0,68.14,5.0,0.0,0.0,3.0,68.13
DATA PATTERNS INDIA LTD,INE0IX101010,Owner,DATAPATTNS,Data Patterns (India) Limited,42.41,42.41,3.0,0.0,0.0,3.81,2.0,1.04,1.0,0.0,0.0,0.0,0.0,0.0,0.0,0.0,0.0,0.0,0.0,0.0,0.0,0.0,0.0,0.0,0.0,0.0,0.0,0.0,0.0,0.0,0.0,0.0,0.0,0.0,0.0,0.0,0.0,47.26,6.0,0.0,0.0,3.0,42.41
MEDPLUS HEALTH SERVICES LTD,INE804L01022,Owner,MEDPLUS,Medplus Health Services Limited,40.29,12.81,1.0,0.0,0.0,0.0,0.0,0.0,0.0,0.0,0.0,0.0,0.0,0.0,0.0,0.0,0.0,0.0,0.0,0.0,0.0,0.0,0.0,0.0,0.0,0.0,0.0,0.0,0.0,27.48,2.0,0.0,0.0,0.0,0.0,0.0,0.0,12.81,1.0,0.0,0.0,1.0,12.81
CE INFO SYSTEMS LTD,INE0BV301023,Owner,MAPMYINDIA,C.E. Info Systems Limited,51.36,51.36,6.0,0.0,0.0,0.0,0.0,0.0,0.0,0.0,0.0,0.0,0.0,0.0,1.0,0.0,0.0,0.0,0.0,0.0,0.0,0.0,0.0,0.0,0.0,0.0,0.0,0.0,0.0,0.0,0.0,0.0,0.0,0.0,0.0,0.0,0.0,51.36,6.0,0.0,0.0,6.0,51.36
RATEGAIN TRAVEL TECHNOLOGIES,INE0CLI01024,Owner,RATEGAIN,Rategain Travel Technologies Limited,48.54,48.54,3.0,0.0,0.0,0.0,0.0,0.0,0.0,0.0,0.0,0.0,0.0,0.0,0.0,0.0,0.0,0.0,0.0,0.0,0.0,0.0,0.0,0.0,0.0,0.0,0.0,0.0,0.0,0.0,0.0,0.0,0.0,0.0,0.0,0.0,0.0,48.54,3.0,0.0,0.0,3.0,48.54
ANAND RATHI WEALTH LTD,INE463V01026,Owner,ANANDRATHI,Anand Rathi Wealth Limited,43.11,20.29,8.0,0.17,3.0,0.04,2.0,0.02,1.0,0.0,0.0,0.0,0.0,0.0,0.0,0.0,0.0,0.0,0.0,0.0,0.0,0.0,0.0,0.0,0.0,0.0,0.0,0.0,0.0,22.65,7.0,0.0,0.0,0.0,0.0,0.0,0.0,20.52,14.0,0.0,0.0,8.0,20.29
TEGA INDUSTRIES LTD,INE011K01018,Owner,TEGA,Tega Industries Limited,67.27,17.36,4.0,0.0,0.0,0.04,1.0,0.0,2.0,0.0,0.0,0.0,0.0,0.0,0.0,0.0,0.0,0.0,0.0,0.0,0.0,0.0,0.0,0.0,0.0,0.0,0.0,0.0,0.0,49.91,4.0,0.0,0.0,0.0,0.0,0.0,0.0,17.4,7.0,0.0,0.0,4.0,17.36
STAR HEALTH & ALLIED INSURAN,INE575P01011,Professional,STARHEALTH,Star Health and Allied Insurance Company Limited,57.98,17.12,3.0,0.0,0.0,0.24,1.0,0.13,3.0,0.0,0.0,0.0,0.0,0.0,0.0,0.0,0.0,0.0,0.0,0.0,0.0,0.0,0.0,0.0,0.0,0.0,0.0,0.0,0.0,40.86,4.0,0.0,0.0,0.0,0.0,0.0,0.0,17.49,7.0,0.0,0.0,3.0,17.12
LATENT VIEW ANALYTICS LTD,INE0I7C01011,Owner,LATENTVIEW,Latent View Analytics Limited,65.1,65.1,2.0,0.0,0.0,0.0,0.0,0.04,2.0,0.0,0.0,0.0,0.0,0.0,1.0,0.0,0.0,0.0,0.0,0.0,0.0,0.0,0.0,0.0,0.0,0.0,0.0,0.0,0.0,0.0,0.0,0.0,0.0,0.0,0.0,0.0,0.0,65.14,4.0,0.0,0.0,2.0,65.1
SAPPHIRE FOODS INDIA LTD,INE806T01020,Professional,SAPPHIRE,Sapphire Foods India Limited,26.07,0.0,0.0,0.0,0.0,0.5,1.0,0.0,1.0,0.0,0.0,0.0,0.0,0.0,0.0,0.0,0.0,0.0,0.0,0.0,0.0,0.0,0.0,0.0,0.0,0.0,0.0,23.81,1.0,2.25,1.0,0.0,0.0,0.0,0.0,0.0,0.0,0.5,2.0,0.0,23.81,0.0,0.0
ADITYA BIRLA SUN LIFE AMC LT,INE404A01024,Owner,ABSLAMC,Aditya Birla Sun Life AMC Limited,74.82,0.0,2.0,0.0,0.0,0.01,1.0,0.0,0.0,0.0,1.0,0.0,0.0,0.0,0.0,0.0,0.0,0.03,1.0,0.0,0.0,0.0,0.0,0.0,0.0,0.0,0.0,29.93,1.0,44.89,1.0,0.0,0.0,0.0,0.0,0.0,0.0,0.01,4.0,0.03,29.93,2.0,0.0
VIJAYA DIAGNOSTIC CENTRE PVT,INE043W01024,Owner,VIJAYA,Vijaya Diagnostic Centre Limited,52.51,52.51,10.0,0.0,0.0,0.0,1.0,0.0,0.0,0.0,0.0,0.0,0.0,0.0,0.0,0.0,0.0,0.0,0.0,0.0,0.0,0.0,0.0,0.0,0.0,0.0,0.0,0.0,0.0,0.0,0.0,0.0,0.0,0.0,0.0,0.0,0.0,52.51,11.0,0.0,0.0,10.0,52.51
CLEAN SCIENCE & TECHNOLOGY L,INE227W01023,Owner,CLEAN,Clean Science and Technology Limited,50.96,50.96,17.0,0.0,0.0,0.0,0.0,0.0,1.0,0.0,0.0,0.0,0.0,0.01,1.0,0.0,0.0,0.0,0.0,0.0,0.0,0.0,0.0,0.0,0.0,0.0,0.0,0.0,0.0,0.0,6.0,0.0,0.0,0.0,0.0,0.0,0.0,50.96,18.0,0.01,0.0,17.0,50.96
KRISHNA INSTITUTE OF MEDICAL,INE967H01025,Owner,KIMS,Krishna Institute of Medical Sciences Limited,34.11,28.06,5.0,0.0,0.0,4.34,2.0,0.0,1.0,0.0,0.0,0.0,0.0,0.0,0.0,0.0,0.0,0.0,0.0,0.0,0.0,0.0,0.0,0.0,0.0,0.0,0.0,0.0,0.0,6.05,1.0,0.0,0.0,0.0,0.0,0.0,0.0,32.4,8.0,0.0,0.0,5.0,28.06
NUVOCO VISTAS CORP LTD,INE118D01016,Owner,NUVOCO,Nuvoco Vistas Corporation Limited,72.02,11.86,7.0,0.0,0.0,0.0,0.0,0.0,0.0,0.0,0.0,0.0,0.0,0.0,0.0,0.0,1.0,0.0,0.0,0.0,0.0,0.0,0.0,0.0,0.0,0.0,0.0,0.0,0.0,60.16,1.0,0.0,0.0,0.0,0.0,0.0,0.0,11.86,7.0,0.0,0.0,7.0,11.86
MACROTECH DEVELOPERS LTD,INE670K01029,Owner,LODHA,Lodha Developers Limited,71.85,0.0,0.0,0.0,0.0,0.03,2.0,0.0,1.0,0.0,0.0,0.0,0.0,0.0,1.0,0.0,0.0,0.0,0.0,0.0,0.0,0.0,0.0,0.0,0.0,0.0,0.0,0.0,0.0,71.85,5.0,0.0,0.0,0.0,0.0,0.0,0.0,0.03,3.0,0.0,0.0,0.0,0.0
NAZARA TECHNOLOGIES LTD,INE418L01047,Owner,NAZARA,Nazara Technologies Limited,35.46,11.35,13.0,0.0,0.0,0.0,0.0,0.0,1.0,0.0,0.0,0.0,0.0,0.0,1.0,0.0,0.0,0.0,0.0,0.0,0.0,0.0,0.0,0.0,0.0,0.0,0.0,0.0,0.0,24.1,4.0,0.0,0.0,0.0,0.0,0.0,0.0,11.35,14.0,0.0,0.0,13.0,11.35
CRAFTSMAN AUTOMATION LTD,INE00LO01017,Owner,CRAFTSMAN,Craftsman Automation Limited,48.7,48.7,5.0,0.0,0.0,0.0,0.0,0.0,2.0,0.0,0.0,0.0,0.0,0.0,0.0,0.0,0.0,0.0,0.0,0.0,0.0,0.0,0.0,0.0,0.0,0.0,0.0,0.0,0.0,0.0,0.0,0.0,0.0,0.0,0.0,0.0,0.0,48.7,7.0,0.0,0.0,5.0,48.7
LAXMI ORGANIC INDUSTRIES LTD,INE576O01020,Owner,LXCHEM,Laxmi Organic Industries Limited,69.35,67.66,6.0,0.0,0.0,0.0,0.0,0.0,0.0,0.27,2.0,0.0,0.0,0.0,0.0,0.0,0.0,0.0,0.0,0.0,0.0,0.0,0.0,0.0,0.0,0.0,0.0,0.0,0.0,1.7,1.0,0.0,0.0,0.0,0.0,0.0,0.0,67.92999999999999,8.0,0.0,0.0,6.0,67.66
ANUPAM RASAYAN INDIA LTD,INE930P01018,Owner,ANURAS,Anupam Rasayan India Limited,59.07,20.93,6.0,0.0,0.0,0.01,1.0,0.03,3.0,0.0,0.0,0.0,0.0,0.0,1.0,0.0,0.0,0.0,0.0,0.0,0.0,0.0,0.0,0.0,0.0,0.0,0.0,31.8,1.0,6.34,1.0,0.0,0.0,0.0,0.0,0.0,0.0,20.970000000000002,10.0,0.0,31.8,6.0,20.93
INDIGO PAINTS LTD,INE09VQ01012,Owner,INDIGOPNTS,Indigo Paints Limited,53.88,43.48,3.0,0.0,0.0,0.03,2.0,0.02,1.0,0.0,0.0,0.0,0.0,0.0,0.0,0.0,0.0,0.0,0.0,0.0,0.0,0.0,0.0,0.0,0.0,0.0,0.0,0.0,0.0,10.4,1.0,0.0,0.0,0.0,0.0,0.0,0.0,43.53,6.0,0.0,0.0,3.0,43.48
GLAND PHARMA LTD,INE068V01023,Owner,GLAND,Gland Pharma Limited,51.83,0.0,0.0,0.0,0.0,0.0,0.0,0.0,0.0,0.0,0.0,0.0,0.0,0.0,2.0,0.0,0.0,0.0,0.0,0.0,0.0,0.0,0.0,0.0,0.0,0.0,0.0,51.83,5.0,0.0,0.0,0.0,0.0,0.0,0.0,0.0,0.0,0.0,0.0,0.0,51.83,0.0,0.0
HAPPIEST MINDS TECHNOLOGIES,INE419U01012,Owner,HAPPSTMNDS,Happiest Minds Technologies Limited,44.21,32.42,5.0,0.0,0.0,0.64,6.0,0.03,2.0,0.0,0.0,0.0,0.0,0.0,0.0,0.0,0.0,0.0,1.0,0.0,0.0,0.0,0.0,0.0,0.0,0.0,0.0,0.0,0.0,11.79,1.0,0.0,0.0,0.0,0.0,0.0,0.0,33.09,13.0,0.0,0.0,5.0,32.42
CSB BANK LTD,INE679A01013,Professional,CSBBANK,CSB Bank Limited,40.0,0.0,0.0,0.0,0.0,0.0,0.0,0.0,0.0,0.0,0.0,0.0,0.0,0.0,0.0,0.0,0.0,0.0,0.0,0.0,0.0,0.0,0.0,0.0,0.0,0.0,0.0,40.0,1.0,0.0,0.0,0.0,0.0,0.0,0.0,0.0,0.0,0.0,0.0,0.0,40.0,0.0,0.0
RESTAURANT BRANDS ASIA LTD,INE07T201019,Professional,RBA,Restaurant Brands Asia Limited,11.26,0.0,0.0,0.0,0.0,0.0,0.0,0.32,2.0,0.0,0.0,0.0,0.0,0.0,0.0,0.0,0.0,0.0,0.0,0.0,0.0,0.0,0.0,0.0,0.0,0.0,0.0,11.26,2.0,0.0,0.0,0.0,0.0,0.0,0.0,0.0,0.0,0.32,2.0,0.0,11.26,0.0,0.0
SHYAM METALICS & ENERGY LTD,INE810G01011,Owner,SHYAMMETL,Shyam Metalics and Energy Limited,74.59,9.62,9.0,0.0,0.0,0.0,0.0,0.0,0.0,0.0,0.0,0.0,0.0,0.0,0.0,0.0,0.0,0.0,0.0,0.0,0.0,0.0,0.0,0.0,0.0,0.0,0.0,0.0,0.0,64.97,6.0,0.0,0.0,0.0,0.0,0.0,0.0,9.62,9.0,0.0,0.0,9.0,9.62
METROPOLIS HEALTHCARE LTD,INE112L01020,Owner,METROPOLIS,Metropolis Healthcare Limited,48.87,0.35,2.0,0.0,0.0,0.0,0.0,0.07,2.0,0.0,0.0,0.0,0.0,0.0,0.0,0.0,0.0,0.0,0.0,0.0,0.0,0.0,0.0,0.0,0.0,0.0,0.0,0.0,0.0,48.51,3.0,0.0,0.0,0.0,0.0,0.0,0.0,0.42,4.0,0.0,0.0,2.0,0.35
SENCO GOLD LTD,INE602W01027,Owner,SENCO,Senco Gold Limited,64.46,16.46,3.0,0.0,0.0,0.0,0.0,0.03,1.0,0.0,0.0,0.0,0.0,0.0,0.0,0.0,0.0,0.0,0.0,0.0,0.0,0.0,0.0,0.0,0.0,0.0,0.0,0.0,0.0,48.01,2.0,0.0,0.0,0.0,0.0,0.0,0.0,16.490000000000002,4.0,0.0,0.0,3.0,16.46
SANSERA ENGINEERING LTD,INE953O01021,Owner,SANSERA,Sansera Engineering Limited,30.18,30.13,8.0,0.0,0.0,0.0,0.0,0.44,2.0,0.0,0.0,0.0,0.0,0.06,1.0,0.0,0.0,0.0,0.0,0.0,0.0,0.0,0.0,0.0,0.0,0.0,0.0,0.0,0.0,0.04,1.0,0.0,0.0,0.0,0.0,0.0,0.0,30.57,10.0,0.06,0.0,8.0,30.13
CHALET HOTELS LTD,INE427F01016,Owner,CHALET,Chalet Hotels Limited,67.33,13.01,4.0,0.0,0.0,0.12,1.0,0.01,1.0,0.0,0.0,0.0,0.0,0.0,0.0,0.0,0.0,0.0,0.0,0.0,0.0,0.0,0.0,0.0,0.0,0.0,0.0,0.0,0.0,54.32,11.0,0.0,0.0,0.0,0.0,0.0,0.0,13.139999999999999,6.0,0.0,0.0,4.0,13.01
JIO FINANCIAL SERVICES LTD,INE758E01017,Owner,JIOFIN,Jio Financial Services Limited,47.12,0.88,6.0,0.0,0.0,0.0,5.0,0.0,1.0,0.0,6.0,0.0,0.0,0.08,39.0,0.0,1.0,0.01,12.0,0.0,0.0,0.0,0.0,0.0,0.0,0.0,0.0,0.0,0.0,46.24,40.0,0.0,0.0,0.0,0.0,0.0,0.0,0.88,18.0,0.09,0.0,6.0,0.88
ADANI ENERGY SOLUTIONS LTD,INE931S01010,Owner,ADANIENSOL,Adani Energy Solutions Limited,72.73,0.0,2.0,0.0,0.0,0.01,2.0,0.0,2.0,0.0,0.0,0.0,0.0,0.0,0.0,0.0,0.0,0.0,0.0,0.0,0.0,0.0,0.0,0.0,0.0,0.0,0.0,12.98,5.0,59.74,3.0,0.0,0.0,0.0,0.0,0.0,0.0,0.01,6.0,0.0,12.98,2.0,0.0
JSW ENERGY LTD,INE121E01018,Owner,JSWENERGY,JSW Energy Limited,69.27,4.09,12.0,0.01,1.0,0.01,2.0,0.01,1.0,0.0,0.0,0.01,3.0,0.0,0.0,0.0,0.0,0.0,3.0,0.0,0.0,0.0,0.0,0.0,0.0,0.0,0.0,0.0,0.0,65.16,27.0,0.0,0.0,0.0,0.0,0.0,0.0,4.129999999999999,19.0,0.0,0.0,12.0,4.09
MANKIND PHARMA LTD,INE634S01028,Owner,MANKIND,Mankind Pharma Limited,72.66,18.15,10.0,0.0,0.0,0.0,0.0,0.0,1.0,0.0,0.0,0.0,0.0,0.0,0.0,0.0,0.0,0.0,0.0,0.0,0.0,0.0,0.0,0.0,0.0,0.0,0.0,0.0,0.0,54.51,3.0,0.0,0.0,0.0,0.0,0.0,0.0,18.15,11.0,0.0,0.0,10.0,18.15
SUPREME INDUSTRIES LTD,INE195A01028,Owner,SUPREMEIND,Supreme Industries Limited,48.96,2.35,11.0,0.0,0.0,0.0,0.0,0.0,1.0,0.13,6.0,0.0,0.0,0.0,0.0,0.0,0.0,0.0,0.0,0.0,0.0,0.0,0.0,0.0,0.0,0.0,0.0,0.0,0.0,46.61,6.0,0.0,0.0,0.0,0.0,0.0,0.0,2.48,18.0,0.0,0.0,11.0,2.35
SCHAEFFLER INDIA LTD,INE513A01022,Mnc,SCHAEFFLER,Schaeffler India Limited,74.13,0.0,0.0,0.0,0.0,0.0,0.0,0.0,1.0,0.0,0.0,0.0,0.0,0.0,0.0,0.0,0.0,0.0,0.0,0.0,0.0,0.0,0.0,0.0,0.0,0.0,0.0,74.13,4.0,0.0,0.0,0.0,0.0,0.0,0.0,0.0,0.0,0.0,1.0,0.0,74.13,0.0,0.0
LINDE INDIA LTD,INE473A01011,Mnc,LINDEINDIA,Linde India Limited,75.0,0.0,0.0,0.0,0.0,0.0,0.0,0.0,0.0,0.0,0.0,0.0,0.0,0.0,0.0,0.0,1.0,0.0,0.0,0.0,0.0,0.0,0.0,0.0,0.0,0.0,0.0,75.0,1.0,0.0,0.0,0.0,0.0,0.0,0.0,0.0,0.0,0.0,0.0,0.0,75.0,0.0,0.0
PATANJALI FOODS LTD,INE619A01035,Owner,PATANJALI,Patanjali Foods Limited,68.26,0.0,0.0,0.0,0.0,0.0,0.0,0.0,3.0,0.0,0.0,0.0,0.0,0.0,1.0,0.0,0.0,0.0,0.0,0.0,0.0,0.0,0.0,0.0,0.0,0.0,0.0,0.0,0.0,68.26,6.0,0.0,0.0,0.0,0.0,0.0,0.0,0.0,3.0,0.0,0.0,0.0,0.0
SOLAR INDUSTRIES INDIA LTD,INE343H01029,Owner,SOLARINDS,Solar Industries India Limited,73.15,43.92,5.0,0.0,0.0,0.0,0.0,0.0,2.0,0.0,0.0,0.0,0.0,0.0,1.0,0.0,0.0,0.0,0.0,0.0,0.0,0.0,0.0,0.0,0.0,0.0,0.0,0.0,0.0,29.23,1.0,0.0,0.0,0.0,0.0,0.0,0.0,43.92,7.0,0.0,0.0,5.0,43.92
JINDAL STAINLESS LTD,INE220G01021,Owner,JSL,Jindal Stainless Limited,62.05,3.67,19.0,0.02,1.0,0.01,2.0,0.0,1.0,0.0,0.0,0.0,0.0,0.0,0.0,0.0,0.0,0.0,0.0,0.0,0.0,0.0,0.0,0.0,0.0,0.0,0.0,29.41,2.0,28.94,36.0,0.0,0.0,0.0,0.0,0.0,0.0,3.6999999999999997,23.0,0.0,29.41,19.0,3.67
SUZLON ENERGY LTD,INE040H01021,Owner,SUZLON,Suzlon Energy Limited,11.73,4.43,6.0,0.0,0.0,0.0,0.0,0.01,4.0,0.0,0.0,0.0,0.0,0.0,0.0,0.0,0.0,0.0,6.0,0.0,0.0,0.0,0.0,0.0,0.0,0.0,0.0,0.0,0.0,7.3,2.0,0.0,0.0,0.0,0.0,0.0,0.0,4.4399999999999995,10.0,0.0,0.0,6.0,4.43
SUNDARAM FINANCE LTD,INE660A01013,Owner,SUNDARMFIN,Sundaram Finance Limited,37.21,22.58,83.0,1.95,7.0,0.05,2.0,0.03,2.0,0.0,0.0,0.0,0.0,0.0,0.0,0.0,0.0,0.0,0.0,0.0,0.0,0.0,0.0,0.0,0.0,0.0,0.0,0.0,0.0,12.68,10.0,0.0,0.0,0.0,0.0,0.0,0.0,24.61,94.0,0.0,0.0,83.0,22.58
GUJARAT FLUOROCHEMICALS LTD,INE09N301011,Owner,FLUOROCHEM,Gujarat Fluorochemicals Limited,61.39,0.05,3.0,0.0,0.0,0.0,0.0,0.0,0.0,0.0,0.0,0.0,0.0,0.0,1.0,0.0,1.0,0.0,0.0,0.0,0.0,0.0,0.0,0.0,0.0,0.0,0.0,0.0,0.0,61.34,3.0,0.0,0.0,0.0,0.0,0.0,0.0,0.05,3.0,0.0,0.0,3.0,0.05
ZF COMMERCIAL VEHICLE CONTRO,INE342J01019,Mnc,ZFCVINDIA,ZF Commercial Vehicle Control Systems India Limited,60.0,0.0,0.0,0.0,0.0,0.01,4.0,0.0,0.0,0.0,0.0,0.0,0.0,0.0,0.0,0.0,0.0,0.0,2.0,0.0,0.0,0.0,0.0,0.0,0.0,0.0,0.0,60.0,1.0,0.0,0.0,0.0,0.0,0.0,0.0,0.0,0.0,0.01,4.0,0.0,60.0,0.0,0.0
POONAWALLA FINCORP LTD,INE511C01022,Owner,POONAWALLA,Poonawalla Fincorp Limited,63.93,0.0,0.0,0.0,0.0,0.02,2.0,0.04,2.0,0.0,0.0,0.0,0.0,0.0,1.0,0.0,0.0,0.0,0.0,0.0,0.0,0.0,0.0,0.0,0.0,0.0,0.0,0.0,0.0,63.93,1.0,0.0,0.0,0.0,0.0,0.0,0.0,0.06,4.0,0.0,0.0,0.0,0.0
SKF INDIA LTD,INE640A01023,Mnc,SKFINDIA,SKF India Limited,52.58,0.0,0.0,0.0,0.0,0.0,0.0,0.0,2.0,0.0,0.0,0.0,0.0,0.0,0.0,0.0,0.0,0.0,0.0,0.0,0.0,0.0,0.0,0.0,0.0,0.0,0.0,52.58,1.0,0.0,0.0,0.0,0.0,0.0,0.0,0.0,0.0,0.0,2.0,0.0,52.58,0.0,0.0
JK CEMENT LTD,INE823G01014,Owner,JKCEMENT,JK Cement Limited,45.66,5.46,7.0,0.0,0.0,0.0,0.0,0.0,0.0,0.0,0.0,0.0,0.0,0.0,0.0,0.0,1.0,0.0,0.0,0.0,0.0,0.0,0.0,0.0,0.0,0.0,0.0,0.0,0.0,40.2,6.0,0.0,0.0,0.0,0.0,0.0,0.0,5.46,7.0,0.0,0.0,7.0,5.46
TIMKEN INDIA LTD,INE325A01013,Mnc,TIMKEN,Timken India Limited,51.05,0.0,0.0,0.0,0.0,0.0,0.0,0.0,2.0,0.0,0.0,0.0,0.0,0.0,1.0,0.0,1.0,0.0,0.0,0.0,0.0,0.0,0.0,0.0,0.0,0.0,0.0,51.05,1.0,0.0,0.0,0.0,0.0,0.0,0.0,0.0,0.0,0.0,2.0,0.0,51.05,0.0,0.0
J.B. CHEMICALS & PHARMA LTD,INE572A01036,Professional,JBCHEPHARM,JB Chemicals & Pharmaceuticals Limited,48.78,0.0,0.0,0.0,0.0,0.0,0.0,0.0,1.0,0.0,0.0,0.0,0.0,0.0,1.0,0.0,0.0,0.0,0.0,0.0,0.0,0.0,0.0,0.0,0.0,0.0,0.0,0.0,0.0,48.78,1.0,0.0,0.0,0.0,0.0,0.0,0.0,0.0,1.0,0.0,0.0,0.0,0.0
IIFL FINANCE LTD,INE530B01024,Owner,IIFL,IIFL Finance Limited,24.85,23.66,6.0,0.0,0.0,0.76,3.0,0.0,0.0,0.0,0.0,0.0,0.0,0.0,1.0,0.0,0.0,0.0,0.0,0.0,0.0,0.0,0.0,0.0,0.0,0.0,0.0,0.0,0.0,1.19,2.0,0.0,0.0,0.0,0.0,0.0,0.0,24.42,9.0,0.0,0.0,6.0,23.66
CHOLAMANDALAM FINANCIAL HOLD,INE149A01033,Owner,CHOLAHLDNG,Cholamandalam Financial Holdings Limited,46.38,4.22,29.0,0.01,1.0,0.0,0.0,0.0,0.0,0.0,0.0,0.0,0.0,0.0,0.0,0.0,0.0,0.46,2.0,0.0,0.0,0.0,0.0,0.0,0.0,0.0,0.0,0.0,0.0,42.15,25.0,0.0,0.0,0.0,0.0,0.0,0.0,4.2299999999999995,30.0,0.46,0.0,29.0,4.22
LAURUS LABS LTD,INE947Q01028,Owner,LAURUSLABS,Laurus Labs Limited,27.49,3.35,14.0,0.0,0.0,0.0,0.0,0.01,1.0,0.0,0.0,0.63,1.0,0.0,0.0,0.0,0.0,0.0,1.0,0.0,0.0,0.0,0.0,0.0,0.0,0.0,0.0,0.0,0.0,24.14,2.0,0.0,0.0,0.0,0.0,0.0,0.0,3.9899999999999998,16.0,0.0,0.0,14.0,3.35
APAR INDUSTRIES LTD,INE372A01015,Owner,APARINDS,Apar Industries Limited,57.77,46.09,8.0,0.0,0.0,0.0,0.0,0.0,2.0,0.0,0.0,0.0,0.0,0.0,0.0,0.0,0.0,0.0,0.0,0.0,0.0,0.0,0.0,0.0,0.0,0.0,0.0,0.0,0.0,11.68,6.0,0.0,0.0,0.0,0.0,0.0,0.0,46.09,10.0,0.0,0.0,8.0,46.09
GILLETTE INDIA LTD,INE322A01010,Mnc,GILLETTE,Gillette India Limited,75.0,0.0,0.0,0.0,0.0,0.0,1.0,0.0,0.0,0.0,0.0,0.0,0.0,0.01,1.0,0.0,0.0,0.0,0.0,0.0,0.0,0.0,0.0,0.0,0.0,0.0,0.0,40.12,1.0,34.88,1.0,0.0,0.0,0.0,0.0,0.0,0.0,0.0,1.0,0.01,40.12,0.0,0.0
TATA TELESERVICES MAHARASHTR,INE517B01013,Professional,TTML,Tata Teleservices (Maharashtra) Limited,74.36,0.0,0.0,0.0,0.0,0.0,0.0,0.0,2.0,0.0,0.0,0.0,0.0,0.0,0.0,0.0,3.0,0.0,0.0,0.0,0.0,0.0,0.0,0.0,0.0,0.0,0.0,0.0,0.0,74.36,4.0,0.0,0.0,0.0,0.0,0.0,0.0,0.0,2.0,0.0,0.0,0.0,0.0
TRIDENT LTD,INE064C01022,Owner,TRIDENT,Trident Limited,73.68,0.0,0.0,0.0,0.0,0.0,0.0,0.0,1.0,0.0,0.0,0.0,0.0,0.0,0.0,0.0,0.0,0.0,2.0,0.0,0.0,0.0,0.0,0.0,0.0,0.0,0.0,0.0,0.0,73.68,3.0,0.0,0.0,0.0,0.0,0.0,0.0,0.0,1.0,0.0,0.0,0.0,0.0
NAVIN FLUORINE INTERNATIONAL,INE048G01026,Owner,NAVINFLUOR,Navin Fluorine International Limited,27.11,1.42,6.0,0.0,0.0,0.1,2.0,0.03,1.0,0.0,0.0,0.0,0.0,0.0,0.0,0.0,0.0,0.0,1.0,0.0,0.0,0.0,0.0,0.0,0.0,0.0,0.0,0.0,0.0,25.69,4.0,0.0,0.0,0.0,0.0,0.0,0.0,1.55,9.0,0.0,0.0,6.0,1.42
CIE AUTOMOTIVE INDIA LTD,INE536H01010,Mnc,CIEINDIA,CIE Automotive India Limited,65.7,0.0,0.0,0.0,0.0,0.81,5.0,0.0,3.0,0.0,0.0,0.0,0.0,0.0,0.0,0.0,0.0,0.04,3.0,0.0,0.0,0.0,0.0,0.0,0.0,0.0,0.0,65.7,1.0,0.0,0.0,0.0,0.0,0.0,0.0,0.0,0.0,0.81,8.0,0.04,65.7,0.0,0.0
BLUE STAR LTD,INE472A01039,Owner,BLUESTARCO,Blue Star Limited,36.49,9.72,16.0,0.18,6.0,0.03,2.0,0.0,1.0,0.0,0.0,0.06,1.0,0.0,0.0,0.0,0.0,0.0,0.0,0.0,0.0,0.0,0.0,0.0,0.0,0.0,0.0,0.0,0.0,26.58,10.0,0.0,0.0,0.0,0.0,0.0,0.0,9.99,26.0,0.0,0.0,16.0,9.72
FINOLEX CABLES LTD,INE235A01022,Owner,FINCABLES,Finolex Cables Limited,35.86,5.15,19.0,0.0,0.0,0.0,0.0,0.0,0.0,0.01,1.0,0.0,0.0,0.0,0.0,0.0,0.0,0.0,0.0,0.0,0.0,0.0,0.0,0.0,0.0,0.0,0.0,0.0,0.0,30.71,2.0,14.51,1.0,0.0,0.0,0.0,0.0,5.16,20.0,0.0,0.0,19.0,5.15
MANGALORE REFINERY & PETRO,INE103A01014,State,MRPL,Mangalore Refinery and Petrochemicals Limited,88.58,0.0,0.0,0.0,0.0,0.0,2.0,0.0,0.0,0.0,0.0,0.0,0.0,0.0,0.0,0.0,3.0,0.0,0.0,0.0,0.0,0.0,0.0,0.0,0.0,0.0,0.0,0.0,0.0,88.58,2.0,0.0,0.0,0.0,0.0,0.0,0.0,0.0,2.0,0.0,0.0,0.0,0.0
ASTER DM HEALTHCARE LTD,INE914M01019,Owner,ASTERDM,Aster DM Healthcare Limited,40.39,0.0,0.0,0.47,5.0,1.6,3.0,0.01,2.0,0.0,0.0,0.0,0.0,0.0,1.0,0.0,0.0,0.0,0.0,0.0,0.0,0.0,0.0,0.0,0.0,0.0,0.0,39.92,2.0,0.0,0.0,0.0,0.0,0.0,0.0,0.0,0.0,2.08,10.0,0.0,39.92,0.0,0.0
JBM AUTO LTD,INE927D01051,Owner,JBMA,JBM Auto Limited,67.53,2.42,5.0,0.0,0.0,0.0,0.0,0.0,2.0,0.0,0.0,0.0,0.0,0.0,0.0,0.0,0.0,0.0,1.0,0.0,0.0,0.0,0.0,0.0,0.0,0.0,0.0,0.0,0.0,65.11,10.0,0.0,0.0,0.0,0.0,0.0,0.0,2.42,7.0,0.0,0.0,5.0,2.42
ELGI EQUIPMENTS LTD,INE285A01027,Owner,ELGIEQUIP,Elgi Equipments Limited,31.19,10.88,8.0,0.0,0.0,0.07,2.0,0.0,0.0,0.0,0.0,0.0,0.0,0.0,0.0,0.0,0.0,0.0,0.0,0.0,0.0,0.0,0.0,0.0,0.0,0.0,0.0,0.0,0.0,20.31,2.0,0.17,1.0,0.0,0.0,0.0,0.0,10.950000000000001,10.0,0.0,0.0,8.0,10.88
ANGEL ONE LTD,INE732I01021,Owner,ANGELONE,Angel One Limited,28.87,22.19,7.0,0.0,0.0,0.04,1.0,0.06,2.0,0.0,0.0,0.0,0.0,0.0,1.0,0.0,0.0,0.0,0.0,0.0,0.0,0.0,0.0,0.0,0.0,0.0,0.0,0.0,0.0,6.68,1.0,0.0,0.0,0.0,0.0,0.0,0.0,22.29,10.0,0.0,0.0,7.0,22.19
RHI MAGNESITA INDIA LTD,INE743M01012,Mnc,RHIM,RHI MAGNESITA INDIA LIMITED,56.07,0.0,0.0,0.0,0.0,0.01,2.0,0.0,0.0,0.0,0.0,0.0,0.0,0.0,0.0,0.0,0.0,0.0,0.0,0.0,0.0,0.0,0.0,0.0,0.0,0.0,0.0,56.07,3.0,0.0,0.0,0.0,0.0,0.0,0.0,0.0,0.0,0.01,2.0,0.0,56.07,0.0,0.0
EIH LTD,INE230A01023,Owner,EIHOTEL,EIH Limited,32.85,2.1,3.0,0.0,1.0,0.0,0.0,0.0,0.0,0.0,0.0,0.0,0.0,0.0,1.0,0.0,0.0,0.0,0.0,0.0,0.0,0.0,0.0,0.0,0.0,0.0,0.0,0.0,0.0,30.75,9.0,0.0,0.0,0.0,0.0,0.0,0.0,2.1,4.0,0.0,0.0,3.0,2.1
TEJAS NETWORKS LTD,INE010J01012,Professional,TEJASNET,Tejas Networks Limited,53.46,0.0,0.0,0.0,0.0,0.19,1.0,0.01,2.0,0.0,0.0,0.0,0.0,0.0,0.0,0.0,0.0,0.0,0.0,0.0,0.0,0.0,0.0,0.0,0.0,0.0,0.0,0.0,0.0,53.46,1.0,0.0,0.0,0.0,0.0,0.0,0.0,0.2,3.0,0.0,0.0,0.0,0.0
SONATA SOFTWARE LTD,INE269A01021,Owner,SONATSOFTW,Sonata Software Limited,28.17,26.8,4.0,0.0,0.0,1.16,4.0,0.0,0.0,0.0,0.0,0.0,0.0,0.0,0.0,0.0,0.0,0.0,0.0,0.0,0.0,0.0,0.0,0.0,0.0,0.0,0.0,0.0,0.0,1.37,1.0,0.0,0.0,0.0,0.0,0.0,0.0,27.96,8.0,0.0,0.0,4.0,26.8
TANLA PLATFORMS LTD,INE483C01032,Owner,TANLA,Tanla Platforms Limited,46.17,39.35,2.0,0.0,0.0,1.76,1.0,0.12,2.0,0.0,0.0,0.0,0.0,0.0,0.0,0.0,0.0,0.0,1.0,0.0,0.0,0.0,0.0,0.0,0.0,0.0,0.0,0.0,0.0,6.82,10.0,0.0,0.0,0.0,0.0,0.0,0.0,41.23,5.0,0.0,0.0,2.0,39.35
TRIVENI TURBINE LTD,INE152M01016,Owner,TRITURBINE,Triveni Turbine Limited,55.84,28.56,8.0,0.0,0.0,0.0,0.0,0.0,1.0,0.0,0.0,0.0,0.0,0.0,0.0,0.0,0.0,0.0,0.0,0.0,0.0,0.0,0.0,0.0,0.0,0.0,0.0,0.0,0.0,27.28,1.0,0.0,0.0,0.0,0.0,0.0,0.0,28.56,9.0,0.0,0.0,8.0,28.56
FINOLEX INDUSTRIES LTD,INE183A01024,Owner,FINPIPE,Finolex Industries Limited,52.47,1.11,16.0,0.0,0.0,0.0,0.0,0.0,0.0,0.0,0.0,0.0,0.0,0.0,0.0,0.0,0.0,0.01,2.0,0.0,0.0,0.0,0.0,0.0,0.0,0.0,0.0,0.0,0.0,51.36,3.0,0.0,0.0,0.0,0.0,0.0,0.0,1.11,16.0,0.01,0.0,16.0,1.11
PIRAMAL PHARMA LTD,INE0DK501011,Owner,PPLPHARMA,Piramal Pharma Limited,34.86,0.19,9.0,0.0,0.0,0.02,1.0,0.0,0.0,0.0,0.0,0.0,0.0,0.0,3.0,0.0,0.0,0.0,0.0,0.0,0.0,0.0,0.0,0.0,0.0,0.0,0.0,0.0,0.0,34.66,8.0,0.0,0.0,0.0,0.0,0.0,0.0,0.21,10.0,0.0,0.0,9.0,0.19
BIRLASOFT LTD,INE836A01035,Owner,BSOFT,BIRLASOFT LIMITED,40.51,0.0,0.0,0.0,0.0,0.2,1.0,0.01,1.0,0.0,0.0,0.0,0.0,0.0,0.0,0.0,0.0,0.0,0.0,0.0,0.0,0.0,0.0,0.0,0.0,0.0,0.0,0.0,0.0,40.51,2.0,0.0,0.0,0.0,0.0,0.0,0.0,0.21000000000000002,2.0,0.0,0.0,0.0,0.0
POLY MEDICURE LTD,INE205C01021,Owner,POLYMED,Poly Medicure Limited,62.42,35.05,14.0,0.2,2.0,0.0,0.0,0.01,2.0,0.0,0.0,0.0,0.0,0.0,0.0,0.0,0.0,0.0,0.0,0.0,0.0,0.0,0.0,0.0,0.0,0.0,0.0,0.0,0.0,27.17,5.0,0.0,0.0,0.0,0.0,0.0,0.0,35.26,18.0,0.0,0.0,14.0,35.05
JUPITER WAGONS LTD,INE209L01016,Owner,JWL,Jupiter Wagons Limited,68.31,10.73,7.0,0.0,0.0,0.0,0.0,0.0,1.0,0.0,0.0,0.0,0.0,0.0,0.0,0.0,0.0,0.0,1.0,0.0,0.0,0.0,0.0,0.0,0.0,0.0,0.0,19.24,1.0,38.34,5.0,0.0,0.0,0.0,0.0,0.0,0.0,10.73,8.0,0.0,19.24,7.0,10.73
GREAT EASTERN SHIPPING CO,INE017A01032,Owner,GESHIP,The Great Eastern Shipping Company Limited,30.07,25.47,15.0,0.0,0.0,0.0,3.0,0.0,1.0,0.0,0.0,0.0,0.0,0.0,0.0,0.0,0.0,0.0,1.0,0.0,0.0,0.0,0.0,0.0,0.0,0.0,0.0,0.0,0.0,4.61,2.0,0.0,0.0,0.0,0.0,0.0,0.0,25.47,19.0,0.0,0.0,15.0,25.47
ZENSAR TECHNOLOGIES LTD,INE520A01027,Owner,ZENSARTECH,Zensar Technologies Limited,49.01,0.07,8.0,0.0,0.0,0.15,1.0,0.01,1.0,0.0,0.0,0.0,0.0,0.0,0.0,0.0,0.0,0.0,1.0,0.0,0.0,0.0,0.0,0.0,0.0,0.0,0.0,0.0,0.0,48.94,7.0,0.0,0.0,0.0,0.0,0.0,0.0,0.23,10.0,0.0,0.0,8.0,0.07
SHREE RENUKA SUGARS LTD,INE087H01022,Mnc,RENUKA,Shree Renuka Sugars Limited,62.48,0.0,0.0,0.0,0.0,0.03,1.0,0.0,1.0,0.0,0.0,0.0,0.0,0.0,0.0,0.0,0.0,0.0,1.0,0.0,0.0,0.0,0.0,0.0,0.0,0.0,0.0,62.48,1.0,0.0,0.0,0.0,0.0,0.0,0.0,0.0,0.0,0.03,2.0,0.0,62.48,0.0,0.0
CONCORD BIOTECH LTD,INE338H01029,Owner,CONCORDBIO,Concord Biotech Limited,44.08,39.54,5.0,0.0,0.0,0.2,1.0,0.0,0.0,0.0,0.0,0.0,0.0,0.0,0.0,0.0,0.0,0.0,0.0,0.0,0.0,0.0,0.0,0.0,0.0,0.0,0.0,0.0,0.0,4.54,1.0,0.0,0.0,0.0,0.0,0.0,0.0,39.74,6.0,0.0,0.0,5.0,39.54
JINDAL SAW LTD,INE324A01032,Owner,JINDALSAW,Jindal Saw Limited,63.25,1.18,27.0,0.0,1.0,0.0,0.0,0.0,0.0,0.0,0.0,0.0,0.0,0.0,0.0,0.0,0.0,0.0,0.0,0.0,0.0,0.0,0.0,0.0,0.0,0.0,0.0,25.35,6.0,36.72,12.0,0.0,0.0,0.0,0.0,0.0,0.0,1.18,28.0,0.0,25.35,27.0,1.18
PRAJ INDUSTRIES LTD,INE074A01025,Owner,PRAJIND,Praj Industries Limited,32.81,32.81,2.0,0.0,0.0,0.05,1.0,0.0,1.0,0.0,0.0,0.0,0.0,0.0,0.0,0.0,0.0,0.0,0.0,0.0,0.0,0.0,0.0,0.0,0.0,0.0,0.0,0.0,0.0,0.0,0.0,0.0,0.0,0.0,0.0,0.0,0.0,32.86,4.0,0.0,0.0,2.0,32.81
USHA MARTIN LTD,INE228A01035,Owner,USHAMART,Usha Martin Limited,40.52,1.51,5.0,1.74,5.0,0.0,0.0,0.0,0.0,0.0,1.0,0.0,0.0,0.0,0.0,0.0,0.0,0.0,0.0,0.0,0.0,0.0,0.0,0.0,0.0,0.0,0.0,9.45,2.0,27.82,7.0,0.0,0.0,0.0,0.0,0.0,0.0,3.25,11.0,0.0,9.45,5.0,1.51
KSB LTD,INE999A01023,Mnc,KSB,Ksb Limited,69.8,0.44,5.0,0.0,0.0,0.0,0.0,0.0,0.0,0.0,0.0,0.0,0.0,0.01,1.0,0.0,0.0,0.0,0.0,0.0,0.0,0.0,0.0,0.0,0.0,0.0,0.0,40.54,1.0,28.82,3.0,0.0,0.0,0.0,0.0,0.0,0.0,0.44,5.0,0.01,40.54,5.0,0.44
BLS INTERNATIONAL LTD,INE153T01027,Owner,BLS,BLS International Services Limited,70.39,26.62,12.0,0.0,0.0,0.02,1.0,0.01,2.0,0.0,0.0,0.0,0.0,0.0,0.0,0.0,0.0,0.0,0.0,0.0,0.0,0.0,0.0,0.0,0.0,0.0,0.0,0.0,0.0,43.77,11.0,0.0,0.0,0.0,0.0,0.0,0.0,26.650000000000002,15.0,0.0,0.0,12.0,26.62
RAMKRISHNA FORGINGS LTD,INE399G01023,Owner,RKFORGE,Ramkrishna Forgings Limited,43.13,6.08,5.0,0.0,0.0,0.0,0.0,0.07,3.0,0.0,0.0,0.0,0.0,0.0,0.0,0.0,0.0,0.0,0.0,0.0,0.0,0.0,0.0,0.0,0.0,0.0,0.0,0.0,0.0,37.04,2.0,0.0,0.0,0.0,0.0,0.0,0.0,6.15,8.0,0.0,0.0,5.0,6.08
AMBER ENTERPRISES INDIA LTD,INE371P01015,Owner,AMBER,Amber Enterprises India Limited,38.19,38.19,5.0,0.0,0.0,0.01,1.0,0.04,2.0,0.0,0.0,0.0,0.0,0.0,0.0,0.0,0.0,0.0,1.0,0.0,0.0,0.0,0.0,0.0,0.0,0.0,0.0,0.0,0.0,0.0,0.0,0.0,0.0,0.0,0.0,0.0,0.0,38.239999999999995,8.0,0.0,0.0,5.0,38.19
ROUTE MOBILE LTD,INE450U01017,Owner,ROUTE,ROUTE MOBILE LIMITED,74.85,0.0,0.0,0.0,0.0,0.0,0.0,0.0,0.0,0.0,0.0,0.0,0.0,0.0,0.0,0.0,0.0,0.0,1.0,0.0,0.0,0.0,0.0,0.0,0.0,0.0,0.0,74.85,1.0,0.0,0.0,0.0,0.0,0.0,0.0,0.0,0.0,0.0,0.0,0.0,74.85,0.0,0.0
OLECTRA GREENTECH LTD,INE260D01016,Owner,OLECTRA,Olectra Greentech Limited,50.02,0.0,0.0,0.0,0.0,0.0,0.0,0.0,0.0,0.0,0.0,0.0,0.0,0.0,0.0,0.0,0.0,0.0,0.0,0.0,0.0,0.0,0.0,0.0,0.0,0.0,0.0,0.0,0.0,50.02,1.0,0.0,0.0,0.0,0.0,0.0,0.0,0.0,0.0,0.0,0.0,0.0,0.0
TVS SUPPLY CHAIN SOLUTIONS L,INE395N01027,Owner,TVSSCS,TVS Supply Chain Solutions Limited,43.03,2.51,8.0,0.0,0.0,0.0,0.0,0.1,2.0,0.0,0.0,0.0,0.0,0.0,0.0,0.0,0.0,0.0,0.0,0.0,0.0,0.0,0.0,0.0,0.0,0.0,0.0,0.0,0.0,40.52,4.0,0.0,0.0,0.0,0.0,0.0,0.0,2.61,10.0,0.0,0.0,8.0,2.51
ALOK INDUSTRIES LTD,INE270A01029,Owner,ALOKINDS,Alok Industries Limited,75.0,0.0,0.0,0.0,0.0,0.0,0.0,0.0,0.0,0.0,0.0,0.0,0.0,0.0,1.0,0.0,1.0,0.0,0.0,0.0,0.0,0.0,0.0,0.0,0.0,0.0,0.0,0.0,0.0,75.0,2.0,0.0,0.0,0.0,0.0,0.0,0.0,0.0,0.0,0.0,0.0,0.0,0.0
PNC INFRATECH LTD,INE195J01029,Owner,PNCINFRA,PNC Infratech Limited,56.07,46.42,13.0,0.0,0.0,0.04,2.0,0.0,0.0,0.0,0.0,0.0,0.0,0.0,0.0,0.0,0.0,0.0,0.0,0.0,0.0,0.0,0.0,0.0,0.0,0.0,0.0,0.0,0.0,9.65,1.0,0.0,0.0,0.0,0.0,0.0,0.0,46.46,15.0,0.0,0.0,13.0,46.42
EID PARRY INDIA LTD,INE126A01031,Owner,EIDPARRY,EID Parry India Limited,41.44,1.96,27.0,0.01,1.0,0.0,0.0,0.01,2.0,0.0,0.0,0.0,0.0,0.0,0.0,0.0,0.0,0.0,1.0,0.0,0.0,0.0,0.0,0.0,0.0,0.0,0.0,0.0,0.0,39.48,20.0,0.0,0.0,0.0,0.0,0.0,0.0,1.98,30.0,0.0,0.0,27.0,1.96
SBFC FINANCE LTD,INE423Y01016,Professional,SBFC,SBFC Finance Limited,52.82,0.0,0.0,0.0,0.0,3.44,2.0,0.08,2.0,0.0,0.0,0.0,0.0,0.0,0.0,0.0,0.0,0.0,0.0,0.0,0.0,0.0,0.0,0.0,0.0,0.0,0.0,52.82,1.0,0.0,0.0,0.0,0.0,0.0,0.0,0.0,0.0,3.52,4.0,0.0,52.82,0.0,0.0
ECLERX SERVICES LTD,INE738I01010,Owner,ECLERX,eClerx Services Limited,54.52,27.33,4.0,27.2,1.0,0.0,0.0,0.04,2.0,0.0,0.0,0.0,0.0,0.0,0.0,0.0,0.0,0.02,2.0,0.0,0.0,0.0,0.0,0.0,0.0,0.0,0.0,0.0,0.0,0.0,0.0,0.0,0.0,0.0,0.0,0.0,0.0,54.57,7.0,0.02,0.0,4.0,27.33
SCHNEIDER ELECTRIC INFRASTRU,INE839M01018,Mnc,SCHNEIDER,Schneider Electric Infrastructure Limited,75.0,0.0,0.0,0.0,0.0,0.0,1.0,0.0,0.0,0.0,0.0,0.0,0.0,0.0,0.0,0.0,2.0,0.0,0.0,0.0,0.0,0.0,0.0,0.0,0.0,0.0,0.0,4.43,1.0,70.57,1.0,0.0,0.0,0.0,0.0,0.0,0.0,0.0,1.0,0.0,4.43,0.0,0.0
ELECON ENGINEERING CO LTD,INE205B01031,Owner,ELECON,Elecon Engineering Company Limited,59.27,3.98,6.0,0.0,0.0,0.5,4.0,0.0,0.0,0.0,0.0,0.0,0.0,0.04,1.0,0.0,0.0,0.0,0.0,0.0,0.0,0.0,0.0,0.0,0.0,0.0,0.0,0.0,0.0,55.3,3.0,0.0,0.0,0.0,0.0,0.0,0.0,4.48,10.0,0.04,0.0,6.0,3.98
GODAWARI POWER AND ISPAT LTD,INE177H01039,Owner,GPIL,Godawari Power And Ispat limited,63.49,49.48,20.0,0.0,0.0,0.01,1.0,0.02,2.0,0.0,0.0,0.0,0.0,0.0,0.0,0.0,0.0,0.0,0.0,0.0,0.0,0.0,0.0,0.0,0.0,0.0,0.0,0.0,0.0,14.02,5.0,0.0,0.0,0.0,0.0,0.0,0.0,49.51,23.0,0.0,0.0,20.0,49.48
TRIVENI ENGINEERING & INDUS,INE256C01024,Owner,TRIVENI,Triveni Engineering & Industries Limited,60.98,24.58,6.0,0.0,0.0,0.0,0.0,0.01,1.0,0.0,0.0,0.0,0.0,0.0,0.0,0.0,0.0,0.0,0.0,0.0,0.0,0.0,0.0,0.0,0.0,0.0,0.0,0.0,0.0,36.4,1.0,0.0,0.0,0.0,0.0,0.0,0.0,24.59,7.0,0.0,0.0,6.0,24.58
JM FINANCIAL LTD,INE780C01023,Owner,JMFINANCIL,JM Financial Limited,56.9,18.39,6.0,0.0,0.0,1.39,3.0,0.02,2.0,0.0,0.0,0.0,0.0,0.0,0.0,0.0,0.0,0.0,0.0,0.0,0.0,0.0,0.0,0.0,0.0,0.0,0.0,0.0,0.0,38.51,5.0,0.0,0.0,0.0,0.0,0.0,0.0,19.8,11.0,0.0,0.0,6.0,18.39
MAHARASHTRA SEAMLESS LTD,INE271B01025,Owner,MAHSEAMLES,Maharashtra Seamless Limited,70.28,5.42,12.0,0.0,0.0,0.0,2.0,0.0,0.0,0.0,0.0,0.0,0.0,0.0,0.0,0.0,0.0,0.0,0.0,0.0,0.0,0.0,0.0,0.0,0.0,0.0,0.0,0.0,0.0,64.86,9.0,0.0,0.0,0.0,0.0,0.0,0.0,5.42,14.0,0.0,0.0,12.0,5.42
ACTION CONSTRUCTION EQUIPMEN,INE731H01025,Owner,ACE,Action Construction Equipment Limited,65.42,65.42,5.0,0.0,0.0,0.0,0.0,0.0,1.0,0.02,1.0,0.0,0.0,0.0,0.0,0.0,0.0,0.0,0.0,0.0,0.0,0.0,0.0,0.0,0.0,0.0,0.0,0.0,0.0,0.0,0.0,0.0,0.0,0.0,0.0,0.0,0.0,65.44,7.0,0.0,0.0,5.0,65.42
DEEPAK FERTILISERS & PETRO,INE501A01019,Owner,DEEPAKFERT,Deepak Fertilizers and Petrochemicals Corporation Limited,45.63,0.79,6.0,0.0,0.0,0.0,0.0,0.0,1.0,0.0,0.0,0.0,0.0,0.0,0.0,0.0,0.0,0.0,0.0,0.0,0.0,0.0,0.0,0.0,0.0,0.0,0.0,0.0,0.0,44.84,3.0,0.0,0.0,0.0,0.0,0.0,0.0,0.79,7.0,0.0,0.0,6.0,0.79
GUJARAT AMBUJA EXPORTS LTD,INE036B01030,Owner,GAEL,Gujarat Ambuja Exports Limited,63.84,63.8,4.0,0.0,0.0,0.01,3.0,0.0,1.0,0.0,0.0,0.0,0.0,0.0,0.0,0.0,0.0,0.0,0.0,0.0,0.0,0.0,0.0,0.0,0.0,0.0,0.0,0.0,0.0,0.04,1.0,0.0,0.0,0.0,0.0,0.0,0.0,63.809999999999995,8.0,0.0,0.0,4.0,63.8
MINDA CORP LTD,INE842C01021,Owner,MINDACORP,Minda Corporation Limited,64.84,48.16,2.0,0.0,0.0,0.06,1.0,0.0,0.0,0.0,0.0,0.0,0.0,0.0,0.0,0.0,0.0,0.0,0.0,0.0,0.0,0.0,0.0,0.0,0.0,0.0,0.0,0.0,0.0,16.68,2.0,0.0,0.0,0.0,0.0,0.0,0.0,48.22,3.0,0.0,0.0,2.0,48.16
RATTANINDIA ENTERPRISES LTD,INE834M01019,Owner,RTNINDIA,RattanIndia Enterprises Limited,74.86,0.13,1.0,0.0,0.0,0.0,1.0,0.0,0.0,0.0,0.0,0.0,0.0,0.0,0.0,0.0,0.0,0.0,1.0,0.0,0.0,0.0,0.0,0.0,0.0,0.0,0.0,0.0,0.0,74.73,5.0,0.0,0.0,0.0,0.0,0.0,0.0,0.13,2.0,0.0,0.0,1.0,0.13
RELIGARE ENTERPRISES LTD,INE621H01010,Professional,RELIGARE,Religare Enterprises Limited,26.27,0.0,0.0,0.0,0.0,0.0,0.0,0.0,1.0,0.0,0.0,0.0,0.0,0.0,0.0,0.0,0.0,0.0,0.0,0.0,0.0,0.0,0.0,0.0,0.0,0.0,0.0,0.0,0.0,26.27,4.0,0.0,0.0,0.0,0.0,0.0,0.0,0.0,1.0,0.0,0.0,0.0,0.0
KIRLOSKAR OIL ENGINES LTD,INE146L01010,Owner,KIRLOSENG,Kirloskar Oil Engines Limited,41.08,35.33,13.0,0.0,0.0,0.0,0.0,0.02,2.0,0.0,0.0,0.0,0.0,0.0,0.0,0.0,0.0,0.0,0.0,0.0,0.0,0.0,0.0,0.0,0.0,0.0,0.0,0.0,0.0,5.76,4.0,0.0,0.0,0.0,0.0,0.0,0.0,35.35,15.0,0.0,0.0,13.0,35.33
ION EXCHANGE (INDIA) LTD,INE570A01022,Owner,IONEXCHANG,ION Exchange (India) Limited,25.58,21.15,12.0,1.1,1.0,0.01,1.0,0.02,1.0,0.0,0.0,0.0,0.0,0.0,0.0,0.0,0.0,0.0,0.0,0.0,0.0,0.0,0.0,0.0,0.0,0.0,0.0,0.0,0.0,3.33,3.0,0.01,1.0,0.0,0.0,0.0,0.0,22.28,15.0,0.0,0.0,12.0,21.15
JK LAKSHMI CEMENT LTD,INE786A01032,Owner,JKLAKSHMI,JK Lakshmi Cement Limited,45.12,1.82,17.0,0.0,0.0,0.0,4.0,0.0,2.0,0.0,0.0,0.0,0.0,0.0,1.0,0.0,0.0,0.0,0.0,0.0,0.0,0.0,0.0,0.0,0.0,0.0,0.0,0.0,0.0,43.3,9.0,0.0,0.0,0.0,0.0,0.0,0.0,1.82,23.0,0.0,0.0,17.0,1.82
RELIANCE POWER LTD,INE614G01033,Owner,RPOWER,Reliance Power Limited,24.98,0.05,5.0,0.0,0.0,0.0,2.0,0.0,1.0,0.0,1.0,0.0,0.0,0.0,0.0,0.0,53.0,0.0,11.0,0.0,0.0,0.0,0.0,0.0,0.0,0.0,0.0,0.0,0.0,24.93,4.0,0.0,0.0,0.0,0.0,0.0,0.0,0.05,9.0,0.0,0.0,5.0,0.05
VAIBHAV GLOBAL LTD,INE884A01027,Owner,VAIBHAVGBL,Vaibhav Global Limited,57.11,1.35,2.0,0.11,3.0,0.0,0.0,0.01,2.0,0.0,1.0,0.0,0.0,0.0,0.0,0.0,0.0,0.0,0.0,0.0,0.0,0.0,0.0,0.0,0.0,0.0,0.0,0.0,0.0,55.65,1.0,0.0,0.0,0.0,0.0,0.0,0.0,1.4700000000000002,8.0,0.0,0.0,2.0,1.35
ANANT RAJ LTD,INE242C01024,Owner,ANANTRAJ,Anant Raj Limited,57.41,52.86,8.0,0.0,0.0,0.0,0.0,0.0,2.0,0.0,0.0,0.0,0.0,0.0,0.0,0.0,0.0,0.0,0.0,0.0,0.0,0.0,0.0,0.0,0.0,0.0,0.0,0.0,0.0,4.55,2.0,0.0,0.0,0.0,0.0,0.0,0.0,52.86,10.0,0.0,0.0,8.0,52.86
JAIPRAKASH POWER VENTURES LT,INE351F01018,Owner,JPPOWER,Jaiprakash Power Ventures Limited,24.0,0.0,0.0,0.0,0.0,0.0,0.0,0.0,0.0,0.0,0.0,0.11,1.0,0.0,0.0,0.0,0.0,0.0,2.0,0.0,0.0,0.0,0.0,0.0,0.0,0.0,0.0,0.0,0.0,24.0,1.0,0.0,0.0,0.0,0.0,0.0,0.0,0.11,1.0,0.0,0.0,0.0,0.0
JAI BALAJI INDUSTRIES LTD,INE091G01026,Owner,JAIBALAJI,Jai Balaji Industries Limited,64.84,5.76,11.0,0.0,0.0,0.0,0.0,0.02,2.0,0.0,0.0,0.0,0.0,0.0,0.0,0.0,0.0,0.0,0.0,0.0,0.0,0.0,0.0,0.0,0.0,0.0,0.0,0.0,0.0,59.08,7.0,0.0,0.0,0.0,0.0,0.0,0.0,5.779999999999999,13.0,0.0,0.0,11.0,5.76
NETWORK 18 MEDIA & INVTS LTD,INE870H01013,Professional,NETWORK18,Network18 Media & Investments Limited,56.89,0.0,0.0,0.0,0.0,0.0,0.0,0.0,1.0,0.0,0.0,0.0,0.0,0.0,0.0,0.0,0.0,0.0,1.0,0.0,0.0,0.0,0.0,0.0,0.0,0.0,0.0,0.0,0.0,56.89,8.0,0.0,0.0,0.0,0.0,0.0,0.0,0.0,1.0,0.0,0.0,0.0,0.0
NAVA LTD,INE725A01030,Owner,NAVA,NAVA LIMITED,50.1,16.34,10.0,0.0,0.0,0.19,2.0,0.0,0.0,0.0,0.0,0.0,0.0,0.0,0.0,0.0,0.0,0.0,0.0,0.0,0.0,0.0,0.0,0.0,0.0,0.0,0.0,0.0,0.0,33.76,7.0,0.0,0.0,0.0,0.0,0.0,0.0,16.53,12.0,0.0,0.0,10.0,16.34
ZEN TECHNOLOGIES LTD,INE251B01027,Owner,ZENTEC,Zen Technologies Limited,48.51,48.51,12.0,0.0,0.0,0.0,0.0,0.0,0.0,0.0,0.0,0.0,0.0,0.0,0.0,0.0,0.0,0.0,0.0,0.0,0.0,0.0,0.0,0.0,0.0,0.0,0.0,0.0,0.0,0.0,0.0,0.0,0.0,0.0,0.0,0.0,0.0,48.51,12.0,0.0,0.0,12.0,48.51
GRAVITA INDIA LTD,INE024L01027,Owner,GRAVITA,Gravita India Limited,55.88,32.38,1.0,0.0,0.0,0.0,0.0,0.02,3.0,0.0,0.0,0.0,0.0,0.0,0.0,0.0,0.0,0.0,0.0,0.0,0.0,0.0,0.0,0.0,0.0,0.0,0.0,0.0,0.0,23.5,1.0,0.0,0.0,0.0,0.0,0.0,0.0,32.400000000000006,4.0,0.0,0.0,1.0,32.38
GUJARAT PIPAVAV PORT LTD,INE517F01014,Mnc,GPPL,Gujarat Pipavav Port Limited,44.01,0.0,0.0,0.0,0.0,0.0,0.0,0.0,3.0,0.0,0.0,0.0,0.0,0.0,0.0,0.0,0.0,0.0,1.0,0.0,0.0,0.0,0.0,0.0,0.0,0.0,0.0,44.01,1.0,0.0,0.0,0.0,0.0,0.0,0.0,0.0,0.0,0.0,3.0,0.0,44.01,0.0,0.0
EPL LTD,INE255A01020,Mnc,EPL,EPL Limited,26.38,0.0,0.0,0.0,0.0,0.22,1.0,0.01,2.0,0.0,0.0,0.0,0.0,0.0,0.0,0.0,1.0,0.0,0.0,0.0,0.0,0.0,0.0,0.0,0.0,0.0,0.0,26.38,1.0,0.0,0.0,0.0,0.0,0.0,0.0,0.0,0.0,0.23,3.0,0.0,26.38,0.0,0.0
GHCL LTD,INE539A01019,Owner,GHCL,GHCL Limited,19.87,0.91,3.0,0.0,0.0,0.74,5.0,0.03,1.0,0.0,0.0,0.0,0.0,0.0,0.0,0.0,1.0,0.0,0.0,0.0,0.0,0.0,0.0,0.0,0.0,0.0,0.0,5.99,2.0,12.97,30.0,0.0,0.0,0.0,0.0,0.0,0.0,1.68,9.0,0.0,5.99,3.0,0.91
BOROSIL RENEWABLES LTD,INE666D01022,Owner,BORORENEW,BOROSIL RENEWABLES LIMITED,58.77,9.02,4.0,0.0,1.0,0.01,2.0,0.0,0.0,0.0,0.0,0.0,0.0,0.0,0.0,0.0,0.0,0.0,0.0,0.0,0.0,0.0,0.0,0.0,0.0,0.0,0.0,0.0,0.0,49.75,8.0,0.0,0.0,0.0,0.0,0.0,0.0,9.03,7.0,0.0,0.0,4.0,9.02
SURYA ROSHNI LTD,INE335A01020,Owner,SURYAROSNI,Surya Roshni Limited,62.89,4.5,9.0,0.0,0.0,0.45,2.0,0.01,2.0,0.0,0.0,0.0,0.0,0.0,1.0,0.0,0.0,0.0,0.0,0.0,0.0,0.0,0.0,0.0,0.0,0.0,0.0,0.0,0.0,58.39,16.0,0.0,0.0,0.0,0.0,0.0,0.0,4.96,13.0,0.0,0.0,9.0,4.5
ELECTRONICS MART INDIA LTD,INE02YR01019,Owner,EMIL,Electronics Mart India Limited,65.17,65.17,6.0,0.0,0.0,0.0,0.0,0.0,0.0,0.0,0.0,0.0,0.0,0.0,0.0,0.0,0.0,0.0,0.0,0.0,0.0,0.0,0.0,0.0,0.0,0.0,0.0,0.0,0.0,0.0,0.0,0.0,0.0,0.0,0.0,0.0,0.0,65.17,6.0,0.0,0.0,6.0,65.17
FORCE MOTORS LTD,INE451A01017,Owner,FORCEMOT,FORCE MOTORS LTD,61.63,4.25,6.0,0.0,0.0,0.0,0.0,0.0,0.0,0.01,1.0,0.0,0.0,0.0,0.0,0.0,0.0,0.0,0.0,0.0,0.0,0.0,0.0,0.0,0.0,0.0,0.0,0.0,0.0,57.38,1.0,0.0,0.0,0.0,0.0,0.0,0.0,4.26,7.0,0.0,0.0,6.0,4.25
AARTI DRUGS LTD,INE767A01016,Owner,AARTIDRUGS,Aarti Drugs Limited,55.03,41.78,28.0,0.0,0.0,5.43,7.0,0.0,0.0,0.35,3.0,0.07,1.0,0.0,0.0,0.0,0.0,0.0,0.0,0.0,0.0,0.0,0.0,0.0,0.0,0.0,0.0,0.0,0.0,13.25,11.0,0.0,0.0,0.0,0.0,0.0,0.0,47.63,39.0,0.0,0.0,28.0,41.78
MARKSANS PHARMA LTD,INE750C01026,Owner,MARKSANS,Marksans Pharma Limited,43.87,43.87,2.0,0.0,0.0,0.0,0.0,0.0,0.0,0.0,0.0,0.0,0.0,0.0,0.0,0.0,0.0,0.0,0.0,0.0,0.0,0.0,0.0,0.0,0.0,0.0,0.0,0.0,0.0,0.0,0.0,0.0,0.0,0.0,0.0,0.0,0.0,43.87,2.0,0.0,0.0,2.0,43.87
GABRIEL INDIA LTD,INE524A01029,Owner,GABRIEL,Gabriel India Limited,55.0,2.36,3.0,0.0,0.0,0.0,0.0,0.0,1.0,0.0,0.0,0.0,0.0,0.0,1.0,0.0,0.0,0.0,2.0,0.0,0.0,0.0,0.0,0.0,0.0,0.0,0.0,0.0,0.0,52.64,1.0,0.0,0.0,0.0,0.0,0.0,0.0,2.36,4.0,0.0,0.0,3.0,2.36
JAMNA AUTO INDUSTRIES LTD,INE039C01032,Owner,JAMNAAUTO,Jamna Auto Industries Limited,49.93,12.71,5.0,0.0,0.0,0.05,1.0,0.03,2.0,0.0,0.0,0.0,0.0,0.0,1.0,0.0,0.0,0.0,0.0,0.0,0.0,0.0,0.0,0.0,0.0,0.0,0.0,0.0,0.0,37.22,3.0,0.0,0.0,0.0,0.0,0.0,0.0,12.790000000000001,8.0,0.0,0.0,5.0,12.71
PG ELECTROPLAST LTD,INE457L01029,Owner,PGEL,PG Electroplast Limited,43.41,43.41,10.0,0.0,0.0,0.0,0.0,0.17,2.0,0.0,0.0,0.0,0.0,0.0,0.0,0.0,0.0,0.0,1.0,0.0,0.0,0.0,0.0,0.0,0.0,0.0,0.0,0.0,0.0,0.0,0.0,0.0,0.0,0.0,0.0,0.0,0.0,43.58,12.0,0.0,0.0,10.0,43.41
VOLTAMP TRANSFORMERS LTD,INE540H01012,Owner,VOLTAMP,Voltamp Transformers Limited,30.0,30.0,2.0,0.0,0.0,0.0,0.0,0.0,0.0,0.0,0.0,0.0,0.0,0.05,1.0,0.0,0.0,0.0,0.0,0.0,0.0,0.0,0.0,0.0,0.0,0.0,0.0,0.0,0.0,0.0,0.0,0.0,0.0,0.0,0.0,0.0,0.0,30.0,2.0,0.05,0.0,2.0,30.0
ARVIND LTD,INE034A01011,Owner,ARVIND,Arvind Limited,39.53,0.01,9.0,0.0,0.0,0.16,3.0,0.02,1.0,0.0,0.0,0.0,0.0,0.0,0.0,0.0,2.0,0.0,0.0,0.0,0.0,0.0,0.0,0.0,0.0,0.0,0.0,0.0,0.0,39.52,14.0,0.0,0.0,0.0,0.0,0.0,0.0,0.19,13.0,0.0,0.0,9.0,0.01
ELECTROSTEEL CASTINGS LTD,INE086A01029,Owner,ELECTCAST,Electrosteel Castings Limited,46.21,8.57,10.0,0.0,0.0,0.0,0.0,0.0,0.0,0.0,0.0,0.0,0.0,0.23,1.0,0.0,0.0,0.0,0.0,0.0,0.0,0.0,0.0,0.0,0.0,0.0,0.0,0.0,0.0,37.65,17.0,0.0,0.0,0.0,0.0,0.0,0.0,8.57,10.0,0.23,0.0,10.0,8.57
CHOICE INTERNATIONAL LTD,INE102B01014,Owner,CHOICEIN,Choice International Limited,53.65,44.89,15.0,0.0,0.0,0.77,4.0,0.04,2.0,0.84,1.0,0.0,0.0,0.0,0.0,0.0,0.0,0.0,0.0,0.0,0.0,0.0,0.0,0.0,0.0,0.0,0.0,0.0,0.0,8.77,4.0,0.0,0.0,0.0,0.0,0.0,0.0,46.540000000000006,22.0,0.0,0.0,15.0,44.89
HINDUSTAN CONSTRUCTION CO,INE549A01026,Owner,HCC,Hindustan Construction Company Limited,16.72,0.15,4.0,0.0,0.0,0.0,0.0,0.0,0.0,0.0,0.0,0.02,1.0,0.0,1.0,0.0,1.0,0.0,0.0,0.0,0.0,0.0,0.0,0.0,0.0,0.0,0.0,0.0,0.0,16.57,5.0,0.0,0.0,0.0,0.0,0.0,0.0,0.16999999999999998,5.0,0.0,0.0,4.0,0.15
TEXMACO RAIL & ENGINEERING L,INE621L01012,Owner,TEXRAIL,Texmaco Rail & Engineering Limited,48.34,7.08,7.0,0.04,2.0,0.62,2.0,0.0,0.0,0.0,0.0,0.0,0.0,0.0,0.0,0.0,0.0,0.0,0.0,0.0,0.0,0.0,0.0,0.0,0.0,0.0,0.0,0.0,0.0,41.22,14.0,0.0,0.0,0.0,0.0,0.0,0.0,7.74,11.0,0.0,0.0,7.0,7.08
PTC INDIA LTD,INE877F01012,State,PTC,PTC India Limited,16.22,0.0,0.0,0.0,0.0,0.0,0.0,0.0,0.0,0.0,0.0,0.0,0.0,3.38,1.0,0.0,0.0,0.0,0.0,0.0,0.0,0.0,0.0,0.0,0.0,0.0,0.0,0.0,0.0,16.22,4.0,0.0,0.0,0.0,0.0,0.0,0.0,0.0,0.0,3.38,0.0,0.0,0.0
RATTANINDIA POWER LTD,INE399K01017,Owner,RTNPOWER,RattanIndia Power Limited,44.06,0.0,0.0,0.0,0.0,0.0,0.0,0.0,0.0,0.0,0.0,0.0,0.0,0.0,0.0,0.0,0.0,0.0,1.0,0.0,0.0,0.0,0.0,0.0,0.0,0.0,0.0,0.0,0.0,44.06,2.0,0.0,0.0,0.0,0.0,0.0,0.0,0.0,0.0,0.0,0.0,0.0,0.0
ORIENT CEMENT LTD,INE876N01018,Owner,ORIENTCEM,Orient Cement Limited,72.66,0.0,0.0,0.0,0.0,0.0,0.0,0.0,0.0,0.0,0.0,0.0,0.0,0.0,0.0,0.0,0.0,0.0,0.0,0.0,0.0,0.0,0.0,0.0,0.0,0.0,0.0,0.0,0.0,72.66,1.0,0.0,0.0,0.0,0.0,0.0,0.0,0.0,0.0,0.0,0.0,0.0,0.0
ASHOKA BUILDCON LTD,INE442H01029,Owner,ASHOKA,Ashoka Buildcon Limited,54.48,53.26,20.0,0.0,0.0,0.0,0.0,0.02,2.0,0.0,0.0,0.0,0.0,0.0,1.0,0.0,0.0,0.0,0.0,0.0,0.0,0.0,0.0,0.0,0.0,0.0,0.0,0.0,0.0,1.21,3.0,0.0,0.0,0.0,0.0,0.0,0.0,53.28,22.0,0.0,0.0,20.0,53.26
TIME TECHNOPLAST LTD,INE508G01029,Owner,TIMETECHNO,Time Technoplast Limited,47.51,7.12,6.0,0.0,0.0,0.03,3.0,0.01,2.0,0.0,0.0,0.0,0.0,0.0,1.0,0.0,0.0,0.0,0.0,0.0,0.0,0.0,0.0,0.0,0.0,0.0,0.0,0.0,0.0,40.39,3.0,0.0,0.0,0.0,0.0,0.0,0.0,7.16,11.0,0.0,0.0,6.0,7.12
GREAVES COTTON LTD,INE224A01026,Owner,GREAVESCOT,Greaves Cotton Limited,55.8,0.0,0.0,0.0,0.0,0.0,0.0,0.0,1.0,0.0,0.0,0.0,0.0,0.0,0.0,0.0,0.0,0.0,0.0,0.0,0.0,0.0,0.0,0.0,0.0,0.0,0.0,0.0,0.0,55.8,1.0,0.0,0.0,0.0,0.0,0.0,0.0,0.0,1.0,0.0,0.0,0.0,0.0
PARAS DEFENCE & SPACE TECHNO,INE045601023,Owner,PARAS,Paras Defence and Space Technologies Limited,53.2,53.2,8.0,0.0,0.0,2.86,2.0,0.0,0.0,0.0,0.0,0.0,0.0,0.0,0.0,0.0,0.0,0.0,0.0,0.0,0.0,0.0,0.0,0.0,0.0,0.0,0.0,0.0,0.0,0.0,0.0,0.0,0.0,0.0,0.0,0.0,0.0,56.06,10.0,0.0,0.0,8.0,53.2
ASHAPURA MINECHEM LTD,INE348A01023,Owner,ASHAPURMIN,Ashapura Minechem Limited,47.88,29.91,7.0,0.0,0.0,0.0,1.0,0.0,1.0,0.0,0.0,0.0,0.0,0.0,0.0,0.0,0.0,0.0,0.0,0.0,0.0,0.0,0.0,0.0,0.0,0.0,0.0,0.0,0.0,17.97,4.0,0.0,0.0,0.0,0.0,0.0,0.0,29.91,9.0,0.0,0.0,7.0,29.91
GMR AIRPORTS LTD,INE776C01039,Owner,GMRAIRPORT,GMR AIRPORTS LIMITED,66.24,0.09,12.0,0.0,0.0,0.0,2.0,0.0,2.0,0.0,0.0,0.0,0.0,0.0,0.0,0.0,0.0,0.0,4.0,0.0,0.0,0.0,0.0,0.0,0.0,0.0,0.0,29.86,1.0,36.29,12.0,0.0,0.0,0.0,0.0,0.0,0.0,0.09,16.0,0.0,29.86,12.0,0.09
HYUNDAI MOTOR INDIA LTD,INE0V6F01027,Mnc,HYUNDAI,Hyundai Motor India Limited,82.5,0.0,0.0,0.0,0.0,0.0,4.0,0.0,1.0,0.0,0.0,0.0,0.0,0.0,0.0,0.0,0.0,0.0,1.0,0.0,0.0,0.0,0.0,0.0,0.0,0.0,0.0,82.5,1.0,0.0,0.0,0.0,0.0,0.0,0.0,0.0,0.0,0.0,5.0,0.0,82.5,0.0,0.0
HITACHI ENERGY INDIA LTD,INE07Y701011,Mnc,POWERINDIA,Hitachi Energy India Limited,71.31,0.0,0.0,0.0,0.0,0.0,0.0,0.0,1.0,0.0,0.0,0.0,0.0,0.0,0.0,0.0,0.0,0.0,0.0,0.0,0.0,0.0,0.0,71.31,1.0,0.0,0.0,0.0,0.0,0.0,0.0,0.0,0.0,0.0,0.0,0.0,0.0,0.0,1.0,0.0,71.31,0.0,0.0
JINDAL STEEL LTD,INE749A01030,Owner,JINDALSTEL,JINDAL STEEL LIMITED,62.69,2.06,19.0,0.05,1.0,0.01,1.0,0.0,1.0,0.0,0.0,0.0,0.0,0.0,0.0,0.0,0.0,0.0,1.0,0.0,0.0,0.0,0.0,0.0,0.0,0.0,0.0,4.85,7.0,55.75,22.0,0.0,0.0,0.0,0.0,0.0,0.0,2.1199999999999997,22.0,0.0,4.85,19.0,2.06
VISHAL MEGA MART LTD,INE01EA01019,Owner,VMM,Vishal Mega Mart Limited,40.12,0.0,0.0,0.0,0.0,0.43,1.0,0.01,2.0,0.0,0.0,0.0,0.0,0.0,0.0,0.0,0.0,0.0,0.0,0.0,0.0,0.0,0.0,0.0,0.0,0.0,0.0,0.0,0.0,40.12,1.0,0.0,0.0,0.0,0.0,0.0,0.0,0.44,3.0,0.0,0.0,0.0,0.0
WAAREE ENERGIES LTD,INE377N01017,Owner,WAAREEENER,Waaree Energies Limited,64.19,45.85,8.0,0.0,0.0,0.0,0.0,0.72,4.0,0.0,0.0,0.0,0.0,0.0,0.0,0.0,0.0,0.0,0.0,0.0,0.0,0.0,0.0,0.0,0.0,0.0,0.0,0.0,0.0,18.34,2.0,0.0,0.0,0.0,0.0,0.0,0.0,46.57,12.0,0.0,0.0,8.0,45.85
