symbol,isin,company_name,category,label_source,reasoning
20MICRONS,INE144J01027,20 Microns Limited,Owner,machine_inferred,
21STCENMGM,INE253B01015,21st Century Management Services Limited,Owner,machine_inferred,
360ONE,INE466L01038,360 ONE WAM LTD,Owner,rev1_ai_judge,
3PLAND,INE105C01023,3P Land Holdings Limited,Owner,machine_inferred,
5PAISA,INE618L01018,5Paisa Capital Limited,Owner,machine_inferred,
A2ZINFRA,INE619I01012,A2Z Infra Engineering Limited,Owner,machine_inferred,
AAATECH,INE0D0U01013,AAA Technologies Limited,Owner,machine_inferred,
AAKASH,INE087Z01024,Aakash Exploration Services Limited,Owner,machine_inferred,
AARTIDRUGS,INE767A01016,AARTI DRUGS LTD,Owner,rev1_ai_judge,
AARTIIND,INE769A01020,AARTI INDUSTRIES LIMITED,Owner,rev1_ai_judge,
AARTIPHARM,INE0LRU01027,Aarti Pharmalabs Limited,Owner,machine_inferred,
ABDL,INE552Z01027,Allied Blenders and Distillers Limited,Owner,machine_inferred,
ACC,INE012A01025,ACC LTD,Owner,rev1_ai_judge,
ACE,INE731H01025,ACTION CONSTRUCTION EQUIPMEN,Owner,rev1_ai_judge,
ACI,INE128X01021,ARCHEAN CHEMICAL INDUSTRIES,Owner,rev1_ai_judge,
ACMESOLAR,INE622W01025,Acme Solar Holdings Limited,Owner,machine_inferred,
ACUTAAS,INE00FF01025,ACUTAAS CHEMICALS LTD,Owner,rev1_ai_judge,
ADVENZYMES,INE837H01020,Advanced Enzyme Technologies Limited,Owner,ai_judge_z5,Rathi/Kabra ファミリーが創業者。Vasant Rathi が Chairman、Mukund Kabra が Whole-Time Director、C.L. Rathi が MD&CEO。Rasika Rathi も Promoter Non-Executive Director。家族が取締役会と経営の双方を支配する典型的 owner-led。
AEQUS,INE947N01017,Aequs Limited,Owner,machine_inferred,
AETHER,INE0BWX01014,AETHER INDUSTRIES LTD,Owner,rev1_ai_judge,
AFCONS,INE101I01011,Afcons Infrastructure Limited,Owner,machine_inferred,
AFFLE,INE00WC01027,AFFLE 3I LTD,Owner,rev1_ai_judge,
AGARWALEYE,INE943P01029,Dr. Agarwal's Health Care Limited,Owner,machine_inferred,
AGI,INE415A01038,AGI GREENPAC LTD,Owner,rev1_ai_judge,
AHLUCONT,INE758C01029,Ahluwalia Contracts (India) Limited,Owner,machine_inferred,
AIAENG,INE212H01026,AIA ENGINEERING LTD,Owner,rev1_ai_judge,
AIIL,INE206F01022,Authum Investment & Infrastructure Limited,Owner,machine_inferred,
AJANTPHARM,INE031B01049,AJANTA PHARMA LTD,Owner,rev1_ai_judge,
AKUMS,INE09XN01023,Akums Drugs and Pharmaceuticals Limited,Owner,machine_inferred,
ALKEM,INE540L01014,ALKEM LABORATORIES LTD,Owner,rev1_ai_judge,
ALKYLAMINE,INE150B01039,Alkyl Amines Chemicals Limited,Owner,machine_inferred,
AMBER,INE371P01015,AMBER ENTERPRISES INDIA LTD,Owner,rev1_ai_judge,
ANANDRATHI,INE463V01026,ANAND RATHI WEALTH LTD,Owner,rev1_ai_judge,
ANANTRAJ,INE242C01024,ANANT RAJ LTD,Owner,rev1_ai_judge,
ANGELONE,INE732I01021,ANGEL ONE LTD,Owner,rev1_ai_judge,
ANTHEM,INE0CZ201020,Anthem Biosciences Limited,Owner,machine_inferred,
ANUP,INE294Z01018,The Anup Engineering Limited,Owner,machine_inferred,
ANURAS,INE930P01018,ANUPAM RASAYAN INDIA LTD,Owner,rev1_ai_judge,
APARINDS,INE372A01015,APAR INDUSTRIES LTD,Owner,rev1_ai_judge,
APLAPOLLO,INE702C01027,APL APOLLO TUBES LTD,Owner,rev1_ai_judge,
APLLTD,INE901L01018,Alembic Pharmaceuticals Limited,Owner,ai_judge_z5,Amin ファミリー支配。Chirayu Amin が Chairman&CEO（2026年4月から Executive Chairman に昇格）、息子 Pranav Amin と Shaunak Amin が共同 MD。Promoter 69.74% で 3 世代に渡る家族経営。
APOLLO,INE713T01028,Apollo Micro Systems Limited,Owner,machine_inferred,
APOLLOHOSP,INE437A01024,APOLLO HOSPITALS ENTERPRISE,Owner,rev1_ai_judge,
APOLLOPIPE,INE126J01016,APOLLO PIPES LTD,Owner,rev1_ai_judge,
APOLLOTYRE,INE438A01022,APOLLO TYRES LTD,Owner,rev1_ai_judge,
APTUS,INE852O01025,APTUS VALUE HOUSING FINANCE,Owner,rev1_ai_judge,
ARE&M,INE885A01032,AMARA RAJA ENERGY & MOBILITY,Owner,rev1_ai_judge,
ARVIND,INE034A01011,ARVIND LTD,Owner,rev1_ai_judge,
ARVINDFASN,INE955V01021,Arvind Fashions Limited,Owner,machine_inferred,
ASHAPURMIN,INE348A01023,ASHAPURA MINECHEM LTD,Owner,rev1_ai_judge,
ASHOKA,INE442H01029,ASHOKA BUILDCON LTD,Owner,rev1_ai_judge,
ASIANPAINT,INE021A01026,ASIAN PAINTS LTD,Owner,rev1_ai_judge,
ASKAUTOLTD,INE491J01022,ASK Automotive Limited,Owner,machine_inferred,
ASTERDM,INE914M01019,ASTER DM HEALTHCARE LTD,Owner,rev1_ai_judge,
ASTRAL,INE006I01046,ASTRAL LTD,Owner,rev1_ai_judge,
ASTRAMICRO,INE386C01029,ASTRA MICROWAVE PRODUCTS LTD,Owner,rev1_ai_judge,
ATHERENERG,INE0LEZ01016,Ather Energy Limited,Owner,machine_inferred,
ATLANTAELE,INE0Z4F01028,Atlanta Electricals Limited,Owner,machine_inferred,
ATUL,INE100A01010,ATUL LTD,Owner,rev1_ai_judge,
AUBANK,INE949L01017,AU SMALL FINANCE BANK LTD,Owner,rev1_ai_judge,
AURIONPRO,INE132H01018,Aurionpro Solutions Limited,Owner,machine_inferred,
AUROPHARMA,INE406A01037,AUROBINDO PHARMA LTD,Owner,rev1_ai_judge,
AVALON,INE0LCL01028,AVALON TECHNOLOGIES LTD,Owner,rev1_ai_judge,
AVANTIFEED,INE871C01038,AVANTI FEEDS LTD,Owner,rev1_ai_judge,
AVL,INE679V01027,ADITYA VISION LTD,Owner,rev1_ai_judge,
AWFIS,INE108V01019,Awfis Space Solutions Limited,Owner,machine_inferred,
AZAD,INE02IJ01035,Azad Engineering Limited,Owner,machine_inferred,
BALAMINES,INE050E01027,Balaji Amines Limited,Owner,machine_inferred,
BALKRISIND,INE787D01026,BALKRISHNA INDUSTRIES LTD,Owner,rev1_ai_judge,
BALRAMCHIN,INE119A01028,BALRAMPUR CHINI MILLS LTD,Owner,rev1_ai_judge,
BALUFORGE,INE011E01029,Balu Forge Industries Limited,Owner,machine_inferred,
BANCOINDIA,INE213C01025,Banco Products (I) Limited,Owner,ai_judge_z5,Patel ファミリー支配。Mehul K. Patel が Promoter Non-Executive Chairman、兄弟の Samir K. Patel と Vimal K. Patel も promoter。第2-3世代の Kanubhai Patel 家族経営、promoter 67.88% の典型的 owner-led。
BCG,INE425B01027,BRIGHTCOM GROUP LTD,Owner,rev1_ai_judge,
BECTORFOOD,INE495P01020,Mrs. Bectors Food Specialities Limited,Owner,machine_inferred,
BELRISE,INE894V01022,Belrise Industries Limited,Owner,machine_inferred,
BERGEPAINT,INE463A01038,BERGER PAINTS INDIA LTD,Owner,rev1_ai_judge,
BHARATFORG,INE465A01025,BHARAT FORGE LTD,Owner,rev1_ai_judge,
BIKAJI,INE00E101023,BIKAJI FOODS INTERNATIONAL L,Owner,rev1_ai_judge,
BIOCON,INE376G01013,BIOCON LTD,Owner,rev1_ai_judge,
BIRLACORPN,INE340A01012,BIRLA CORP LTD,Owner,rev1_ai_judge,
BLACKBUCK,INE0UIZ01018,BLACKBUCK LIMITED,Owner,machine_inferred,
BLS,INE153T01027,BLS INTERNATIONAL LTD,Owner,rev1_ai_judge,
BLUEJET,INE0KBH01020,Blue Jet Healthcare Limited,Owner,machine_inferred,
BLUESTARCO,INE472A01039,BLUE STAR LTD,Owner,rev1_ai_judge,
BLUESTONE,INE304W01038,BlueStone Jewellery and Lifestyle Limited,Owner,machine_inferred,
BORORENEW,INE666D01022,BOROSIL RENEWABLES LTD,Owner,rev1_ai_judge,
BRIGADE,INE791I01019,Brigade Enterprises Limited,Owner,machine_inferred,
CAMLINFINE,INE052I01032,CAMLIN FINE SCIENCES LTD,Owner,rev1_ai_judge,
CAMPUS,INE278Y01022,CAMPUS ACTIVEWEAR LTD,Owner,rev1_ai_judge,
CAPILLARY,INE0ILV01024,Capillary Technologies India Limited,Owner,ai_judge_z5,Aneesh Reddy Boddu が共同創業者で MD&Vice Chairman 兼 CEO として現役経営。Warburg Pincus・Peak XV (Sequoia) などの PE/VC 投資（foreign 49.94%）も大きいが、創業者が経営を継続。owner-led + VC-backed のハイブリッドだが創業者主導性が強いため Owner と判定。
CAPLIPOINT,INE475E01026,Caplin Point Laboratories Limited,Owner,machine_inferred,
CARBORUNIV,INE120A01034,CARBORUNDUM UNIVERSAL LTD,Owner,rev1_ai_judge,
CCAVENUE,INE483S01020,AVENUESAI LTD,Owner,rev1_ai_judge,
CCL,INE421D01022,CCL PRODUCTS INDIA LTD,Owner,rev1_ai_judge,
CEATLTD,INE482A01020,CEAT LTD,Owner,rev1_ai_judge,
CELLO,INE0LMW01024,Cello World Limited,Owner,machine_inferred,
CENTURYPLY,INE348B01021,CENTURY PLYBOARDS INDIA LTD,Owner,rev1_ai_judge,
CERA,INE739E01017,CERA SANITARYWARE LTD,Owner,rev1_ai_judge,
CGCL,INE180C01042,CAPRI GLOBAL CAPITAL LTD,Owner,rev1_ai_judge,
CGPOWER,INE067A01029,CG POWER AND INDUSTRIAL SOLU,Owner,rev1_ai_judge,
CHALET,INE427F01016,CHALET HOTELS LTD,Owner,rev1_ai_judge,
CHAMBLFERT,INE085A01013,CHAMBAL FERTILISERS & CHEM,Owner,rev1_ai_judge,
CHEMPLASTS,INE488A01050,CHEMPLAST SANMAR LTD,Owner,rev1_ai_judge,
CHOICEIN,INE102B01014,CHOICE INTERNATIONAL LTD,Owner,rev1_ai_judge,
CHOLAFIN,INE121A01024,CHOLAMANDALAM INVESTMENT AND,Owner,rev1_ai_judge,
CHOLAHLDNG,INE149A01033,CHOLAMANDALAM FINANCIAL HOLD,Owner,rev1_ai_judge,
CIPLA,INE059A01026,CIPLA LTD,Owner,rev1_ai_judge,
CLEAN,INE227W01023,CLEAN SCIENCE & TECHNOLOGY L,Owner,rev1_ai_judge,
CONCORDBIO,INE338H01029,CONCORD BIOTECH LTD,Owner,rev1_ai_judge,
COROMANDEL,INE169A01031,COROMANDEL INTERNATIONAL LTD,Owner,rev1_ai_judge,
CORONA,INE02ZQ01018,CORONA Remedies Limited,Owner,machine_inferred,
CPPLUS,INE819V01029,Aditya Infotech Limited,Owner,machine_inferred,
CRAFTSMAN,INE00LO01017,CRAFTSMAN AUTOMATION LTD,Owner,rev1_ai_judge,
CRIZAC,INE0S4R01014,Crizac Limited,Owner,machine_inferred,
CUPID,INE509F01029,Cupid Limited,Owner,machine_inferred,
CYIENT,INE136B01020,CYIENT LTD,Owner,rev1_ai_judge,
DABUR,INE016A01026,DABUR INDIA LTD,Owner,rev1_ai_judge,
DALBHARAT,INE00R701025,DALMIA BHARAT LTD,Owner,rev1_ai_judge,
DALMIASUG,INE495A01022,DALMIA BHARAT SUGAR & INDUST,Owner,rev1_ai_judge,
DATAMATICS,INE365B01017,Datamatics Global Services Limited,Owner,machine_inferred,
DATAPATTNS,INE0IX101010,DATA PATTERNS INDIA LTD,Owner,rev1_ai_judge,
DBL,INE917M01012,DILIP BUILDCON LTD,Owner,rev1_ai_judge,
DBREALTY,INE879I01012,VALOR ESTATE LTD,Owner,rev1_ai_judge,
DCAL,INE385W01011,DISHMAN CARBOGEN AMCIS LTD,Owner,rev1_ai_judge,
DCMSHRIRAM,INE499A01024,DCM SHRIRAM LTD,Owner,rev1_ai_judge,
DCXINDIA,INE0KL801015,DCX SYSTEMS LTD,Owner,rev1_ai_judge,
DEEPAKFERT,INE501A01019,DEEPAK FERTILISERS & PETRO,Owner,rev1_ai_judge,
DEEPAKNTR,INE288B01029,DEEPAK NITRITE LTD,Owner,rev1_ai_judge,
DELTACORP,INE124G01033,DELTA CORP LTD,Owner,rev1_ai_judge,
DIACABS,INE989C01038,Diamond Power Infrastructure Limited,Owner,machine_inferred,
DISHTV,INE836F01026,DISH TV INDIA LTD,Owner,rev1_ai_judge,
DIVISLAB,INE361B01024,DIVI'S LABORATORIES LTD,Owner,rev1_ai_judge,
DIXON,INE935N01020,DIXON TECHNOLOGIES INDIA LTD,Owner,rev1_ai_judge,
DLF,INE271C01023,DLF LTD,Owner,rev1_ai_judge,
DMART,INE192R01011,AVENUE SUPERMARTS LTD,Owner,rev1_ai_judge,
DODLA,INE021O01019,DODLA DAIRY LTD,Owner,rev1_ai_judge,
DOMS,INE321T01012,DOMS Industries Limited,Owner,machine_inferred,
DREAMFOLKS,INE0JS101016,DREAMFOLKS SERVICES LTD,Owner,rev1_ai_judge,
DRREDDY,INE089A01031,DR. REDDY'S LABORATORIES,Owner,rev1_ai_judge,
DYNAMATECH,INE221B01012,Dynamatic Technologies Limited,Owner,machine_inferred,
EASEMYTRIP,INE07O001026,EASY TRIP PLANNERS LTD,Owner,rev1_ai_judge,
ECLERX,INE738I01010,ECLERX SERVICES LTD,Owner,rev1_ai_judge,
EDELWEISS,INE532F01054,EDELWEISS FINANCIAL SERVICES,Owner,rev1_ai_judge,
EICHERMOT,INE066A01021,EICHER MOTORS LTD,Owner,rev1_ai_judge,
EIDPARRY,INE126A01031,EID PARRY INDIA LTD,Owner,rev1_ai_judge,
EIEL,INE0LLY01014,Enviro Infra Engineers Limited,Owner,machine_inferred,
EIHOTEL,INE230A01023,EIH LTD,Owner,rev1_ai_judge,
ELECON,INE205B01031,ELECON ENGINEERING CO LTD,Owner,rev1_ai_judge,
ELECTCAST,INE086A01029,ELECTROSTEEL CASTINGS LTD,Owner,rev1_ai_judge,
ELGIEQUIP,INE285A01027,ELGI EQUIPMENTS LTD,Owner,rev1_ai_judge,
ELLEN,INE236E01022,Ellenbarrie Industrial Gases Limited,Owner,machine_inferred,
EMAMILTD,INE548C01032,EMAMI LTD,Owner,rev1_ai_judge,
EMBDL,INE069I01010,EMBASSY DEVELOPMENTS LTD,Owner,rev1_ai_judge,
EMCURE,INE168P01015,Emcure Pharmaceuticals Limited,Owner,machine_inferred,
EMMVEE,INE1C6T01020,Emmvee Photovoltaic Power Limited,Owner,machine_inferred,
ENDURANCE,INE913H01037,ENDURANCE TECHNOLOGIES LTD,Owner,rev1_ai_judge,
ENTERO,INE010601016,Entero Healthcare Solutions Limited,Owner,machine_inferred,
ERIS,INE406M01024,ERIS LIFESCIENCES LTD,Owner,rev1_ai_judge,
ETHOSLTD,INE04TZ01018,Ethos Limited,Owner,machine_inferred,
EXIDEIND,INE302A01020,EXIDE INDUSTRIES LTD,Owner,rev1_ai_judge,
FINCABLES,INE235A01022,FINOLEX CABLES LTD,Owner,rev1_ai_judge,
FINEORG,INE686Y01026,FINE ORGANIC INDUSTRIES LTD,Owner,rev1_ai_judge,
FINPIPE,INE183A01024,FINOLEX INDUSTRIES LTD,Owner,rev1_ai_judge,
FIVESTAR,INE128S01021,FIVE-STAR BUSINESS FINANCE L,Owner,rev1_ai_judge,
FLFL,INE452O01016,FUTURE LIFESTYLE FASHIONS LT,Owner,rev1_ai_judge,
FLUOROCHEM,INE09N301011,GUJARAT FLUOROCHEMICALS LTD,Owner,rev1_ai_judge,
FORCEMOT,INE451A01017,FORCE MOTORS LTD,Owner,rev1_ai_judge,
FUSION,INE139R01012,FUSION FINANCE LTD,Owner,rev1_ai_judge,
GABRIEL,INE524A01029,GABRIEL INDIA LTD,Owner,rev1_ai_judge,
GAEL,INE036B01030,GUJARAT AMBUJA EXPORTS LTD,Owner,rev1_ai_judge,
GALAXYSURF,INE600K01018,GALAXY SURFACTANTS LTD,Owner,rev1_ai_judge,
GENUSPOWER,INE955D01029,GENUS POWER INFRASTRUCTURES,Owner,rev1_ai_judge,
GESHIP,INE017A01032,GREAT EASTERN SHIPPING CO,Owner,rev1_ai_judge,
GHCL,INE539A01019,GHCL LTD,Owner,rev1_ai_judge,
GLENMARK,INE935A01035,GLENMARK PHARMACEUTICALS LTD,Owner,rev1_ai_judge,
GLOBUSSPR,INE615I01010,GLOBUS SPIRITS LTD,Owner,rev1_ai_judge,
GMMPFAUDLR,INE541A01023,GMM PFAUDLER LTD,Owner,rev1_ai_judge,
GMRAIRPORT,INE776C01039,GMR AIRPORTS LTD,Owner,rev1_ai_judge,
GMRP&UI,INE0CU601026,GMR Power and Urban Infra Limited,Owner,machine_inferred,
GOCOLORS,INE0BJS01011,GO FASHION INDIA LTD,Owner,rev1_ai_judge,
GODFRYPHLP,INE260B01028,GODFREY PHILLIPS INDIA LTD,Owner,rev1_ai_judge,
GODIGIT,INE03JT01014,Go Digit General Insurance Limited,Owner,machine_inferred,
GODREJAGRO,INE850D01014,Godrej Agrovet Limited,Owner,machine_inferred,
GODREJCP,INE102D01028,GODREJ CONSUMER PRODUCTS LTD,Owner,rev1_ai_judge,
GODREJIND,INE233A01035,GODREJ INDUSTRIES LTD,Owner,rev1_ai_judge,
GODREJPROP,INE484J01027,GODREJ PROPERTIES LTD,Owner,rev1_ai_judge,
GOKEX,INE887G01027,GOKALDAS EXPORTS LTD,Professional,rev1_ai_judge,
GOKULAGRO,INE314T01033,Gokul Agro Resources Limited,Owner,machine_inferred,
GPIL,INE177H01039,GODAWARI POWER AND ISPAT LTD,Owner,rev1_ai_judge,
GRANULES,INE101D01020,GRANULES INDIA LTD,Owner,rev1_ai_judge,
GRAPHITE,INE371A01025,GRAPHITE INDIA LTD,Owner,rev1_ai_judge,
GRAVITA,INE024L01027,GRAVITA INDIA LTD,Owner,rev1_ai_judge,
GRINFRA,INE201P01022,G R INFRAPROJECTS LTD,Owner,rev1_ai_judge,
GROWW,INE0HOQ01053,Billionbrains Garage Ventures Limited,Owner,machine_inferred,
GRWRHITECH,INE291A01017,Garware Hi-Tech Films Limited,Owner,machine_inferred,
HAPPSTMNDS,INE419U01012,HAPPIEST MINDS TECHNOLOGIES,Owner,rev1_ai_judge,
HARSHA,INE0JUS01029,HARSHA ENGINEERS INTERNATION,Owner,rev1_ai_judge,
HATSUN,INE473B01035,HATSUN AGRO PRODUCT LTD,Owner,rev1_ai_judge,
HBLENGINE,INE292B01021,HBL ENGINEERING LTD,Owner,rev1_ai_judge,
HCC,INE549A01026,HINDUSTAN CONSTRUCTION CO,Owner,rev1_ai_judge,
HCLTECH,INE860A01027,HCL TECHNOLOGIES LTD,Owner,rev1_ai_judge,
HEG,INE545A01024,HEG LTD,Owner,rev1_ai_judge,
HERITGFOOD,INE978A01027,Heritage Foods Limited,Owner,machine_inferred,
HEROMOTOCO,INE158A01026,HERO MOTOCORP LTD,Owner,rev1_ai_judge,
HFCL,INE548A01028,HFCL LTD,Owner,rev1_ai_judge,
HGINFRA,INE926X01010,H.G. Infra Engineering Limited,Owner,machine_inferred,
HLEGLAS,INE461D01028,HLE GLASCOAT LTD,Owner,rev1_ai_judge,
HMAAGRO,INE0ECP01024,HMA AGRO INDUSTRIES LTD,Owner,rev1_ai_judge,
HONASA,INE0J5401028,Honasa Consumer Limited,Owner,machine_inferred,
HSCL,INE019C01026,HIMADRI SPECIALITY CHEMICAL,Owner,rev1_ai_judge,
ICIL,INE483B01026,Indo Count Industries Limited,Owner,machine_inferred,
IDEAFORGE,INE349Y01013,IDEAFORGE TECHNOLOGY LTD,Owner,rev1_ai_judge,
IFBIND,INE559A01017,IFB Industries Limited,Owner,machine_inferred,
IIFL,INE530B01024,IIFL FINANCE LTD,Owner,rev1_ai_judge,
IIFLCAPS,INE489L01022,IIFL Capital Services Limited,Owner,machine_inferred,
IKS,INE115Q01022,Inventurus Knowledge Solutions Limited,Owner,ai_judge_z5,創業者 Sachin Gupta が 33.57% を保有し Global CEO として現役経営。Jhunjhunwala family（Rekha + 3 discretionary trusts で 49%超）と合わせ promoter 63.7%。創業者経営かつ家族系長期保有者の典型的 owner-led。
IMFA,INE919H01018,Indian Metals & Ferro Alloys Limited,Owner,ai_judge_z5,Panda ファミリー支配。Subhrakant Panda が MD&CEO（54% 保有の最大株主）、Baijayant Panda が Executive Vice Chairman。家族が経営と所有を一体的に保持する典型的 owner-led。
INDIAGLYCO,INE560A01023,India Glycols Limited,Owner,machine_inferred,
INDIAMART,INE933S01016,INDIAMART INTERMESH LTD,Owner,rev1_ai_judge,
INDIASHLTR,INE922K01024,India Shelter Finance Corporation Limited,Professional,ai_judge_z5,Promoter の実質支配株主は WestBridge Crossover Fund (24%) と Aravali Investments Holdings (Nexus Ventures系、31.4%) の PE/VC 二社（foreign promoter 46.15%）。創業者 Anil Mehta は 1.45% のみで Chairman。CEO は雇用プロフェッショナル Rupinder Singh。Mehta 家族は NSE 上は promoter group だが実質支配せず、PE-backed + professional CEO の典型。
INDIGO,INE646L01027,INTERGLOBE AVIATION LTD,Owner,rev1_ai_judge,
INDIGOPNTS,INE09VQ01012,INDIGO PAINTS LTD,Owner,rev1_ai_judge,
INFY,INE009A01021,INFOSYS LTD,Professional,rev1_ai_judge,
INOXGREEN,INE510W01014,Inox Green Energy Services Limited,Owner,machine_inferred,
INOXINDIA,INE616N01034,INOX India Limited,Owner,machine_inferred,
INOXWIND,INE066P01011,Inox Wind Limited,Owner,ai_judge_z5,Jain ファミリー (InoxGFL Group) 支配。Vivek Jain が Group Chairman、息子 Devansh Jain が Inox Wind の Executive Director として直接経営。第3世代の owner-led 経営、Forbes billionaire 家系。
INTELLECT,INE306R01017,INTELLECT DESIGN ARENA LTD,Owner,rev1_ai_judge,
IOLCP,INE485C01029,IOL CHEMICALS AND PHARMA LTD,Owner,rev1_ai_judge,
IONEXCHANG,INE570A01022,ION EXCHANGE (INDIA) LTD,Owner,rev1_ai_judge,
IPCALAB,INE571A01038,IPCA LABORATORIES LTD,Owner,rev1_ai_judge,
IPL,INE0D6701023,INDIA PESTICIDES LTD,Owner,rev1_ai_judge,
IRB,INE821I01022,IRB INFRASTRUCTURE DEVELOPER,Owner,rev1_ai_judge,
JAIBALAJI,INE091G01026,JAI BALAJI INDUSTRIES LTD,Owner,rev1_ai_judge,
JAICORPLTD,INE070D01027,JAI CORP LTD,Owner,rev1_ai_judge,
JAINREC,INE0YD401026,Jain Resource Recycling Limited,Owner,machine_inferred,
JAMNAAUTO,INE039C01032,JAMNA AUTO INDUSTRIES LTD,Owner,rev1_ai_judge,
JAYNECOIND,INE854B01010,Jayaswal Neco Industries Limited,Owner,ai_judge_z5,Shaw/Jayaswal ファミリー支配。創業者 Basant Lall Shaw が2023年に Chairman Emeritus に退任し、息子 Arvind Jayaswal と Ramesh Jayaswal (MD) が次世代として経営継承。50年超の家族経営の世代交代中だが家族支配は継続。
JBMA,INE927D01051,JBM AUTO LTD,Owner,rev1_ai_judge,
JISLJALEQS,INE175A01038,JAIN IRRIGATION SYSTEMS LTD,Owner,rev1_ai_judge,
JKCEMENT,INE823G01014,JK CEMENT LTD,Owner,rev1_ai_judge,
JKLAKSHMI,INE786A01032,JK LAKSHMI CEMENT LTD,Owner,rev1_ai_judge,
JKPAPER,INE789E01012,JK PAPER LTD,Owner,rev1_ai_judge,
JKTYRE,INE573A01042,JK TYRE & INDUSTRIES LTD,Owner,rev1_ai_judge,
JLHL,INE682M01012,Jupiter Life Line Hospitals Limited,Owner,machine_inferred,
JMFINANCIL,INE780C01023,JM FINANCIAL LTD,Owner,rev1_ai_judge,
JSLL,INE0J5801029,Jeena Sikho Lifecare Limited,Owner,machine_inferred,
JTLIND,INE391J01032,JTL INDUSTRIES LTD,Owner,rev1_ai_judge,
JUBLFOOD,INE797F01020,JUBILANT FOODWORKS LTD,Owner,rev1_ai_judge,
JUBLINGREA,INE0BY001018,JUBILANT INGREVIA LTD,Owner,rev1_ai_judge,
JUBLPHARMA,INE700A01033,Jubilant Pharmova Limited,Owner,ai_judge_z5,Bhartia ファミリー支配。Shyam S. Bhartia が Chairman、Hari S. Bhartia が Co-Chairman で、次世代の Priyavrat & Shamit Bhartia もグループ経営に関与。Jubilant Bhartia Group の core family conglomerate。
JUSTDIAL,INE599M01018,JUST DIAL LTD,Owner,rev1_ai_judge,
JWL,INE209L01016,JUPITER WAGONS LTD,Owner,rev1_ai_judge,
JYOTHYLAB,INE668F01031,JYOTHY LABS LTD,Owner,rev1_ai_judge,
JYOTICNC,INE980O01024,Jyoti CNC Automation Limited,Owner,machine_inferred,
KAJARIACER,INE217B01036,KAJARIA CERAMICS LTD,Owner,rev1_ai_judge,
KALYANKJIL,INE303R01014,KALYAN JEWELLERS INDIA LTD,Owner,rev1_ai_judge,
KARURVYSYA,INE036D01028,KARUR VYSYA BANK LTD,Professional,rev1_ai_judge,
KAYNES,INE918Z01012,KAYNES TECHNOLOGY INDIA LTD,Owner,rev1_ai_judge,
KEC,INE389H01022,KEC INTERNATIONAL LTD,Owner,rev1_ai_judge,
KEI,INE878B01027,KEI INDUSTRIES LTD,Owner,rev1_ai_judge,
KIMS,INE967H01025,KRISHNA INSTITUTE OF MEDICAL,Owner,rev1_ai_judge,
KIRLOSBROS,INE732A01036,Kirloskar Brothers Limited,Owner,machine_inferred,
KIRLOSENG,INE146L01010,KIRLOSKAR OIL ENGINES LTD,Owner,rev1_ai_judge,
KIRLPNU,INE811A01020,Kirloskar Pneumatic Company Limited,Owner,machine_inferred,
KITEX,INE602G01020,Kitex Garments Limited,Owner,machine_inferred,
KNRCON,INE634I01029,KNR CONSTRUCTIONS LTD,Owner,rev1_ai_judge,
KOLTEPATIL,INE094I01018,KOLTE-PATIL DEVELOPERS LTD,Owner,rev1_ai_judge,
KOTAKBANK,INE237A01036,KOTAK MAHINDRA BANK LTD,Owner,rev1_ai_judge,
KPIGREEN,INE542W01025,KPI Green Energy Limited,Owner,machine_inferred,
KPIL,INE220B01022,KALPATARU PROJECTS INTERNATI,Owner,rev1_ai_judge,
KPITTECH,INE04I401011,KPIT TECHNOLOGIES LTD,Owner,rev1_ai_judge,
KPRMILL,INE930H01031,KPR MILL LTD,Owner,rev1_ai_judge,
KRBL,INE001B01026,KRBL LTD,Owner,rev1_ai_judge,
KRN,INE0Q3J01015,KRN Heat Exchanger and Refrigeration Limited,Owner,machine_inferred,
KRSNAA,INE08LI01020,KRSNAA DIAGNOSTICS LTD,Owner,rev1_ai_judge,
KSB,INE999A01023,KSB LTD,MNC,rev1_ai_judge,
KSCL,INE455I01029,KAVERI SEED CO LTD,Owner,rev1_ai_judge,
LALPATHLAB,INE600L01024,DR LAL PATHLABS LTD,Owner,rev1_ai_judge,
LANDMARK,INE559R01029,LANDMARK CARS LTD,Owner,rev1_ai_judge,
LATENTVIEW,INE0I7C01011,LATENT VIEW ANALYTICS LTD,Owner,rev1_ai_judge,
LAURUSLABS,INE947Q01028,LAURUS LABS LTD,Owner,rev1_ai_judge,
LEMONTREE,INE970X01018,LEMON TREE HOTELS LTD,Owner,rev1_ai_judge,
LENSKART,INE956O01016,Lenskart Solutions Limited,Owner,machine_inferred,
LLOYDSENGG,INE093R01011,LLOYDS ENGINEERING WORKS LIMITED,Owner,machine_inferred,
LLOYDSENT,INE080I01025,Lloyds Enterprises Limited,Owner,machine_inferred,
LLOYDSME,INE281B01032,Lloyds Metals And Energy Limited,Owner,machine_inferred,
LOTUSDEV,INE0V9Q01010,Sri Lotus Developers and Realty Limited,Owner,machine_inferred,
LTFOODS,INE818H01020,LT FOODS LTD,Owner,rev1_ai_judge,
LUMAXTECH,INE872H01027,Lumax Auto Technologies Limited,Owner,machine_inferred,
LUPIN,INE326A01037,LUPIN LTD,Owner,rev1_ai_judge,
LUXIND,INE150G01020,LUX INDUSTRIES LTD,Owner,rev1_ai_judge,
LXCHEM,INE576O01020,LAXMI ORGANIC INDUSTRIES LTD,Owner,rev1_ai_judge,
MANAPPURAM,INE522D01027,MANAPPURAM FINANCE LTD,Owner,rev1_ai_judge,
MANINFRA,INE949H01023,MAN INFRACONSTRUCTION LTD,Owner,rev1_ai_judge,
MANKIND,INE634S01028,MANKIND PHARMA LTD,Owner,rev1_ai_judge,
MANORAMA,INE00VM01036,Manorama Industries Limited,Owner,machine_inferred,
MANYAVAR,INE825V01034,VEDANT FASHIONS LTD,Owner,rev1_ai_judge,
MAPMYINDIA,INE0BV301023,CE INFO SYSTEMS LTD,Owner,rev1_ai_judge,
MARICO,INE196A01026,MARICO LTD,Owner,rev1_ai_judge,
MARKSANS,INE750C01026,MARKSANS PHARMA LTD,Owner,rev1_ai_judge,
MASTEK,INE759A01021,MASTEK LTD,Owner,rev1_ai_judge,
MAXHEALTH,INE027H01010,MAX HEALTHCARE INSTITUTE LTD,Owner,rev1_ai_judge,
MEDPLUS,INE804L01022,MEDPLUS HEALTH SERVICES LTD,Owner,rev1_ai_judge,
MEESHO,INE0VDM01015,Meesho Limited,Owner,machine_inferred,
METROBRAND,INE317I01021,METRO BRANDS LTD,Owner,rev1_ai_judge,
MFSL,INE180A01020,MAX FINANCIAL SERVICES LTD,Owner,rev1_ai_judge,
MINDACORP,INE842C01021,MINDA CORP LTD,Owner,rev1_ai_judge,
MOTHERSON,INE775A01035,SAMVARDHANA MOTHERSON INTERN,Owner,rev1_ai_judge,
MOTILALOFS,INE338I01027,MOTILAL OSWAL FINANCIAL SERV,Owner,rev1_ai_judge,
MRF,INE883A01011,MRF LTD,Owner,rev1_ai_judge,
MSUMI,INE0FS801015,MOTHERSON SUMI WIRING INDIA,Owner,rev1_ai_judge,
MTARTECH,INE864I01014,MTAR TECHNOLOGIES LTD,Owner,rev1_ai_judge,
MUTHOOTFIN,INE414G01012,MUTHOOT FINANCE LTD,Owner,rev1_ai_judge,
NATCOPHARM,INE987B01026,NATCO PHARMA LTD,Owner,rev1_ai_judge,
NAUKRI,INE663F01032,INFO EDGE INDIA LTD,Owner,rev1_ai_judge,
NAVA,INE725A01030,NAVA LTD,Owner,rev1_ai_judge,
NAVINFLUOR,INE048G01026,NAVIN FLUORINE INTERNATIONAL,Owner,rev1_ai_judge,
NAZARA,INE418L01047,NAZARA TECHNOLOGIES LTD,Owner,rev1_ai_judge,
NCC,INE868B01028,NCC LTD,Owner,rev1_ai_judge,
NEOGEN,INE136S01016,Neogen Chemicals Limited,Owner,machine_inferred,
NESCO,INE317F01035,Nesco Limited,Owner,machine_inferred,
NEULANDLAB,INE794A01010,Neuland Laboratories Limited,Owner,machine_inferred,
NEWGEN,INE619B01017,Newgen Software Technologies Limited,Owner,machine_inferred,
NH,INE410P01011,NARAYANA HRUDAYALAYA LTD,Owner,rev1_ai_judge,
NOCIL,INE163A01018,NOCIL LTD,Owner,rev1_ai_judge,
NRBBEARING,INE349A01021,NRB BEARINGS LTD,Owner,rev1_ai_judge,
NTPCGREEN,INE0ONG01011,NTPC Green Energy Limited,Owner,machine_inferred,
NYKAA,INE388Y01029,FSN E-COMMERCE VENTURES LTD,Owner,rev1_ai_judge,
OBEROIRLTY,INE093I01010,OBEROI REALTY LTD,Owner,rev1_ai_judge,
OLAELEC,INE0LXG01040,Ola Electric Mobility Limited,Owner,machine_inferred,
OLECTRA,INE260D01016,OLECTRA GREENTECH LTD,Owner,rev1_ai_judge,
OMAXE,INE800H01010,OMAXE LTD,Owner,rev1_ai_judge,
ONESOURCE,INE013P01021,Onesource Specialty Pharma Limited,Owner,ai_judge_z5,Arun Kumar Pillai (Strides Pharma 創業者) が family office を通じて支配。彼の Tenshi グループが promoter で、Strides Pharma からのスピンオフとして設立。CEO は Neeraj Sharma だが、Arun Kumar が Executive Chairperson として戦略主導。創業家主導の owner-led。
OPTIEMUS,INE350C01017,Optiemus Infracom Limited,Owner,machine_inferred,
ORIENTCEM,INE876N01018,ORIENT CEMENT LTD,Owner,rev1_ai_judge,
OSWALPUMPS,INE0BYP01024,Oswal Pumps Limited,Owner,machine_inferred,
PAGEIND,INE761H01022,PAGE INDUSTRIES LTD,Owner,rev1_ai_judge,
PARADEEP,INE088F01024,PARADEEP PHOSPHATES LTD,Owner,rev1_ai_judge,
PARAGMILK,INE883N01014,PARAG MILK FOODS LTD,Owner,rev1_ai_judge,
PARAS,INE045601023,PARAS DEFENCE & SPACE TECHNO,Owner,rev1_ai_judge,
PATELENG,INE244B01030,PATEL ENGINEERING LTD,Owner,rev1_ai_judge,
PCJEWELLER,INE785M01021,PC Jeweller Limited,Owner,machine_inferred,
PDSL,INE111Q01021,PDS LTD,Owner,rev1_ai_judge,
PERSISTENT,INE262H01021,PERSISTENT SYSTEMS LTD,Owner,rev1_ai_judge,
PFOCUS,INE367G01038,Prime Focus Limited,Owner,machine_inferred,
PGIL,INE940H01022,Pearl Global Industries Limited,Owner,machine_inferred,
PHOENIXLTD,INE211B01039,PHOENIX MILLS LTD,Owner,rev1_ai_judge,
PICCADIL,INE546C01010,Piccadily Agro Industries Limited,Owner,machine_inferred,
PIDILITIND,INE318A01026,PIDILITE INDUSTRIES LTD,Owner,rev1_ai_judge,
PIIND,INE603J01030,PI INDUSTRIES LTD,Owner,rev1_ai_judge,
PIRAMALFIN,INE202B01038,Piramal Finance Limited,Owner,machine_inferred,
PNCINFRA,INE195J01029,PNC INFRATECH LTD,Owner,rev1_ai_judge,
PNGJL,INE953R01016,P N Gadgil Jewellers Limited,Owner,machine_inferred,
POLYCAB,INE455K01017,POLYCAB INDIA LTD,Owner,rev1_ai_judge,
POLYMED,INE205C01021,POLY MEDICURE LTD,Owner,rev1_ai_judge,
POWERMECH,INE211R01019,Power Mech Projects Limited,Owner,machine_inferred,
PPLPHARMA,INE0DK501011,PIRAMAL PHARMA LTD,Owner,rev1_ai_judge,
PRAJIND,INE074A01025,PRAJ INDUSTRIES LTD,Owner,rev1_ai_judge,
PRAKASH,INE603A01013,PRAKASH INDUSTRIES LTD,Owner,rev1_ai_judge,
PREMIERENE,INE0BS701011,Premier Energies Limited,Owner,machine_inferred,
PRESTIGE,INE811K01011,PRESTIGE ESTATES PROJECTS,Owner,rev1_ai_judge,
PRICOLLTD,INE726V01018,Pricol Limited,Owner,machine_inferred,
PRIVISCL,INE959A01019,Privi Speciality Chemicals Limited,Owner,machine_inferred,
PRSMJOHNSN,INE010A01011,Prism Johnson Limited,Owner,machine_inferred,
PRUDENT,INE00F201020,PRUDENT CORPORATE ADVISORY S,Owner,rev1_ai_judge,
PTCIL,INE596F01018,PTC Industries Limited,Owner,machine_inferred,
PURVA,INE323I01011,Puravankara Limited,Owner,machine_inferred,
PVRINOX,INE191H01014,PVR INOX LTD,Owner,rev1_ai_judge,
PWL,INE0LP301011,Physicswallah Limited,Owner,machine_inferred,
QPOWER,INE0SII01026,Quality Power Electrical Equipments Limited,Owner,machine_inferred,
QUESS,INE615P01015,QUESS CORP LTD,Owner,rev1_ai_judge,
RADICO,INE944F01028,RADICO KHAITAN LTD,Owner,rev1_ai_judge,
RAIN,INE855B01025,RAIN INDUSTRIES LTD,Owner,rev1_ai_judge,
RAINBOW,INE961O01016,RAINBOW CHILDREN'S MEDICARE,Owner,rev1_ai_judge,
RAJESHEXPO,INE343B01030,RAJESH EXPORTS LTD,Owner,rev1_ai_judge,
RAMCOCEM,INE331A01037,RAMCO CEMENTS LTD/THE,Owner,rev1_ai_judge,
RATEGAIN,INE0CLI01024,RATEGAIN TRAVEL TECHNOLOGIES,Owner,rev1_ai_judge,
RATNAMANI,INE703B01027,RATNAMANI METALS & TUBES LTD,Owner,rev1_ai_judge,
RAYMOND,INE301A01014,RAYMOND LTD,Owner,rev1_ai_judge,
RAYMONDLSL,INE02ID01020,Raymond Lifestyle Limited,Owner,machine_inferred,
REDTAPE,INE0LXT01019,Redtape Limited,Owner,machine_inferred,
RELAXO,INE131B01039,Relaxo Footwears Limited,Owner,machine_inferred,
RESPONIND,INE688D01026,RESPONSIVE INDUSTRIES LTD,Owner,rev1_ai_judge,
RKFORGE,INE399G01023,RAMKRISHNA FORGINGS LTD,Owner,rev1_ai_judge,
ROLEXRINGS,INE645S01024,ROLEX RINGS LTD,Owner,rev1_ai_judge,
RRKABEL,INE777K01022,R R Kabel Limited,Owner,machine_inferred,
RTNINDIA,INE834M01019,RATTANINDIA ENTERPRISES LTD,Owner,rev1_ai_judge,
RTNPOWER,INE399K01017,RATTANINDIA POWER LTD,Owner,rev1_ai_judge,
RUBICON,INE506V01022,Rubicon Research Limited,Owner,machine_inferred,
RUSTOMJEE,INE263M01029,KEYSTONE REALTORS LTD,Owner,rev1_ai_judge,
SAATVIKGL,INE13B501022,Saatvik Green Energy Limited,Owner,machine_inferred,
SAFARI,INE429E01023,SAFARI INDUSTRIES INDIA LTD,Owner,rev1_ai_judge,
SAILIFE,INE570L01029,Sai Life Sciences Limited,Owner,machine_inferred,
SANDUMA,INE149K01016,Sandur Manganese & Iron Ores Limited,Owner,ai_judge_z5,Ghorpade ファミリー（旧 Princely State of Sandur 王家）の3世代経営。S.Y. Ghorpade が Chairman Emeritus、孫 Bahirji A. Ghorpade が MD（2020年-）。1954年創業の典型的 family-owned conglomerate。
SANSERA,INE953O01021,SANSERA ENGINEERING LTD,Owner,rev1_ai_judge,
SARDAEN,INE385C01021,Sarda Energy & Minerals Limited,Owner,machine_inferred,
SENCO,INE602W01027,SENCO GOLD LTD,Owner,rev1_ai_judge,
SFL,INE916U01025,Sheela Foam Limited,Owner,machine_inferred,
SHAILY,INE151G01028,Shaily Engineering Plastics Limited,Owner,machine_inferred,
SHAKTIPUMP,INE908D01010,Shakti Pumps (India) Limited,Owner,machine_inferred,
SHALBY,INE597J01018,SHALBY LTD,Owner,rev1_ai_judge,
SHARDACROP,INE221J01015,Sharda Cropchem Limited,Owner,machine_inferred,
SHILPAMED,INE790G01031,Shilpa Medicare Limited,Owner,machine_inferred,
SHREECEM,INE070A01015,SHREE CEMENT LTD,Owner,rev1_ai_judge,
SHRIPISTON,INE526E01018,Shriram Pistons & Rings Limited,Owner,machine_inferred,
SHYAMMETL,INE810G01011,SHYAM METALICS & ENERGY LTD,Owner,rev1_ai_judge,
SKIPPER,INE439E01022,Skipper Limited,Owner,machine_inferred,
SKYGOLD,INE01IU01018,SKY GOLD AND DIAMONDS LIMITED,Owner,machine_inferred,
SMARTWORKS,INE0NAZ01010,Smartworks Coworking Spaces Limited,Owner,machine_inferred,
SOBHA,INE671H01015,SOBHA LTD,Owner,rev1_ai_judge,
SOLARA,INE624Z01016,SOLARA ACTIVE PHARMA SCIENCE,Owner,rev1_ai_judge,
SOLARINDS,INE343H01029,SOLAR INDUSTRIES INDIA LTD,Owner,rev1_ai_judge,
SONACOMS,INE073K01018,SONA BLW PRECISION FORGINGS,Owner,rev1_ai_judge,
SONATSOFTW,INE269A01021,SONATA SOFTWARE LTD,Owner,rev1_ai_judge,
SPARC,INE232I01014,SUN PHARMA ADVANCED RESEARCH,Owner,rev1_ai_judge,
SPLPETRO,INE663A01033,Supreme Petrochem Limited,Owner,machine_inferred,
SRF,INE647A01010,SRF LTD,Owner,rev1_ai_judge,
SSWL,INE802C01033,STEEL STRIPS WHEELS LTD,Owner,rev1_ai_judge,
STAR,INE939A01011,STRIDES PHARMA SCIENCE LTD,Owner,rev1_ai_judge,
STARCEMENT,INE460H01021,Star Cement Limited,Owner,machine_inferred,
STARHEALTH,INE575P01011,STAR HEALTH & ALLIED INSURAN,Professional,rev1_ai_judge,
STYL,INE04VU01023,Seshaasai Technologies Limited,Owner,machine_inferred,
SUBROS,INE287B01021,Subros Limited,Owner,machine_inferred,
SUDEEPPHRM,INE0QPI01025,Sudeep Pharma Limited,Owner,machine_inferred,
SULA,INE142Q01026,SULA VINEYARDS LTD,Owner,rev1_ai_judge,
SUNDARMFIN,INE660A01013,SUNDARAM FINANCE LTD,Owner,rev1_ai_judge,
SUNPHARMA,INE044A01036,SUN PHARMACEUTICAL INDUS,Owner,rev1_ai_judge,
SUNTECK,INE805D01034,SUNTECK REALTY LTD,Owner,rev1_ai_judge,
SUNTV,INE424H01027,SUN TV NETWORK LTD,Owner,rev1_ai_judge,
SUPREMEIND,INE195A01028,SUPREME INDUSTRIES LTD,Owner,rev1_ai_judge,
SUPRIYA,INE07RO01027,Supriya Lifescience Limited,Owner,machine_inferred,
SURYAROSNI,INE335A01020,SURYA ROSHNI LTD,Owner,rev1_ai_judge,
SURYODAY,INE428Q01011,SURYODAY SMALL FINANCE BANK,Owner,rev1_ai_judge,
SUVEN,INE495B01038,SUVEN LIFE SCIENCES LTD,Owner,rev1_ai_judge,
SUZLON,INE040H01021,SUZLON ENERGY LTD,Owner,rev1_ai_judge,
SWANCORP,INE665A01038,SWAN CORP LTD,Owner,rev1_ai_judge,
SWSOLAR,INE00M201021,STERLING AND WILSON RENEWABL,Owner,rev1_ai_judge,
SYNGENE,INE398R01022,SYNGENE INTERNATIONAL LTD,Owner,rev1_ai_judge,
SYRMA,INE0DYJ01015,SYRMA SGS TECHNOLOGY LTD,Owner,rev1_ai_judge,
TANLA,INE483C01032,TANLA PLATFORMS LTD,Owner,rev1_ai_judge,
TARC,INE0EK901012,TARC Limited,Owner,machine_inferred,
TARIL,INE763I01026,Transformers And Rectifiers (India) Limited,Owner,machine_inferred,
TARSONS,INE144Z01023,TARSONS PRODUCTS LTD,Owner,rev1_ai_judge,
TATVA,INE0GK401011,TATVA CHINTAN PHARMA CHEM LT,Owner,rev1_ai_judge,
TBOTEK,INE673O01025,TBO Tek Limited,Owner,machine_inferred,
TCIEXP,INE586V01016,TCI EXPRESS LTD,Owner,rev1_ai_judge,
TDPOWERSYS,INE419M01027,TD Power Systems Limited,Owner,machine_inferred,
TECHNOE,INE285K01026,TECHNO ELECTRIC & ENGINEERIN,Owner,rev1_ai_judge,
TEGA,INE011K01018,TEGA INDUSTRIES LTD,Owner,rev1_ai_judge,
TEXRAIL,INE621L01012,TEXMACO RAIL & ENGINEERING L,Owner,rev1_ai_judge,
THANGAMAYL,INE085J01014,Thangamayil Jewellery Limited,Owner,machine_inferred,
THERMAX,INE152A01029,THERMAX LTD,Owner,rev1_ai_judge,
TI,INE133E01013,Tilaknagar Industries Limited,Owner,machine_inferred,
TICL,INE388G01026,TWAMEV CONSTRUCTION AND INFR,Owner,rev1_ai_judge,
TIINDIA,INE974X01010,TUBE INVESTMENTS OF INDIA LT,Owner,rev1_ai_judge,
TIMETECHNO,INE508G01029,TIME TECHNOPLAST LTD,Owner,rev1_ai_judge,
TIPSMUSIC,INE716B01029,Tips Music Limited,Owner,machine_inferred,
TITAGARH,INE615H01020,TITAGARH RAIL SYSTEM LTD,Owner,rev1_ai_judge,
TORNTPHARM,INE685A01028,TORRENT PHARMACEUTICALS LTD,Owner,rev1_ai_judge,
TORNTPOWER,INE813H01021,TORRENT POWER LTD,Owner,rev1_ai_judge,
TRANSRAILL,INE454P01035,Transrail Lighting Limited,Owner,ai_judge_z5,創業者 Digambar C. Bagde が2025年に Chairman & Executive Director に就任、Bagde 家と Verma/Koul 家が promoter group。CEO は雇用経営者 Randeep Narang だが、創業者が会長として戦略主導。promoter 71% で家族主導。owner-led だが日常経営はプロ CEO との混合形態。
TRAVELFOOD,INE103V01028,Travel Food Services Limited,Owner,machine_inferred,
TRITURBINE,INE152M01016,TRIVENI TURBINE LTD,Owner,rev1_ai_judge,
TRIVENI,INE256C01024,TRIVENI ENGINEERING & INDUS,Owner,rev1_ai_judge,
TSFINV,INE202Z01029,TSF INVESTMENTS LIMITED,Owner,machine_inferred,
TTKPRESTIG,INE690A01028,TTK PRESTIGE LTD,Owner,rev1_ai_judge,
TVSMOTOR,INE494B01023,TVS MOTOR CO LTD,Owner,rev1_ai_judge,
TVSSCS,INE395N01027,TVS SUPPLY CHAIN SOLUTIONS L,Owner,rev1_ai_judge,
UFLEX,INE516A01017,UFLEX LTD,Owner,rev1_ai_judge,
UNIPARTS,INE244O01017,UNIPARTS INDIA LTD,Owner,rev1_ai_judge,
UNOMINDA,INE405E01023,UNO MINDA LTD,Owner,rev1_ai_judge,
UPL,INE628A01036,UPL LTD,Owner,rev1_ai_judge,
URBANCO,INE0CAZ01013,Urban Company Limited,Owner,machine_inferred,
USHAMART,INE228A01035,USHA MARTIN LTD,Owner,rev1_ai_judge,
UTLSOLAR,INE12UR01024,Fujiyama Power Systems Limited,Owner,machine_inferred,
V2RETAIL,INE945H01021,V2 Retail Limited,Owner,machine_inferred,
VAIBHAVGBL,INE884A01027,VAIBHAV GLOBAL LTD,Owner,rev1_ai_judge,
VAKRANGEE,INE051B01021,VAKRANGEE LTD,Owner,rev1_ai_judge,
VARROC,INE665L01035,VARROC ENGINEERING LTD,Owner,rev1_ai_judge,
VENKEYS,INE398A01010,VENKY'S (INDIA) LTD,Owner,rev1_ai_judge,
VENUSPIPES,INE0JA001018,VENUS PIPES & TUBES LTD,Owner,rev1_ai_judge,
VGUARD,INE951I01027,V-GUARD INDUSTRIES LTD,Owner,rev1_ai_judge,
VIJAYA,INE043W01024,VIJAYA DIAGNOSTIC CENTRE PVT,Owner,rev1_ai_judge,
VINATIORGA,INE410B01037,VINATI ORGANICS LTD,Owner,rev1_ai_judge,
VIPIND,INE054A01027,V.I.P. INDUSTRIES LTD,Owner,rev1_ai_judge,
VMART,INE665J01013,V-Mart Retail Limited,Owner,machine_inferred,
VOLTAMP,INE540H01012,VOLTAMP TRANSFORMERS LTD,Owner,rev1_ai_judge,
VRLLOG,INE366I01010,VRL LOGISTICS LTD,Owner,rev1_ai_judge,
VTL,INE825A01020,Vardhman Textiles Limited,Owner,ai_judge_z5,Oswal/Jain ファミリー支配。S.P. Oswal (Padma Bhushan受賞者) が Chairman & MD、娘 Suchita Oswal Jain が Vice Chairman & Joint MD、義理息子 Sachit Jain が Executive Director。promoter 65% で 3世代の典型的 family business。
WAAREEENER,INE377N01017,WAAREE ENERGIES LTD,Owner,rev1_ai_judge,
WABAG,INE956G01038,VA Tech Wabag Limited,Professional,ai_judge_z5,2005年に Rajiv Mittal が ICICI Venture と組んで管理職買収 (MBO) で独立した雇用経営者主導企業。Mittal は創業家ではなく、元従業員から経営者に転身。Promoter は MBO 参加者 Mittal と Varadarajan の2名のみで 19% と低位、典型的 management-led professional 企業。
WAKEFIT,INE0E7301029,Wakefit Innovations Limited,Owner,machine_inferred,
WEBELSOLAR,INE855C01023,Websol Energy System Limited,Owner,machine_inferred,
WESTLIFE,INE274F01020,WESTLIFE FOODWORLD LTD,Owner,rev1_ai_judge,
WEWORK,INE085001019,WeWork India Management Limited,Owner,machine_inferred,
WIPRO,INE075A01022,WIPRO LTD,Owner,rev1_ai_judge,
WOCKPHARMA,INE049B01025,WOCKHARDT LTD,Owner,rev1_ai_judge,
WSTCSTPAPR,INE976A01021,WEST COAST PAPER MILLS LTD,Owner,rev1_ai_judge,
YATHARTH,INE0JO301016,Yatharth Hospital & Trauma Care Services Limited,Owner,machine_inferred,
ZAGGLE,INE07K301024,Zaggle Prepaid Ocean Services Limited,Owner,machine_inferred,
ZEEL,INE256A01028,ZEE ENTERTAINMENT ENTERPRISE,Owner,rev1_ai_judge,
ZENSARTECH,INE520A01027,ZENSAR TECHNOLOGIES LTD,Owner,rev1_ai_judge,
ZENTEC,INE251B01027,ZEN TECHNOLOGIES LTD,Owner,rev1_ai_judge,
ZYDUSLIFE,INE010B01027,ZYDUS LIFESCIENCES LTD,Owner,rev1_ai_judge,
ZYDUSWELL,INE768C01028,Zydus Wellness Limited,Owner,machine_inferred,
,INE041025011,EMBASSY OFFICE PARKS REIT,Owner,rev1_ai_judge,
,INE0CCU25019,MINDSPACE BUSINESS PARKS REI,Owner,rev1_ai_judge,
,INE140A01024,PIRAMAL ENTERPRISES LTD,Owner,rev1_ai_judge,
,INE274G01010,DHANI SERVICES LTD,Owner,rev1_ai_judge,
,INE455F01025,JAIPRAKASH ASSOCIATES LTD,Owner,rev1_ai_judge,
,INE752P01024,FUTURE RETAIL LTD,Owner,rev1_ai_judge,
,INE778U01029,TCNS CLOTHING CO LTD,Owner,rev1_ai_judge,
,INE886H01027,TV18 BROADCAST LTD,Owner,rev1_ai_judge,
ADANIENSOL,INE931S01010,ADANI ENERGY SOLUTIONS LTD,Owner,rev1_ai_judge,
ADANIENT,INE423A01024,ADANI ENTERPRISES LTD,Owner,rev1_ai_judge,
ADANIGREEN,INE364U01010,ADANI GREEN ENERGY LTD,Owner,rev1_ai_judge,
ADANIPORTS,INE742F01042,ADANI PORTS AND SPECIAL ECON,Owner,rev1_ai_judge,
ADANIPOWER,INE814H01029,ADANI POWER LTD,Owner,rev1_ai_judge,
AMBUJACEM,INE079A01024,AMBUJA CEMENTS LTD,Owner,rev1_ai_judge,
ATGL,INE399L01023,ADANI TOTAL GAS LTD,Owner,rev1_ai_judge,
WELCORP,INE191B01025,WELSPUN CORP LTD,Owner,rev1_ai_judge,
WELENT,INE625G01013,Welspun Enterprises Limited,Owner,machine_inferred,
WELSPUNLIV,INE192B01031,WELSPUN LIVING LTD,Owner,rev1_ai_judge,
ALOKINDS,INE270A01029,ALOK INDUSTRIES LTD,Owner,rev1_ai_judge,
HATHWAY,INE982F01036,HATHWAY CABLE AND DATACOM,Owner,rev1_ai_judge,
JIOFIN,INE758E01017,JIO FINANCIAL SERVICES LTD,Owner,rev1_ai_judge,
RELIANCE,INE002A01018,RELIANCE INDUSTRIES LIMITED,Owner,rev1_ai_judge,
RELINFRA,INE036A01016,RELIANCE INFRASTRUCTURE LTD,Owner,rev1_ai_judge,
RPOWER,INE614G01033,RELIANCE POWER LTD,Owner,rev1_ai_judge,
BAJAJ-AUTO,INE917I01010,BAJAJ AUTO LTD,Owner,rev1_ai_judge,
BAJAJCON,INE933K01021,BAJAJ CONSUMER CARE LTD,Owner,rev1_ai_judge,
BAJAJELEC,INE193E01025,Bajaj Electricals Limited,Owner,machine_inferred,
BAJAJFINSV,INE918I01026,BAJAJ FINSERV LTD,Owner,rev1_ai_judge,
BAJAJHFL,INE377Y01014,Bajaj Housing Finance Limited,Owner,machine_inferred,
BAJAJHIND,INE306A01021,BAJAJ HINDUSTHAN SUGAR LTD,Owner,rev1_ai_judge,
BAJAJHLDNG,INE118A01012,BAJAJ HOLDINGS AND INVESTMEN,Owner,rev1_ai_judge,
BAJFINANCE,INE296A01032,BAJAJ FINANCE LTD,Owner,rev1_ai_judge,
EMIL,INE02YR01019,ELECTRONICS MART INDIA LTD,Owner,rev1_ai_judge,
MAHSCOOTER,INE288A01013,Maharashtra Scooters Limited,Owner,machine_inferred,
MEDANTA,INE474Q01031,GLOBAL HEALTH LTD/INDIA,Owner,rev1_ai_judge,
METROPOLIS,INE112L01020,METROPOLIS HEALTHCARE LTD,Owner,rev1_ai_judge,
NETWEB,INE0NT901020,Netweb Technologies India Limited,Owner,machine_inferred,
BANDHANBNK,INE545U01014,BANDHAN BANK LTD,Owner,rev1_ai_judge,
ABREL,INE055A01016,ADITYA BIRLA REAL ESTATE LTD,Owner,rev1_ai_judge,
ABSLAMC,INE404A01024,ADITYA BIRLA SUN LIFE AMC LT,Owner,rev1_ai_judge,
BSOFT,INE836A01035,BIRLASOFT LTD,Owner,rev1_ai_judge,
INDIACEM,INE383A01012,INDIA CEMENTS LTD,Owner,rev1_ai_judge,
ABCAPITAL,INE674K01013,ADITYA BIRLA CAPITAL LTD,Owner,rev1_ai_judge,
ABFRL,INE647O01011,ADITYA BIRLA FASHION AND RET,Owner,rev1_ai_judge,
ABLBL,INE14LE01019,Aditya Birla Lifestyle Brands Limited,Owner,machine_inferred,
GRASIM,INE047A01021,GRASIM INDUSTRIES LTD,Owner,rev1_ai_judge,
HINDALCO,INE038A01020,HINDALCO INDUSTRIES LTD,Owner,rev1_ai_judge,
ULTRACEMCO,INE481G01011,ULTRATECH CEMENT LTD,Owner,rev1_ai_judge,
AXISCADES,INE555B01013,AXISCADES Technologies Limited,Owner,machine_inferred,
CYIENTDLM,INE055S01018,CYIENT DLM LTD,Owner,rev1_ai_judge,
WAAREERTL,INE299N01021,Waaree Renewable Technologies Limited,Owner,machine_inferred,
JPPOWER,INE351F01018,JAIPRAKASH POWER VENTURES LT,Owner,rev1_ai_judge,
CESC,INE486A01021,CESC LTD,Owner,rev1_ai_judge,
FSL,INE684F01012,FIRSTSOURCE SOLUTIONS LTD,Owner,rev1_ai_judge,
PCBL,INE602A01031,PCBL CHEMICAL LTD,Owner,rev1_ai_judge,
SAREGAMA,INE979A01025,SAREGAMA INDIA LTD,Owner,rev1_ai_judge,
GLAND,INE068V01023,GLAND PHARMA LTD,Owner,rev1_ai_judge,
ROUTE,INE450U01017,ROUTE MOBILE LTD,Owner,rev1_ai_judge,
ASHOKLEY,INE208A01029,ASHOK LEYLAND LTD,Owner,rev1_ai_judge,
INDUSINDBK,INE095A01012,INDUSIND BANK LTD,Owner,rev1_ai_judge,
REFEX,INE056I01025,Refex Industries Limited,Owner,machine_inferred,
DEVYANI,INE872J01023,DEVYANI INTERNATIONAL LTD,Owner,rev1_ai_judge,
GALLANTT,INE297H01019,Gallantt Ispat Limited,Owner,machine_inferred,
JINDALSAW,INE324A01032,JINDAL SAW LTD,Owner,rev1_ai_judge,
JINDALSTEL,INE749A01030,JINDAL STEEL LTD,Owner,rev1_ai_judge,
JSL,INE220G01021,JINDAL STAINLESS LTD,Owner,rev1_ai_judge,
JSWCEMENT,INE718I01012,JSW Cement Limited,Owner,machine_inferred,
JSWENERGY,INE121E01018,JSW ENERGY LTD,Owner,rev1_ai_judge,
JSWINFRA,INE880J01026,JSW Infrastructure Limited,Owner,machine_inferred,
JSWSTEEL,INE019A01038,JSW STEEL LTD,Owner,rev1_ai_judge,
MAHSEAMLES,INE271B01025,MAHARASHTRA SEAMLESS LTD,Owner,rev1_ai_judge,
SHAREINDIA,INE932X01026,Share India Securities Limited,Owner,machine_inferred,
SIGNATURE,INE903U01023,Signatureglobal (India) Limited,Owner,machine_inferred,
VBL,INE200M01039,VARUN BEVERAGES LTD,Owner,rev1_ai_judge,
VIKRAMSOLR,INE078V01014,Vikram Solar Limited,Owner,machine_inferred,
ALIVUS,INE03Q201024,ALIVUS LIFE SCIENCES LTD,Owner,rev1_ai_judge,
NUVOCO,INE118D01016,NUVOCO VISTAS CORP LTD,Owner,rev1_ai_judge,
SPANDANA,INE572J01011,SPANDANA SPHOORTY FINANCIAL,Owner,rev1_ai_judge,
VMM,INE01EA01019,VISHAL MEGA MART LTD,Owner,rev1_ai_judge,
AWL,INE699H01024,AWL AGRI BUSINESS LTD,Owner,rev1_ai_judge,
FIEMIND,INE737H01014,Fiem Industries Limited,Owner,machine_inferred,
LODHA,INE670K01029,LODHA DEVELOPERS LTD,Owner,rev1_ai_judge,
ASAHIINDIA,INE439A01020,ASAHI INDIA GLASS LTD,Owner,rev1_ai_judge,
M&M,INE101A01026,MAHINDRA & MAHINDRA LTD,Owner,rev1_ai_judge,
M&MFIN,INE774D01024,MAHINDRA & MAHINDRA FIN SECS,Owner,rev1_ai_judge,
MAHLIFE,INE813A01018,MAHINDRA LIFESPACE DEVELOPER,Owner,rev1_ai_judge,
SMLMAH,INE294B01019,SML Mahindra Limited,Owner,machine_inferred,
TECHM,INE669C01036,TECH MAHINDRA LTD,Owner,rev1_ai_judge,
AEGISLOG,INE208C01025,AEGIS LOGISTICS LTD,Owner,rev1_ai_judge,
AEGISVOPAK,INE0INX01018,Aegis Vopak Terminals Limited,Owner,machine_inferred,
BHARTIARTL,INE397D01024,BHARTI AIRTEL LTD,Owner,rev1_ai_judge,
BHARTIHEXA,INE343G01021,Bharti Hexacom Limited,Owner,machine_inferred,
INDUSTOWER,INE121J01017,INDUS TOWERS LTD,Owner,rev1_ai_judge,
ESCORTS,INE042A01014,ESCORTS KUBOTA LTD,Owner,rev1_ai_judge,
PATANJALI,INE619A01035,PATANJALI FOODS LTD,Owner,rev1_ai_judge,
POONAWALLA,INE511C01022,POONAWALLA FINCORP LTD,Owner,rev1_ai_judge,
HAVELLS,INE176B01034,HAVELLS INDIA LTD,Owner,rev1_ai_judge,
PARKHOSPS,INE119201023,Park Medi World Limited,Owner,machine_inferred,
PGEL,INE457L01029,PG ELECTROPLAST LTD,Owner,rev1_ai_judge,
TRIDENT,INE064C01022,TRIDENT LTD,Owner,rev1_ai_judge,
STYRENIX,INE189B01011,Styrenix Performance Materials Limited,Owner,machine_inferred,
SHRIRAMFIN,INE721A01047,SHRIRAM FINANCE LTD,Owner,rev1_ai_judge,
GREAVESCOT,INE224A01026,GREAVES COTTON LTD,Owner,rev1_ai_judge,
HINDZINC,INE267A01025,HINDUSTAN ZINC LTD,Owner,rev1_ai_judge,
STLTECH,INE089C01029,STERLITE TECHNOLOGIES LTD,Owner,rev1_ai_judge,
VEDL,INE205A01025,VEDANTA LTD,Owner,rev1_ai_judge,
BBTC,INE050A01025,BOMBAY BURMAH TRADING CORP,Owner,rev1_ai_judge,
BOMDYEING,INE032A01023,BOMBAY DYEING & MFG CO LTD,Owner,rev1_ai_judge,
BRITANNIA,INE216A01030,BRITANNIA INDUSTRIES LTD,Owner,rev1_ai_judge,
3MINDIA,INE470A01017,3M INDIA LTD,MNC,rev1_ai_judge,
AADHARHFC,INE883F01010,Aadhar Housing Finance Limited,Professional,machine_inferred,
AAVAS,INE216P01012,AAVAS FINANCIERS LTD,Professional,rev1_ai_judge,
ABB,INE117A01022,ABB INDIA LTD,MNC,rev1_ai_judge,
ABBOTINDIA,INE358A01014,ABBOTT INDIA LTD,MNC,rev1_ai_judge,
AKZOINDIA,INE133A01011,Akzo Nobel India Limited,Professional,machine_inferred,
AXISBANK,INE238A01034,AXIS BANK LTD,Professional,rev1_ai_judge,
BALMLAWRIE,INE164A01016,BALMER LAWRIE & CO LTD,State,rev1_ai_judge,
BANKBARODA,INE028A01039,BANK OF BARODA,State,rev1_ai_judge,
BANKINDIA,INE084A01016,BANK OF INDIA,State,rev1_ai_judge,
BATAINDIA,INE176A01028,BATA INDIA LTD,MNC,rev1_ai_judge,
BAYERCROP,INE462A01022,BAYER CROPSCIENCE LTD,MNC,rev1_ai_judge,
BBOX,INE676A01027,Black Box Limited,Professional,machine_inferred,
BDL,INE171Z01026,BHARAT DYNAMICS LTD,State,rev1_ai_judge,
BEL,INE263A01024,BHARAT ELECTRONICS LTD,State,rev1_ai_judge,
BEML,INE258A01024,BEML LTD,State,rev1_ai_judge,
BHEL,INE257A01026,BHARAT HEAVY ELECTRICALS,State,rev1_ai_judge,
BLUEDART,INE233B01017,Blue Dart Express Limited,Professional,machine_inferred,
BOSCHLTD,INE323A01026,BOSCH LTD,MNC,rev1_ai_judge,
BPCL,INE029A01011,BHARAT PETROLEUM CORP LTD,State,rev1_ai_judge,
BSE,INE118H01025,BSE LTD,Professional,rev1_ai_judge,
CAMS,INE596I01020,COMPUTER AGE MANAGEMENT SERV,Professional,rev1_ai_judge,
CANBK,INE476A01022,CANARA BANK,State,rev1_ai_judge,
CANFINHOME,INE477A01020,CAN FIN HOMES LTD,State,rev1_ai_judge,
CANHLIFE,INE01TY01017,Canara HSBC Life Insurance Company Limited,Professional,machine_inferred,
CARTRADE,INE290S01011,CARTRADE TECH LTD,Professional,rev1_ai_judge,
CASTROLIND,INE172A01027,CASTROL INDIA LTD,MNC,rev1_ai_judge,
CDSL,INE736A01011,CENTRAL DEPOSITORY SERVICES,Professional,rev1_ai_judge,
CEMPRO,INE686A01026,CEMINDIA PROJECTS LTD,MNC,rev1_ai_judge,
CENTRALBK,INE483A01010,CENTRAL BANK OF INDIA,State,rev1_ai_judge,
CHENNPETRO,INE178A01016,CHENNAI PETROLEUM CORP LTD,State,rev1_ai_judge,
CIEINDIA,INE536H01010,CIE AUTOMOTIVE INDIA LTD,MNC,rev1_ai_judge,
CIGNITITEC,INE675C01017,Cigniti Technologies Limited,Professional,machine_inferred,
CMSINFO,INE925R01014,CMS INFO SYSTEMS LTD,Professional,rev1_ai_judge,
COALINDIA,INE522F01014,COAL INDIA LTD,State,rev1_ai_judge,
COCHINSHIP,INE704P01025,COCHIN SHIPYARD LTD,State,rev1_ai_judge,
COFORGE,INE591G01025,COFORGE LIMITED,MNC,rev1_ai_judge,
COHANCE,INE03QK01018,COHANCE LIFESCIENCES LTD,Professional,rev1_ai_judge,
COLPAL,INE259A01022,COLGATE PALMOLIVE (INDIA),MNC,rev1_ai_judge,
CONCOR,INE111A01025,CONTAINER CORP OF INDIA LTD,State,rev1_ai_judge,
CRAMC,INE218I01013,Canara Robeco Asset Management Company Limited,Professional,machine_inferred,
CREDITACC,INE741K01010,CREDITACCESS GRAMEEN LTD,Professional,rev1_ai_judge,
CRISIL,INE007A01025,CRISIL Limited,Professional,machine_inferred,
CROMPTON,INE299U01018,CROMPTON GREAVES CONSUMER EL,Professional,rev1_ai_judge,
CSBBANK,INE679A01013,CSB BANK LTD,Professional,rev1_ai_judge,
CUB,INE491A01021,CITY UNION BANK LTD,Professional,rev1_ai_judge,
CUMMINSIND,INE298A01020,CUMMINS INDIA LTD,MNC,rev1_ai_judge,
DCBBANK,INE503A01015,DCB BANK LTD,Professional,rev1_ai_judge,
DELHIVERY,INE148O01028,DELHIVERY LTD,Professional,rev1_ai_judge,
ENGINERSIN,INE510A01028,ENGINEERS INDIA LTD,State,rev1_ai_judge,
ENRIN,INE1NPP01017,Siemens Energy India Limited,Professional,machine_inferred,
EPL,INE255A01020,EPL LTD,MNC,rev1_ai_judge,
EQUITASBNK,INE063P01018,EQUITAS SMALL FINANCE BANK L,Professional,rev1_ai_judge,
ETERNAL,INE758T01015,ETERNAL LTD,Professional,rev1_ai_judge,
EUREKAFORB,INE0KCE01017,Eureka Forbes Limited,Professional,machine_inferred,
FACT,INE188A01015,FERTILISERS & CHEM TRAVANCR,State,rev1_ai_judge,
FEDERALBNK,INE171A01029,FEDERAL BANK LTD,Professional,rev1_ai_judge,
FEDFINA,INE007N01010,Fedbank Financial Services Limited,Professional,machine_inferred,
FINOPB,INE02NC01014,FINO PAYMENTS BANK LTD,Professional,rev1_ai_judge,
FORTIS,INE061F01013,FORTIS HEALTHCARE LTD,MNC,rev1_ai_judge,
GAIL,INE129A01019,GAIL INDIA LTD,State,rev1_ai_judge,
GICRE,INE481Y01014,GENERAL INS CORP OF INDIA,State,rev1_ai_judge,
GILLETTE,INE322A01010,GILLETTE INDIA LTD,MNC,rev1_ai_judge,
GLAXO,INE159A01016,GlaxoSmithKline Pharmaceuticals Limited,Professional,machine_inferred,
GMDCLTD,INE131A01031,GUJARAT MINERAL DEV CORP LTD,state,rev1_ai_judge,
GNFC,INE113A01013,GUJARAT NARMADA VALLEY FERT,State,rev1_ai_judge,
GPPL,INE517F01014,GUJARAT PIPAVAV PORT LTD,MNC,rev1_ai_judge,
GRSE,INE382Z01011,GARDEN REACH SHIPBUILDERS &,State,rev1_ai_judge,
GSFC,INE026A01025,GUJARAT STATE FERT & CHEMICA,State,rev1_ai_judge,
GSPL,INE246F01010,GUJARAT STATE PETRONET LTD,State,rev1_ai_judge,
GUJALKALI,INE186A01019,GUJARAT ALKALIES & CHEMICALS,State,rev1_ai_judge,
GUJGASLTD,INE844O01030,GUJARAT GAS LTD,State,rev1_ai_judge,
GVT&D,INE200A01026,GE Vernova T&D India Limited,MNC,machine_inferred,
HAL,INE066F01020,HINDUSTAN AERONAUTICS LTD,State,rev1_ai_judge,
HCG,INE075I01017,Healthcare Global Enterprises Limited,Professional,machine_inferred,
HDBFS,INE756I01012,HDB Financial Services Limited,Professional,machine_inferred,
HDFCAMC,INE127D01025,HDFC ASSET MANAGEMENT CO LTD,Professional,rev1_ai_judge,
HDFCBANK,INE040A01034,HDFC BANK LIMITED,Professional,rev1_ai_judge,
HDFCLIFE,INE795G01014,HDFC LIFE INSURANCE CO LTD,Professional,rev1_ai_judge,
HEMIPROP,INE0AJG01018,Hemisphere Properties India Limited,State,machine_inferred,
HEXT,INE093A01041,Hexaware Technologies Limited,Professional,machine_inferred,
HINDCOPPER,INE531E01026,HINDUSTAN COPPER LTD,State,rev1_ai_judge,
HINDPETRO,INE094A01015,HINDUSTAN PETROLEUM CORP,State,rev1_ai_judge,
HINDUNILVR,INE030A01027,HINDUSTAN UNILEVER LTD,MNC,rev1_ai_judge,
HOMEFIRST,INE481N01025,HOME FIRST FINANCE CO INDIA,Professional,rev1_ai_judge,
HONAUT,INE671A01010,HONEYWELL AUTOMATION INDIA,MNC,rev1_ai_judge,
HUDCO,INE031A01017,HOUSING & URBAN DEV CORP LTD,State,rev1_ai_judge,
HYUNDAI,INE0V6F01027,HYUNDAI MOTOR INDIA LTD,MNC,rev1_ai_judge,
ICICIAMC,INE346A01027,ICICI Prudential Asset Management Company Limited,Professional,machine_inferred,
ICICIBANK,INE090A01021,ICICI BANK LTD,Professional,rev1_ai_judge,
ICICIGI,INE765G01017,ICICI LOMBARD GENERAL INSURA,Professional,rev1_ai_judge,
ICICIPRULI,INE726G01019,ICICI PRUDENTIAL LIFE INSURA,Professional,rev1_ai_judge,
IDBI,INE008A01015,IDBI BANK LTD,State,rev1_ai_judge,
IDFCFIRSTB,INE092T01019,IDFC FIRST BANK LTD,Professional,rev1_ai_judge,
IEX,INE022Q01020,INDIAN ENERGY EXCHANGE LTD,Professional,rev1_ai_judge,
IFCI,INE039A01010,IFCI LTD,State,rev1_ai_judge,
IGIL,INE0Q9301021,International Gemmological Institute (India) Limited,Professional,machine_inferred,
IGL,INE203G01027,INDRAPRASTHA GAS LTD,State,rev1_ai_judge,
INDHOTEL,INE053A01029,INDIAN HOTELS CO LTD,Professional,rev1_ai_judge,
INDIANB,INE562A01011,INDIAN BANK,State,rev1_ai_judge,
IOB,INE565A01014,INDIAN OVERSEAS BANK,State,rev1_ai_judge,
IOC,INE242A01010,INDIAN OIL CORP LTD,State,rev1_ai_judge,
IRCON,INE962Y01021,IRCON INTERNATIONAL LTD,State,rev1_ai_judge,
IRCTC,INE335Y01020,INDIAN RAILWAY CATERING & TO,State,rev1_ai_judge,
IREDA,INE202E01016,Indian Renewable Energy Development Agency Limited,State,machine_inferred,
IRFC,INE053F01010,INDIAN RAILWAY FINANCE CORP,State,rev1_ai_judge,
ITC,INE154A01025,ITC LTD,Professional,rev1_ai_judge,
ITCHOTELS,INE379A01028,ITC Hotels Limited,Professional,machine_inferred,
ITI,INE248A01017,ITI LTD,State,rev1_ai_judge,
J&KBANK,INE168A01041,JAMMU & KASHMIR BANK LTD,State,rev1_ai_judge,
JBCHEPHARM,INE572A01036,J.B. CHEMICALS & PHARMA LTD,Professional,rev1_ai_judge,
JSFB,INE953L01027,Jana Small Finance Bank Limited,Professional,machine_inferred,
KANSAINER,INE531A01024,KANSAI NEROLAC PAINTS LTD,MNC,rev1_ai_judge,
KFINTECH,INE138Y01010,KFIN TECHNOLOGIES LTD,Professional,rev1_ai_judge,
KIOCL,INE880L01014,KIOCL LTD,State,rev1_ai_judge,
KTKBANK,INE614B01018,KARNATAKA BANK LTD,Professional,rev1_ai_judge,
LGEINDIA,INE324D01010,LG Electronics India Limited,Professional,machine_inferred,
LICHSGFIN,INE115A01026,LIC HOUSING FINANCE LTD,State,rev1_ai_judge,
LICI,INE0J1Y01017,LIFE INSURANCE CORPORATION,State,rev1_ai_judge,
LINDEINDIA,INE473A01011,LINDE INDIA LTD,MNC,rev1_ai_judge,
LT,INE018A01030,LARSEN & TOUBRO LTD,Professional,rev1_ai_judge,
LTF,INE498L01015,L&T FINANCE LTD,Professional,rev1_ai_judge,
LTM,INE214T01019,LTM LTD,Professional,rev1_ai_judge,
LTTS,INE010V01017,L&T TECHNOLOGY SERVICES LTD,Professional,rev1_ai_judge,
MAHABANK,INE457A01014,BANK OF MAHARASHTRA,State,rev1_ai_judge,
MARUTI,INE585B01010,MARUTI SUZUKI INDIA LTD,MNC,rev1_ai_judge,
MAZDOCK,INE249Z01020,MAZAGON DOCK SHIPBUILDERS LT,State,rev1_ai_judge,
MCX,INE745G01043,MULTI COMMODITY EXCH INDIA,Professional,rev1_ai_judge,
MGL,INE002S01010,MAHANAGAR GAS LTD,State,rev1_ai_judge,
MIDHANI,INE099Z01011,MISHRA DHATU NIGAM LTD,State,rev1_ai_judge,
MMTC,INE123F01029,MMTC LTD,State,rev1_ai_judge,
MOIL,INE490G01020,MOIL LTD,State,rev1_ai_judge,
MPHASIS,INE356A01018,MPHASIS LTD,Professional,rev1_ai_judge,
MRPL,INE103A01014,MANGALORE REFINERY & PETRO,State,rev1_ai_judge,
MSTCLTD,INE255X01014,MSTC LTD,State,rev1_ai_judge,
NAM-INDIA,INE298J01013,NIPPON LIFE INDIA ASSET MANA,MNC,rev1_ai_judge,
NATIONALUM,INE139A01034,NATIONAL ALUMINIUM CO LTD,State,rev1_ai_judge,
NBCC,INE095N01031,NBCC INDIA LTD,State,rev1_ai_judge,
NESTLEIND,INE239A01024,NESTLE INDIA LTD,MNC,rev1_ai_judge,
NETWORK18,INE870H01013,NETWORK 18 MEDIA & INVTS LTD,Professional,rev1_ai_judge,
NFL,INE870D01012,NATIONAL FERTILIZERS LTD,State,rev1_ai_judge,
NHPC,INE848E01016,NHPC LTD,State,rev1_ai_judge,
NIACL,INE470Y01017,NEW INDIA ASSURANCE CO LTD/T,State,rev1_ai_judge,
NIVABUPA,INE995S01015,Niva Bupa Health Insurance Company Limited,Professional,machine_inferred,
NLCINDIA,INE589A01014,NLC INDIA LTD,State,rev1_ai_judge,
NMDC,INE584A01023,NMDC LTD,State,rev1_ai_judge,
NSLNISP,INE0NNS01018,NMDC STEEL LTD,State,rev1_ai_judge,
NTPC,INE733E01010,NTPC LTD,State,rev1_ai_judge,
NUVAMA,INE531F01023,Nuvama Wealth Management Limited,Professional,machine_inferred,
OFSS,INE881D01027,ORACLE FINANCIAL SERVICES,MNC,rev1_ai_judge,
OIL,INE274J01014,OIL INDIA LTD,State,rev1_ai_judge,
ONGC,INE213A01029,OIL & NATURAL GAS CORP LTD,State,rev1_ai_judge,
ORKLAINDIA,INE16NZ01023,Orkla India Limited,Professional,machine_inferred,
PAYTM,INE982J01020,ONE 97 COMMUNICATIONS LTD,Professional,rev1_ai_judge,
PETRONET,INE347G01014,PETRONET LNG LTD,State,rev1_ai_judge,
PFC,INE134E01011,POWER FINANCE CORPORATION,State,rev1_ai_judge,
PFIZER,INE182A01018,PFIZER LIMITED,MNC,rev1_ai_judge,
PGHH,INE179A01014,PROCTER & GAMBLE HYGIENE,MNC,rev1_ai_judge,
PGHL,INE199A01012,PROCTER & GAMBLE HEALTH LTD,MNC,rev1_ai_judge,
PNB,INE160A01022,PUNJAB NATIONAL BANK,State,rev1_ai_judge,
PNBHOUSING,INE572E01012,PNB HOUSING FINANCE LTD,Professional,rev1_ai_judge,
POLICYBZR,INE417T01026,PB FINTECH LTD,Professional,rev1_ai_judge,
POWERGRID,INE752E01010,POWER GRID CORP OF INDIA LTD,State,rev1_ai_judge,
POWERINDIA,INE07Y701011,HITACHI ENERGY INDIA LTD,MNC,rev1_ai_judge,
PSB,INE608A01012,PUNJAB & SIND BANK,State,rev1_ai_judge,
PTC,INE877F01012,PTC INDIA LTD,State,rev1_ai_judge,
RAILTEL,INE0DD101019,RAILTEL CORP OF INDIA LTD,State,rev1_ai_judge,
RALLIS,INE613A01020,Rallis India Limited,Professional,machine_inferred,
RBA,INE07T201019,RESTAURANT BRANDS ASIA LTD,Professional,rev1_ai_judge,
RBLBANK,INE976G01028,RBL BANK LTD,Professional,rev1_ai_judge,
RCF,INE027A01015,RASHTRIYA CHEMICALS & FERT,State,rev1_ai_judge,
RECLTD,INE020B01018,REC LTD,State,rev1_ai_judge,
REDINGTON,INE891D01026,REDINGTON LTD,MNC,rev1_ai_judge,
RELIGARE,INE621H01010,RELIGARE ENTERPRISES LTD,Professional,rev1_ai_judge,
RENUKA,INE087H01022,SHREE RENUKA SUGARS LTD,MNC,rev1_ai_judge,
RHIM,INE743M01012,RHI MAGNESITA INDIA LTD,MNC,rev1_ai_judge,
RITES,INE320J01015,RITES LTD,State,rev1_ai_judge,
RVNL,INE415G01027,RAIL VIKAS NIGAM LTD,State,rev1_ai_judge,
SAGILITY,INE0W2G01015,SAGILITY LIMITED,Professional,machine_inferred,
SAIL,INE114A01011,STEEL AUTHORITY OF INDIA,State,rev1_ai_judge,
SAMMAANCAP,INE148I01020,SAMMAAN CAPITAL LTD,Professional,rev1_ai_judge,
SANOFI,INE058A01010,SANOFI INDIA LTD,MNC,rev1_ai_judge,
SAPPHIRE,INE806T01020,SAPPHIRE FOODS INDIA LTD,Professional,rev1_ai_judge,
SBFC,INE423Y01016,SBFC FINANCE LTD,Professional,rev1_ai_judge,
SBICARD,INE018E01016,SBI CARDS & PAYMENT SERVICES,State,rev1_ai_judge,
SBILIFE,INE123W01016,SBI LIFE INSURANCE CO LTD,State,rev1_ai_judge,
SBIN,INE062A01020,STATE BANK OF INDIA,State,rev1_ai_judge,
SCHAEFFLER,INE513A01022,SCHAEFFLER INDIA LTD,MNC,rev1_ai_judge,
SCHNEIDER,INE839M01018,SCHNEIDER ELECTRIC INFRASTRU,MNC,rev1_ai_judge,
SCI,INE109A01011,SHIPPING CORP OF INDIA LTD,State,rev1_ai_judge,
SIEMENS,INE003A01024,SIEMENS LTD,MNC,rev1_ai_judge,
SJVN,INE002L01015,SJVN LTD,State,rev1_ai_judge,
SKFINDIA,INE640A01023,SKF INDIA LTD,MNC,rev1_ai_judge,
SKFINDUS,INE2J8701016,SKF India (Industrial) Limited,Professional,machine_inferred,
SOUTHBANK,INE683A01023,SOUTH INDIAN BANK LTD,Professional,rev1_ai_judge,
SUMICHEM,INE258G01013,Sumitomo Chemical India Limited,Professional,machine_inferred,
SWIGGY,INE00H001014,SWIGGY LTD,Professional,rev1_ai_judge,
TATACAP,INE976I01016,Tata Capital Limited,Professional,machine_inferred,
TATACHEM,INE092A01019,TATA CHEMICALS LTD,Professional,rev1_ai_judge,
TATACOMM,INE151A01013,TATA COMMUNICATIONS LTD,Professional,rev1_ai_judge,
TATACONSUM,INE192A01025,TATA CONSUMER PRODUCTS LTD,Professional,rev1_ai_judge,
TATAELXSI,INE670A01012,TATA ELXSI LTD,Professional,rev1_ai_judge,
TATAINVEST,INE672A01026,Tata Investment Corporation Limited,Professional,machine_inferred,
TATAPOWER,INE245A01021,TATA POWER CO LTD,Professional,rev1_ai_judge,
TATASTEEL,INE081A01020,TATA STEEL LTD,Professional,rev1_ai_judge,
TATATECH,INE142M01025,Tata Technologies Limited,Professional,machine_inferred,
TCS,INE467B01029,TATA CONSULTANCY SVCS LTD,Professional,rev1_ai_judge,
TEJASNET,INE010J01012,TEJAS NETWORKS LTD,Professional,rev1_ai_judge,
TENNIND,INE19RI01016,Tenneco Clean Air India Limited,Professional,machine_inferred,
THELEELA,INE0AQ201015,Leela Palaces Hotels & Resorts Limited,Professional,machine_inferred,
THOMASCOOK,INE332A01027,Thomas Cook  (India)  Limited,Professional,machine_inferred,
THYROCARE,INE594H01019,Thyrocare Technologies Limited,Professional,machine_inferred,
TIMKEN,INE325A01013,TIMKEN INDIA LTD,MNC,rev1_ai_judge,
TITAN,INE280A01028,TITAN CO LTD,Professional,rev1_ai_judge,
TMB,INE668A01016,TAMILNAD MERCANTILE BANK,Professional,rev1_ai_judge,
TMCV,INE1TAE01010,Tata Motors Limited,Professional,machine_inferred,
TMPV,INE155A01022,TATA MOTORS PASSENGER VEHICL,Professional,rev1_ai_judge,
TRENT,INE849A01020,TRENT LTD,Professional,rev1_ai_judge,
TTML,INE517B01013,TATA TELESERVICES MAHARASHTR,Professional,rev1_ai_judge,
UBL,INE686F01025,UNITED BREWERIES LTD,MNC,rev1_ai_judge,
UCOBANK,INE691A01018,UCO BANK,State,rev1_ai_judge,
UJJIVANSFB,INE551W01018,UJJIVAN SMALL FINANCE BANK L,Professional,rev1_ai_judge,
UNIONBANK,INE692A01016,UNION BANK OF INDIA,State,rev1_ai_judge,
UNITDSPR,INE854D01024,UNITED SPIRITS LTD,MNC,rev1_ai_judge,
UTIAMC,INE094J01016,UTI ASSET MANAGEMENT CO LTD,Professional,rev1_ai_judge,
UTKARSHBNK,INE735W01017,UTKARSH SMALL FINANCE BANK L,abb,rev1_ai_judge,
VIYASH,INE807F01027,Viyash Scientific Limited,Professional,machine_inferred,
VOLTAS,INE226A01021,VOLTAS LTD,Professional,rev1_ai_judge,
WHIRLPOOL,INE716A01013,WHIRLPOOL OF INDIA LTD,MNC,rev1_ai_judge,
YESBANK,INE528G01035,YES BANK LTD,Professional,rev1_ai_judge,
ZFCVINDIA,INE342J01019,ZF COMMERCIAL VEHICLE CONTRO,MNC,rev1_ai_judge,
,INE001A01036,HOUSING DEVELOPMENT FINANCE,Professional,rev1_ai_judge,
,INE043D01016,IDFC LTD,Professional,rev1_ai_judge,
,INE0BWS23018,ALTIUS TELECOM INFRASTRUCTUR,Professional,rev1_ai_judge,
,INE0FDU25010,BROOKFIELD INDIA REAL ESTATE,MNC,rev1_ai_judge,
,INE0GGX23010,POWERGRID INFRASTRUCTURE INV,State,rev1_ai_judge,
,INE0NDH25011,NEXUS SELECT TRUST,Professional,rev1_ai_judge,
,INE334L01012,UJJIVAN FINANCIAL SERVICES L,Professional,rev1_ai_judge,
,INE493A01027,TATA COFFEE LTD,Professional,rev1_ai_judge,
,INE763G01038,ICICI SECURITIES LTD,Professional,rev1_ai_judge,
IDEA,INE669E01016,VODAFONE IDEA LTD,State,rev1_ai_judge,
