isin,company_name,category,corrected_from_rev1
INE749A01030,JINDAL STEEL LTD,Owner,
INE776C01039,GMR AIRPORTS LTD,Owner,
INE931S01010,ADANI ENERGY SOLUTIONS LTD,Owner,
INE498L01015,L&T FINANCE LTD,Professional,
INE055A01016,ADITYA BIRLA REAL ESTATE LTD,Owner,
INE069I01010,EMBASSY DEVELOPMENTS LTD,Owner,
INE148I01020,SAMMAAN CAPITAL LTD,Professional,Owner
INE483S01020,AVENUESAI LTD,Owner,
INE885A01032,AMARA RAJA ENERGY & MOBILITY,Owner,
INE155A01022,TATA MOTORS PASSENGER VEHICL,Professional,
INE208C01025,AEGIS LOGISTICS LTD,Owner,
INE214T01019,LTM LTD,Professional,
INE699H01024,AWL AGRI BUSINESS LTD,Owner,
INE03Q201024,ALIVUS LIFE SCIENCES LTD,Owner,
INE00FF01025,ACUTAAS CHEMICALS LTD,Owner,
INE0BWS23018,ALTIUS TELECOM INFRASTRUCTUR,Professional,
INE03QK01018,COHANCE LIFESCIENCES LTD,Professional,
INE192B01031,WELSPUN LIVING LTD,Owner,
INE813A01018,MAHINDRA LIFESPACE DEVELOPER,Owner,
INE665A01038,SWAN CORP LTD,Owner,
INE292B01021,HBL ENGINEERING LTD,Owner,
INE818H01020,LT FOODS LTD,Owner,
INE879I01012,VALOR ESTATE LTD,Owner,
INE686A01026,CEMINDIA PROJECTS LTD,MNC,
INE001A01036,HOUSING DEVELOPMENT FINANCE,Professional,
INE001B01026,KRBL LTD,Owner,
INE002A01018,RELIANCE INDUSTRIES LIMITED,Owner,
INE002L01015,SJVN LTD,State,
INE002S01010,MAHANAGAR GAS LTD,State,
INE003A01024,SIEMENS LTD,MNC,
INE006I01046,ASTRAL LTD,Owner,
INE008A01015,IDBI BANK LTD,State,
INE009A01021,INFOSYS LTD,Professional,
INE00E101023,BIKAJI FOODS INTERNATIONAL L,Owner,
INE00F201020,PRUDENT CORPORATE ADVISORY S,Owner,
INE00H001014,SWIGGY LTD,Professional,
INE00LO01017,CRAFTSMAN AUTOMATION LTD,Owner,
INE00M201021,STERLING AND WILSON RENEWABL,Owner,
INE00R701025,DALMIA BHARAT LTD,Owner,
INE00WC01027,AFFLE 3I LTD,Owner,
INE010B01027,ZYDUS LIFESCIENCES LTD,Owner,
INE010J01012,TEJAS NETWORKS LTD,Professional,
INE010V01017,L&T TECHNOLOGY SERVICES LTD,Professional,
INE011K01018,TEGA INDUSTRIES LTD,Owner,
INE012A01025,ACC LTD,Owner,
INE016A01026,DABUR INDIA LTD,Owner,
INE017A01032,GREAT EASTERN SHIPPING CO,Owner,
INE018A01030,LARSEN & TOUBRO LTD,Professional,
INE018E01016,SBI CARDS & PAYMENT SERVICES,State,
INE019A01038,JSW STEEL LTD,Owner,
INE019C01026,HIMADRI SPECIALITY CHEMICAL,Owner,
INE01EA01019,VISHAL MEGA MART LTD,Owner,
INE020B01018,REC LTD,State,
INE021A01026,ASIAN PAINTS LTD,Owner,
INE021O01019,DODLA DAIRY LTD,Owner,
INE022Q01020,INDIAN ENERGY EXCHANGE LTD,Professional,
INE024L01027,GRAVITA INDIA LTD,Owner,
INE026A01025,GUJARAT STATE FERT & CHEMICA,State,
INE027A01015,RASHTRIYA CHEMICALS & FERT,State,
INE027H01010,MAX HEALTHCARE INSTITUTE LTD,Owner,
INE028A01039,BANK OF BARODA,State,
INE029A01011,BHARAT PETROLEUM CORP LTD,State,
INE02NC01014,FINO PAYMENTS BANK LTD,Professional,
INE02YR01019,ELECTRONICS MART INDIA LTD,Owner,
INE030A01027,HINDUSTAN UNILEVER LTD,MNC,
INE031A01017,HOUSING & URBAN DEV CORP LTD,State,
INE031B01049,AJANTA PHARMA LTD,Owner,
INE032A01023,BOMBAY DYEING & MFG CO LTD,Owner,
INE034A01011,ARVIND LTD,Owner,
INE036A01016,RELIANCE INFRASTRUCTURE LTD,Owner,
INE036B01030,GUJARAT AMBUJA EXPORTS LTD,Owner,
INE036D01028,KARUR VYSYA BANK LTD,Professional,
INE038A01020,HINDALCO INDUSTRIES LTD,Owner,
INE039A01010,IFCI LTD,State,
INE039C01032,JAMNA AUTO INDUSTRIES LTD,Owner,
INE040A01034,HDFC BANK LIMITED,Professional,
INE040H01021,SUZLON ENERGY LTD,Owner,
INE041025011,EMBASSY OFFICE PARKS REIT,Owner,
INE042A01014,ESCORTS KUBOTA LTD,Owner,
INE043D01016,IDFC LTD,Professional,
INE043W01024,VIJAYA DIAGNOSTIC CENTRE PVT,Owner,
INE044A01036,SUN PHARMACEUTICAL INDUS,Owner,
INE045601023,PARAS DEFENCE & SPACE TECHNO,Owner,
INE047A01021,GRASIM INDUSTRIES LTD,Owner,
INE048G01026,NAVIN FLUORINE INTERNATIONAL,Owner,
INE049B01025,WOCKHARDT LTD,Owner,
INE04I401011,KPIT TECHNOLOGIES LTD,Owner,
INE050A01025,BOMBAY BURMAH TRADING CORP,Owner,
INE051B01021,VAKRANGEE LTD,Owner,
INE052I01032,CAMLIN FINE SCIENCES LTD,Owner,
INE053A01029,INDIAN HOTELS CO LTD,Professional,
INE053F01010,INDIAN RAILWAY FINANCE CORP,State,
INE054A01027,V.I.P. INDUSTRIES LTD,Owner,
INE055S01018,CYIENT DLM LTD,Owner,
INE058A01010,SANOFI INDIA LTD,MNC,
INE059A01026,CIPLA LTD,Owner,
INE061F01013,FORTIS HEALTHCARE LTD,MNC,
INE062A01020,STATE BANK OF INDIA,State,
INE063P01018,EQUITAS SMALL FINANCE BANK L,Professional,
INE064C01022,TRIDENT LTD,Owner,
INE066A01021,EICHER MOTORS LTD,Owner,
INE066F01020,HINDUSTAN AERONAUTICS LTD,State,
INE067A01029,CG POWER AND INDUSTRIAL SOLU,Owner,
INE068V01023,GLAND PHARMA LTD,Owner,
INE070A01015,SHREE CEMENT LTD,Owner,
INE070D01027,JAI CORP LTD,Owner,
INE073K01018,SONA BLW PRECISION FORGINGS,Owner,
INE074A01025,PRAJ INDUSTRIES LTD,Owner,
INE075A01022,WIPRO LTD,Owner,
INE079A01024,AMBUJA CEMENTS LTD,Owner,
INE07O001026,EASY TRIP PLANNERS LTD,Owner,
INE07T201019,RESTAURANT BRANDS ASIA LTD,Professional,
INE07Y701011,HITACHI ENERGY INDIA LTD,MNC,
INE081A01020,TATA STEEL LTD,Professional,
INE084A01016,BANK OF INDIA,State,
INE085A01013,CHAMBAL FERTILISERS & CHEM,Owner,
INE086A01029,ELECTROSTEEL CASTINGS LTD,Owner,
INE087H01022,SHREE RENUKA SUGARS LTD,MNC,
INE088F01024,PARADEEP PHOSPHATES LTD,Owner,
INE089A01031,DR. REDDY'S LABORATORIES,Owner,
INE089C01029,STERLITE TECHNOLOGIES LTD,Owner,
INE08LI01020,KRSNAA DIAGNOSTICS LTD,Owner,
INE090A01021,ICICI BANK LTD,Professional,
INE091G01026,JAI BALAJI INDUSTRIES LTD,Owner,
INE092A01019,TATA CHEMICALS LTD,Professional,
INE092T01019,IDFC FIRST BANK LTD,Professional,
INE093I01010,OBEROI REALTY LTD,Owner,
INE094A01015,HINDUSTAN PETROLEUM CORP,State,
INE094I01018,KOLTE-PATIL DEVELOPERS LTD,Owner,
INE094J01016,UTI ASSET MANAGEMENT CO LTD,Professional,
INE095A01012,INDUSIND BANK LTD,Owner,
INE095N01031,NBCC INDIA LTD,State,
INE099Z01011,MISHRA DHATU NIGAM LTD,State,
INE09N301011,GUJARAT FLUOROCHEMICALS LTD,Owner,
INE09VQ01012,INDIGO PAINTS LTD,Owner,
INE0BJS01011,GO FASHION INDIA LTD,Owner,
INE0BV301023,CE INFO SYSTEMS LTD,Owner,
INE0BWX01014,AETHER INDUSTRIES LTD,Owner,
INE0BY001018,JUBILANT INGREVIA LTD,Owner,
INE0CCU25019,MINDSPACE BUSINESS PARKS REI,Owner,
INE0CLI01024,RATEGAIN TRAVEL TECHNOLOGIES,Owner,
INE0D6701023,INDIA PESTICIDES LTD,Owner,
INE0DD101019,RAILTEL CORP OF INDIA LTD,State,
INE0DK501011,PIRAMAL PHARMA LTD,Owner,
INE0DYJ01015,SYRMA SGS TECHNOLOGY LTD,Owner,
INE0ECP01024,HMA AGRO INDUSTRIES LTD,Owner,
INE0FDU25010,BROOKFIELD INDIA REAL ESTATE,MNC,
INE0FS801015,MOTHERSON SUMI WIRING INDIA,Owner,
INE0GGX23010,POWERGRID INFRASTRUCTURE INV,State,
INE0GK401011,TATVA CHINTAN PHARMA CHEM LT,Owner,
INE0I7C01011,LATENT VIEW ANALYTICS LTD,Owner,
INE0IX101010,DATA PATTERNS INDIA LTD,Owner,
INE0J1Y01017,LIFE INSURANCE CORPORATION,State,
INE0JA001018,VENUS PIPES & TUBES LTD,Owner,
INE0JS101016,DREAMFOLKS SERVICES LTD,Owner,
INE0JUS01029,HARSHA ENGINEERS INTERNATION,Owner,
INE0KL801015,DCX SYSTEMS LTD,Owner,
INE0LCL01028,AVALON TECHNOLOGIES LTD,Owner,
INE0NDH25011,NEXUS SELECT TRUST,Professional,
INE0NNS01018,NMDC STEEL LTD,State,
INE0V6F01027,HYUNDAI MOTOR INDIA LTD,MNC,
INE100A01010,ATUL LTD,Owner,
INE101A01026,MAHINDRA & MAHINDRA LTD,Owner,
INE101D01020,GRANULES INDIA LTD,Owner,
INE102B01014,CHOICE INTERNATIONAL LTD,Owner,
INE102D01028,GODREJ CONSUMER PRODUCTS LTD,Owner,
INE103A01014,MANGALORE REFINERY & PETRO,State,
INE109A01011,SHIPPING CORP OF INDIA LTD,State,
INE111A01025,CONTAINER CORP OF INDIA LTD,State,
INE111Q01021,PDS LTD,Owner,
INE112L01020,METROPOLIS HEALTHCARE LTD,Owner,
INE113A01013,GUJARAT NARMADA VALLEY FERT,State,
INE114A01011,STEEL AUTHORITY OF INDIA,State,
INE115A01026,LIC HOUSING FINANCE LTD,State,
INE117A01022,ABB INDIA LTD,MNC,
INE118A01012,BAJAJ HOLDINGS AND INVESTMEN,Owner,
INE118D01016,NUVOCO VISTAS CORP LTD,Owner,
INE118H01025,BSE LTD,Professional,
INE119A01028,BALRAMPUR CHINI MILLS LTD,Owner,
INE120A01034,CARBORUNDUM UNIVERSAL LTD,Owner,
INE121A01024,CHOLAMANDALAM INVESTMENT AND,Owner,
INE121E01018,JSW ENERGY LTD,Owner,
INE121J01017,INDUS TOWERS LTD,Owner,
INE123F01029,MMTC LTD,State,
INE123W01016,SBI LIFE INSURANCE CO LTD,State,
INE124G01033,DELTA CORP LTD,Owner,
INE126A01031,EID PARRY INDIA LTD,Owner,
INE126J01016,APOLLO PIPES LTD,Owner,
INE127D01025,HDFC ASSET MANAGEMENT CO LTD,Professional,
INE128S01021,FIVE-STAR BUSINESS FINANCE L,Owner,
INE128X01021,ARCHEAN CHEMICAL INDUSTRIES,Owner,
INE129A01019,GAIL INDIA LTD,State,
INE131A01031,GUJARAT MINERAL DEV CORP LTD,state,
INE134E01011,POWER FINANCE CORPORATION,State,
INE136B01020,CYIENT LTD,Owner,
INE138Y01010,KFIN TECHNOLOGIES LTD,Professional,
INE139A01034,NATIONAL ALUMINIUM CO LTD,State,
INE139R01012,FUSION FINANCE LTD,Owner,
INE140A01024,PIRAMAL ENTERPRISES LTD,Owner,
INE142Q01026,SULA VINEYARDS LTD,Owner,
INE144Z01023,TARSONS PRODUCTS LTD,Owner,
INE146L01010,KIRLOSKAR OIL ENGINES LTD,Owner,
INE148O01028,DELHIVERY LTD,Professional,
INE149A01033,CHOLAMANDALAM FINANCIAL HOLD,Owner,
INE150G01020,LUX INDUSTRIES LTD,Owner,
INE151A01013,TATA COMMUNICATIONS LTD,Professional,
INE152A01029,THERMAX LTD,Owner,
INE152M01016,TRIVENI TURBINE LTD,Owner,
INE153T01027,BLS INTERNATIONAL LTD,Owner,
INE154A01025,ITC LTD,Professional,
INE158A01026,HERO MOTOCORP LTD,Owner,
INE160A01022,PUNJAB NATIONAL BANK,State,
INE163A01018,NOCIL LTD,Owner,
INE164A01016,BALMER LAWRIE & CO LTD,State,
INE168A01041,JAMMU & KASHMIR BANK LTD,State,
INE169A01031,COROMANDEL INTERNATIONAL LTD,Owner,
INE171A01029,FEDERAL BANK LTD,Professional,
INE171Z01026,BHARAT DYNAMICS LTD,State,
INE172A01027,CASTROL INDIA LTD,MNC,
INE175A01038,JAIN IRRIGATION SYSTEMS LTD,Owner,
INE176A01028,BATA INDIA LTD,MNC,
INE176B01034,HAVELLS INDIA LTD,Owner,
INE177H01039,GODAWARI POWER AND ISPAT LTD,Owner,
INE178A01016,CHENNAI PETROLEUM CORP LTD,State,
INE179A01014,PROCTER & GAMBLE HYGIENE,MNC,
INE180A01020,MAX FINANCIAL SERVICES LTD,Owner,
INE180C01042,CAPRI GLOBAL CAPITAL LTD,Owner,
INE182A01018,PFIZER LIMITED,MNC,
INE183A01024,FINOLEX INDUSTRIES LTD,Owner,
INE186A01019,GUJARAT ALKALIES & CHEMICALS,State,
INE188A01015,FERTILISERS & CHEM TRAVANCR,State,
INE191B01025,WELSPUN CORP LTD,Owner,
INE191H01014,PVR INOX LTD,Owner,
INE192A01025,TATA CONSUMER PRODUCTS LTD,Professional,
INE192R01011,AVENUE SUPERMARTS LTD,Owner,
INE195A01028,SUPREME INDUSTRIES LTD,Owner,
INE195J01029,PNC INFRATECH LTD,Owner,
INE196A01026,MARICO LTD,Owner,
INE199A01012,PROCTER & GAMBLE HEALTH LTD,MNC,
INE200M01039,VARUN BEVERAGES LTD,Owner,
INE201P01022,G R INFRAPROJECTS LTD,Owner,
INE203G01027,INDRAPRASTHA GAS LTD,State,
INE205A01025,VEDANTA LTD,Owner,
INE205B01031,ELECON ENGINEERING CO LTD,Owner,
INE205C01021,POLY MEDICURE LTD,Owner,
INE208A01029,ASHOK LEYLAND LTD,Owner,
INE209L01016,JUPITER WAGONS LTD,Owner,
INE211B01039,PHOENIX MILLS LTD,Owner,
INE212H01026,AIA ENGINEERING LTD,Owner,
INE213A01029,OIL & NATURAL GAS CORP LTD,State,
INE216A01030,BRITANNIA INDUSTRIES LTD,Owner,
INE216P01012,AAVAS FINANCIERS LTD,Professional,
INE217B01036,KAJARIA CERAMICS LTD,Owner,
INE220B01022,KALPATARU PROJECTS INTERNATI,Owner,
INE220G01021,JINDAL STAINLESS LTD,Owner,
INE224A01026,GREAVES COTTON LTD,Owner,
INE226A01021,VOLTAS LTD,Professional,
INE227W01023,CLEAN SCIENCE & TECHNOLOGY L,Owner,
INE228A01035,USHA MARTIN LTD,Owner,
INE230A01023,EIH LTD,Owner,
INE232I01014,SUN PHARMA ADVANCED RESEARCH,Owner,
INE233A01035,GODREJ INDUSTRIES LTD,Owner,
INE235A01022,FINOLEX CABLES LTD,Owner,
INE237A01036,KOTAK MAHINDRA BANK LTD,Owner,
INE238A01034,AXIS BANK LTD,Professional,
INE239A01024,NESTLE INDIA LTD,MNC,
INE242A01010,INDIAN OIL CORP LTD,State,
INE242C01024,ANANT RAJ LTD,Owner,
INE244B01030,PATEL ENGINEERING LTD,Owner,
INE244O01017,UNIPARTS INDIA LTD,Owner,
INE245A01021,TATA POWER CO LTD,Professional,
INE246F01010,GUJARAT STATE PETRONET LTD,State,
INE248A01017,ITI LTD,State,
INE249Z01020,MAZAGON DOCK SHIPBUILDERS LT,State,
INE251B01027,ZEN TECHNOLOGIES LTD,Owner,
INE255A01020,EPL LTD,MNC,
INE255X01014,MSTC LTD,State,
INE256A01028,ZEE ENTERTAINMENT ENTERPRISE,Owner,
INE256C01024,TRIVENI ENGINEERING & INDUS,Owner,
INE257A01026,BHARAT HEAVY ELECTRICALS,State,
INE258A01024,BEML LTD,State,
INE259A01022,COLGATE PALMOLIVE (INDIA),MNC,
INE260B01028,GODFREY PHILLIPS INDIA LTD,Owner,
INE260D01016,OLECTRA GREENTECH LTD,Owner,
INE262H01021,PERSISTENT SYSTEMS LTD,Owner,
INE263A01024,BHARAT ELECTRONICS LTD,State,
INE263M01029,KEYSTONE REALTORS LTD,Owner,
INE267A01025,HINDUSTAN ZINC LTD,Owner,
INE269A01021,SONATA SOFTWARE LTD,Owner,
INE270A01029,ALOK INDUSTRIES LTD,Owner,
INE271B01025,MAHARASHTRA SEAMLESS LTD,Owner,
INE271C01023,DLF LTD,Owner,
INE274F01020,WESTLIFE FOODWORLD LTD,Owner,
INE274G01010,DHANI SERVICES LTD,Owner,
INE274J01014,OIL INDIA LTD,State,
INE278Y01022,CAMPUS ACTIVEWEAR LTD,Owner,
INE280A01028,TITAN CO LTD,Professional,
INE285A01027,ELGI EQUIPMENTS LTD,Owner,
INE285K01026,TECHNO ELECTRIC & ENGINEERIN,Owner,
INE288B01029,DEEPAK NITRITE LTD,Owner,
INE290S01011,CARTRADE TECH LTD,Professional,
INE296A01032,BAJAJ FINANCE LTD,Owner,
INE298A01020,CUMMINS INDIA LTD,MNC,
INE298J01013,NIPPON LIFE INDIA ASSET MANA,MNC,
INE299U01018,CROMPTON GREAVES CONSUMER EL,Professional,
INE301A01014,RAYMOND LTD,Owner,
INE302A01020,EXIDE INDUSTRIES LTD,Owner,
INE303R01014,KALYAN JEWELLERS INDIA LTD,Owner,
INE306A01021,BAJAJ HINDUSTHAN SUGAR LTD,Owner,
INE306R01017,INTELLECT DESIGN ARENA LTD,Owner,
INE317I01021,METRO BRANDS LTD,Owner,
INE318A01026,PIDILITE INDUSTRIES LTD,Owner,
INE320J01015,RITES LTD,State,
INE322A01010,GILLETTE INDIA LTD,MNC,
INE323A01026,BOSCH LTD,MNC,
INE324A01032,JINDAL SAW LTD,Owner,
INE325A01013,TIMKEN INDIA LTD,MNC,
INE326A01037,LUPIN LTD,Owner,
INE331A01037,RAMCO CEMENTS LTD/THE,Owner,
INE334L01012,UJJIVAN FINANCIAL SERVICES L,Professional,
INE335A01020,SURYA ROSHNI LTD,Owner,
INE335Y01020,INDIAN RAILWAY CATERING & TO,State,
INE338H01029,CONCORD BIOTECH LTD,Owner,
INE338I01027,MOTILAL OSWAL FINANCIAL SERV,Owner,
INE340A01012,BIRLA CORP LTD,Owner,
INE342J01019,ZF COMMERCIAL VEHICLE CONTRO,MNC,
INE343B01030,RAJESH EXPORTS LTD,Owner,
INE343H01029,SOLAR INDUSTRIES INDIA LTD,Owner,
INE347G01014,PETRONET LNG LTD,State,
INE348A01023,ASHAPURA MINECHEM LTD,Owner,
INE348B01021,CENTURY PLYBOARDS INDIA LTD,Owner,
INE349A01021,NRB BEARINGS LTD,Owner,
INE349Y01013,IDEAFORGE TECHNOLOGY LTD,Owner,
INE351F01018,JAIPRAKASH POWER VENTURES LT,Owner,
INE356A01018,MPHASIS LTD,Professional,
INE358A01014,ABBOTT INDIA LTD,MNC,
INE361B01024,DIVI'S LABORATORIES LTD,Owner,
INE364U01010,ADANI GREEN ENERGY LTD,Owner,
INE366I01010,VRL LOGISTICS LTD,Owner,
INE371A01025,GRAPHITE INDIA LTD,Owner,
INE371P01015,AMBER ENTERPRISES INDIA LTD,Owner,
INE372A01015,APAR INDUSTRIES LTD,Owner,
INE376G01013,BIOCON LTD,Owner,
INE377N01017,WAAREE ENERGIES LTD,Owner,
INE382Z01011,GARDEN REACH SHIPBUILDERS &,State,
INE383A01012,INDIA CEMENTS LTD,Owner,
INE385W01011,DISHMAN CARBOGEN AMCIS LTD,Owner,
INE386C01029,ASTRA MICROWAVE PRODUCTS LTD,Owner,
INE388G01026,TWAMEV CONSTRUCTION AND INFR,Owner,Professional
INE388Y01029,FSN E-COMMERCE VENTURES LTD,Owner,
INE389H01022,KEC INTERNATIONAL LTD,Owner,
INE391J01032,JTL INDUSTRIES LTD,Owner,
INE395N01027,TVS SUPPLY CHAIN SOLUTIONS L,Owner,
INE397D01024,BHARTI AIRTEL LTD,Owner,
INE398A01010,VENKY'S (INDIA) LTD,Owner,
INE398R01022,SYNGENE INTERNATIONAL LTD,Owner,
INE399G01023,RAMKRISHNA FORGINGS LTD,Owner,
INE399K01017,RATTANINDIA POWER LTD,Owner,
INE399L01023,ADANI TOTAL GAS LTD,Owner,
INE404A01024,ADITYA BIRLA SUN LIFE AMC LT,Owner,
INE405E01023,UNO MINDA LTD,Owner,
INE406A01037,AUROBINDO PHARMA LTD,Owner,
INE406M01024,ERIS LIFESCIENCES LTD,Owner,
INE410B01037,VINATI ORGANICS LTD,Owner,
INE410P01011,NARAYANA HRUDAYALAYA LTD,Owner,
INE414G01012,MUTHOOT FINANCE LTD,Owner,
INE415A01038,AGI GREENPAC LTD,Owner,
INE415G01027,RAIL VIKAS NIGAM LTD,State,
INE417T01026,PB FINTECH LTD,Professional,
INE418L01047,NAZARA TECHNOLOGIES LTD,Owner,
INE419U01012,HAPPIEST MINDS TECHNOLOGIES,Owner,
INE421D01022,CCL PRODUCTS INDIA LTD,Owner,
INE423A01024,ADANI ENTERPRISES LTD,Owner,
INE423Y01016,SBFC FINANCE LTD,Professional,
INE424H01027,SUN TV NETWORK LTD,Owner,
INE425B01027,BRIGHTCOM GROUP LTD,Owner,
INE427F01016,CHALET HOTELS LTD,Owner,
INE428Q01011,SURYODAY SMALL FINANCE BANK,Owner,
INE429E01023,SAFARI INDUSTRIES INDIA LTD,Owner,
INE437A01024,APOLLO HOSPITALS ENTERPRISE,Owner,
INE438A01022,APOLLO TYRES LTD,Owner,
INE439A01020,ASAHI INDIA GLASS LTD,Owner,
INE442H01029,ASHOKA BUILDCON LTD,Owner,
INE450U01017,ROUTE MOBILE LTD,Owner,
INE451A01017,FORCE MOTORS LTD,Owner,
INE452O01016,FUTURE LIFESTYLE FASHIONS LT,Owner,
INE455F01025,JAIPRAKASH ASSOCIATES LTD,Owner,
INE455I01029,KAVERI SEED CO LTD,Owner,
INE455K01017,POLYCAB INDIA LTD,Owner,
INE457A01014,BANK OF MAHARASHTRA,State,
INE457L01029,PG ELECTROPLAST LTD,Owner,
INE461D01028,HLE GLASCOAT LTD,Owner,
INE462A01022,BAYER CROPSCIENCE LTD,MNC,
INE463A01038,BERGER PAINTS INDIA LTD,Owner,
INE463V01026,ANAND RATHI WEALTH LTD,Owner,
INE465A01025,BHARAT FORGE LTD,Owner,
INE466L01038,360 ONE WAM LTD,Owner,
INE467B01029,TATA CONSULTANCY SVCS LTD,Professional,
INE470A01017,3M INDIA LTD,MNC,
INE470Y01017,NEW INDIA ASSURANCE CO LTD/T,State,
INE472A01039,BLUE STAR LTD,Owner,
INE473A01011,LINDE INDIA LTD,MNC,
INE473B01035,HATSUN AGRO PRODUCT LTD,Owner,
INE474Q01031,GLOBAL HEALTH LTD/INDIA,Owner,
INE476A01022,CANARA BANK,State,
INE477A01020,CAN FIN HOMES LTD,State,
INE481G01011,ULTRATECH CEMENT LTD,Owner,
INE481N01025,HOME FIRST FINANCE CO INDIA,Professional,
INE481Y01014,GENERAL INS CORP OF INDIA,State,
INE482A01020,CEAT LTD,Owner,
INE483A01010,CENTRAL BANK OF INDIA,State,
INE483C01032,TANLA PLATFORMS LTD,Owner,
INE484J01027,GODREJ PROPERTIES LTD,Owner,
INE485C01029,IOL CHEMICALS AND PHARMA LTD,Owner,
INE486A01021,CESC LTD,Owner,
INE488A01050,CHEMPLAST SANMAR LTD,Owner,
INE490G01020,MOIL LTD,State,
INE491A01021,CITY UNION BANK LTD,Professional,
INE493A01027,TATA COFFEE LTD,Professional,
INE494B01023,TVS MOTOR CO LTD,Owner,
INE495A01022,DALMIA BHARAT SUGAR & INDUST,Owner,
INE495B01038,SUVEN LIFE SCIENCES LTD,Owner,
INE499A01024,DCM SHRIRAM LTD,Owner,
INE501A01019,DEEPAK FERTILISERS & PETRO,Owner,
INE503A01015,DCB BANK LTD,Professional,
INE508G01029,TIME TECHNOPLAST LTD,Owner,
INE510A01028,ENGINEERS INDIA LTD,State,
INE511C01022,POONAWALLA FINCORP LTD,Owner,
INE513A01022,SCHAEFFLER INDIA LTD,MNC,
INE516A01017,UFLEX LTD,Owner,
INE517B01013,TATA TELESERVICES MAHARASHTR,Professional,
INE517F01014,GUJARAT PIPAVAV PORT LTD,MNC,
INE520A01027,ZENSAR TECHNOLOGIES LTD,Owner,
INE522D01027,MANAPPURAM FINANCE LTD,Owner,
INE522F01014,COAL INDIA LTD,State,
INE524A01029,GABRIEL INDIA LTD,Owner,
INE528G01035,YES BANK LTD,Professional,
INE530B01024,IIFL FINANCE LTD,Owner,
INE531A01024,KANSAI NEROLAC PAINTS LTD,MNC,
INE531E01026,HINDUSTAN COPPER LTD,State,
INE532F01054,EDELWEISS FINANCIAL SERVICES,Owner,
INE536H01010,CIE AUTOMOTIVE INDIA LTD,MNC,
INE539A01019,GHCL LTD,Owner,
INE540H01012,VOLTAMP TRANSFORMERS LTD,Owner,
INE540L01014,ALKEM LABORATORIES LTD,Owner,
INE541A01023,GMM PFAUDLER LTD,Owner,
INE545A01024,HEG LTD,Owner,
INE545U01014,BANDHAN BANK LTD,Owner,
INE548A01028,HFCL LTD,Owner,
INE548C01032,EMAMI LTD,Owner,
INE549A01026,HINDUSTAN CONSTRUCTION CO,Owner,
INE551W01018,UJJIVAN SMALL FINANCE BANK L,Professional,
INE559R01029,LANDMARK CARS LTD,Owner,
INE562A01011,INDIAN BANK,State,
INE565A01014,INDIAN OVERSEAS BANK,State,
INE570A01022,ION EXCHANGE (INDIA) LTD,Owner,
INE571A01038,IPCA LABORATORIES LTD,Owner,
INE572A01036,J.B. CHEMICALS & PHARMA LTD,Professional,
INE572E01012,PNB HOUSING FINANCE LTD,Professional,
INE572J01011,SPANDANA SPHOORTY FINANCIAL,Owner,
INE573A01042,JK TYRE & INDUSTRIES LTD,Owner,
INE575P01011,STAR HEALTH & ALLIED INSURAN,Professional,
INE576O01020,LAXMI ORGANIC INDUSTRIES LTD,Owner,
INE584A01023,NMDC LTD,State,
INE585B01010,MARUTI SUZUKI INDIA LTD,MNC,
INE586V01016,TCI EXPRESS LTD,Owner,
INE589A01014,NLC INDIA LTD,State,
INE591G01025,COFORGE LIMITED,MNC,
INE596I01020,COMPUTER AGE MANAGEMENT SERV,Professional,
INE597J01018,SHALBY LTD,Owner,
INE599M01018,JUST DIAL LTD,Owner,
INE600K01018,GALAXY SURFACTANTS LTD,Owner,
INE600L01024,DR LAL PATHLABS LTD,Owner,
INE602A01031,PCBL CHEMICAL LTD,Owner,
INE602W01027,SENCO GOLD LTD,Owner,
INE603A01013,PRAKASH INDUSTRIES LTD,Owner,
INE603J01030,PI INDUSTRIES LTD,Owner,
INE608A01012,PUNJAB & SIND BANK,State,
INE614B01018,KARNATAKA BANK LTD,Professional,
INE614G01033,RELIANCE POWER LTD,Owner,
INE615H01020,TITAGARH RAIL SYSTEM LTD,Owner,
INE615I01010,GLOBUS SPIRITS LTD,Owner,
INE615P01015,QUESS CORP LTD,Owner,
INE619A01035,PATANJALI FOODS LTD,Owner,
INE621H01010,RELIGARE ENTERPRISES LTD,Professional,
INE621L01012,TEXMACO RAIL & ENGINEERING L,Owner,
INE624Z01016,SOLARA ACTIVE PHARMA SCIENCE,Owner,
INE628A01036,UPL LTD,Owner,
INE634I01029,KNR CONSTRUCTIONS LTD,Owner,
INE634S01028,MANKIND PHARMA LTD,Owner,
INE640A01023,SKF INDIA LTD,MNC,
INE645S01024,ROLEX RINGS LTD,Owner,
INE646L01027,INTERGLOBE AVIATION LTD,Owner,
INE647A01010,SRF LTD,Owner,
INE647O01011,ADITYA BIRLA FASHION AND RET,Owner,
INE660A01013,SUNDARAM FINANCE LTD,Owner,
INE663F01032,INFO EDGE INDIA LTD,Owner,
INE665L01035,VARROC ENGINEERING LTD,Owner,
INE666D01022,BOROSIL RENEWABLES LTD,Owner,
INE668A01016,TAMILNAD MERCANTILE BANK,Professional,
INE668F01031,JYOTHY LABS LTD,Owner,
INE669C01036,TECH MAHINDRA LTD,Owner,
INE669E01016,VODAFONE IDEA LTD,State,
INE670A01012,TATA ELXSI LTD,Professional,
INE670K01029,LODHA DEVELOPERS LTD,Owner,
INE671A01010,HONEYWELL AUTOMATION INDIA,MNC,
INE671H01015,SOBHA LTD,Owner,
INE674K01013,ADITYA BIRLA CAPITAL LTD,Owner,
INE679A01013,CSB BANK LTD,Professional,
INE679V01027,ADITYA VISION LTD,Owner,
INE683A01023,SOUTH INDIAN BANK LTD,Professional,
INE684F01012,FIRSTSOURCE SOLUTIONS LTD,Owner,
INE685A01028,TORRENT PHARMACEUTICALS LTD,Owner,
INE686F01025,UNITED BREWERIES LTD,MNC,
INE686Y01026,FINE ORGANIC INDUSTRIES LTD,Owner,
INE688D01026,RESPONSIVE INDUSTRIES LTD,Owner,
INE690A01028,TTK PRESTIGE LTD,Owner,
INE691A01018,UCO BANK,State,
INE692A01016,UNION BANK OF INDIA,State,
INE702C01027,APL APOLLO TUBES LTD,Owner,
INE703B01027,RATNAMANI METALS & TUBES LTD,Owner,
INE704P01025,COCHIN SHIPYARD LTD,State,
INE716A01013,WHIRLPOOL OF INDIA LTD,MNC,
INE721A01047,SHRIRAM FINANCE LTD,Owner,
INE725A01030,NAVA LTD,Owner,
INE726G01019,ICICI PRUDENTIAL LIFE INSURA,Professional,
INE731H01025,ACTION CONSTRUCTION EQUIPMEN,Owner,
INE732I01021,ANGEL ONE LTD,Owner,
INE733E01010,NTPC LTD,State,
INE735W01017,UTKARSH SMALL FINANCE BANK L,abb,
INE736A01011,CENTRAL DEPOSITORY SERVICES,Professional,
INE738I01010,ECLERX SERVICES LTD,Owner,
INE739E01017,CERA SANITARYWARE LTD,Owner,
INE741K01010,CREDITACCESS GRAMEEN LTD,Professional,
INE742F01042,ADANI PORTS AND SPECIAL ECON,Owner,
INE743M01012,RHI MAGNESITA INDIA LTD,MNC,
INE745G01043,MULTI COMMODITY EXCH INDIA,Professional,
INE750C01026,MARKSANS PHARMA LTD,Owner,
INE752E01010,POWER GRID CORP OF INDIA LTD,State,
INE752P01024,FUTURE RETAIL LTD,Owner,
INE758E01017,JIO FINANCIAL SERVICES LTD,Owner,
INE758T01015,ETERNAL LTD,Professional,
INE759A01021,MASTEK LTD,Owner,
INE761H01022,PAGE INDUSTRIES LTD,Owner,
INE763G01038,ICICI SECURITIES LTD,Professional,
INE765G01017,ICICI LOMBARD GENERAL INSURA,Professional,
INE767A01016,AARTI DRUGS LTD,Owner,
INE769A01020,AARTI INDUSTRIES LIMITED,Owner,
INE774D01024,MAHINDRA & MAHINDRA FIN SECS,Owner,
INE775A01035,SAMVARDHANA MOTHERSON INTERN,Owner,
INE778U01029,TCNS CLOTHING CO LTD,Owner,
INE780C01023,JM FINANCIAL LTD,Owner,
INE786A01032,JK LAKSHMI CEMENT LTD,Owner,
INE787D01026,BALKRISHNA INDUSTRIES LTD,Owner,
INE789E01012,JK PAPER LTD,Owner,
INE795G01014,HDFC LIFE INSURANCE CO LTD,Professional,
INE797F01020,JUBILANT FOODWORKS LTD,Owner,
INE800H01010,OMAXE LTD,Owner,
INE802C01033,STEEL STRIPS WHEELS LTD,Owner,
INE804L01022,MEDPLUS HEALTH SERVICES LTD,Owner,
INE805D01034,SUNTECK REALTY LTD,Owner,
INE806T01020,SAPPHIRE FOODS INDIA LTD,Professional,
INE810G01011,SHYAM METALICS & ENERGY LTD,Owner,
INE811K01011,PRESTIGE ESTATES PROJECTS,Owner,
INE813H01021,TORRENT POWER LTD,Owner,
INE814H01029,ADANI POWER LTD,Owner,
INE821I01022,IRB INFRASTRUCTURE DEVELOPER,Owner,
INE823G01014,JK CEMENT LTD,Owner,
INE825V01034,VEDANT FASHIONS LTD,Owner,
INE834M01019,RATTANINDIA ENTERPRISES LTD,Owner,
INE836A01035,BIRLASOFT LTD,Owner,
INE836F01026,DISH TV INDIA LTD,Owner,
INE839M01018,SCHNEIDER ELECTRIC INFRASTRU,MNC,
INE842C01021,MINDA CORP LTD,Owner,
INE844O01030,GUJARAT GAS LTD,State,
INE848E01016,NHPC LTD,State,
INE849A01020,TRENT LTD,Professional,
INE852O01025,APTUS VALUE HOUSING FINANCE,Owner,
INE854D01024,UNITED SPIRITS LTD,MNC,
INE855B01025,RAIN INDUSTRIES LTD,Owner,
INE860A01027,HCL TECHNOLOGIES LTD,Owner,
INE864I01014,MTAR TECHNOLOGIES LTD,Owner,
INE868B01028,NCC LTD,Owner,
INE870D01012,NATIONAL FERTILIZERS LTD,State,
INE870H01013,NETWORK 18 MEDIA & INVTS LTD,Professional,
INE871C01038,AVANTI FEEDS LTD,Owner,
INE872J01023,DEVYANI INTERNATIONAL LTD,Owner,
INE876N01018,ORIENT CEMENT LTD,Owner,
INE877F01012,PTC INDIA LTD,State,
INE878B01027,KEI INDUSTRIES LTD,Owner,
INE880L01014,KIOCL LTD,State,
INE881D01027,ORACLE FINANCIAL SERVICES,MNC,
INE883A01011,MRF LTD,Owner,
INE883N01014,PARAG MILK FOODS LTD,Owner,
INE884A01027,VAIBHAV GLOBAL LTD,Owner,
INE886H01027,TV18 BROADCAST LTD,Owner,
INE887G01027,GOKALDAS EXPORTS LTD,Professional,
INE891D01026,REDINGTON LTD,MNC,
INE913H01037,ENDURANCE TECHNOLOGIES LTD,Owner,
INE914M01019,ASTER DM HEALTHCARE LTD,Owner,
INE917I01010,BAJAJ AUTO LTD,Owner,
INE917M01012,DILIP BUILDCON LTD,Owner,
INE918I01026,BAJAJ FINSERV LTD,Owner,
INE918Z01012,KAYNES TECHNOLOGY INDIA LTD,Owner,
INE925R01014,CMS INFO SYSTEMS LTD,Professional,
INE927D01051,JBM AUTO LTD,Owner,
INE930H01031,KPR MILL LTD,Owner,
INE930P01018,ANUPAM RASAYAN INDIA LTD,Owner,
INE933K01021,BAJAJ CONSUMER CARE LTD,Owner,
INE933S01016,INDIAMART INTERMESH LTD,Owner,
INE935A01035,GLENMARK PHARMACEUTICALS LTD,Owner,
INE935N01020,DIXON TECHNOLOGIES INDIA LTD,Owner,
INE939A01011,STRIDES PHARMA SCIENCE LTD,Owner,
INE944F01028,RADICO KHAITAN LTD,Owner,
INE947Q01028,LAURUS LABS LTD,Owner,
INE949H01023,MAN INFRACONSTRUCTION LTD,Owner,
INE949L01017,AU SMALL FINANCE BANK LTD,Owner,
INE951I01027,V-GUARD INDUSTRIES LTD,Owner,
INE953O01021,SANSERA ENGINEERING LTD,Owner,
INE955D01029,GENUS POWER INFRASTRUCTURES,Owner,
INE961O01016,RAINBOW CHILDREN'S MEDICARE,Owner,
INE962Y01021,IRCON INTERNATIONAL LTD,State,
INE967H01025,KRISHNA INSTITUTE OF MEDICAL,Owner,
INE970X01018,LEMON TREE HOTELS LTD,Owner,
INE974X01010,TUBE INVESTMENTS OF INDIA LT,Owner,
INE976A01021,WEST COAST PAPER MILLS LTD,Owner,
INE976G01028,RBL BANK LTD,Professional,
INE979A01025,SAREGAMA INDIA LTD,Owner,
INE982F01036,HATHWAY CABLE AND DATACOM,Owner,
INE982J01020,ONE 97 COMMUNICATIONS LTD,Professional,
INE987B01026,NATCO PHARMA LTD,Owner,
INE999A01023,KSB LTD,MNC,
