symbol,isin,company_name,owner_flag,owner_flag_final_hybrid,yaml_classification,owner_family,promoter_total_pct,natural_pct_sum,in_rev1,rev1_category,is_nifty50,is_nifty100,is_nifty200,is_nifty500,is_nifty_total_mkt
20MICRONS,INE144J01027,20 Microns Limited,owner_confirmed_individual,OWNER,UNKNOWN,,45.04,20.48,False,,False,False,False,False,False
21STCENMGM,INE253B01015,21st Century Management Services Limited,owner_confirmed_individual,OWNER,UNKNOWN,,64.43,64.43,False,,False,False,False,False,False
360ONE,INE466L01038,,owner_confirmed_individual_and_director,OWNER,UNKNOWN,,6.24,7.52,True,Owner,False,False,True,True,True
3PLAND,INE105C01023,3P Land Holdings Limited,owner_confirmed_individual_and_director,OWNER,UNKNOWN,,73.3,5.16,False,,False,False,False,False,False
5PAISA,INE618L01018,5Paisa Capital Limited,owner_confirmed_individual_and_director,OWNER,UNKNOWN,,32.78,33.09,False,,False,False,False,False,False
A2ZINFRA,INE619I01012,A2Z Infra Engineering Limited,owner_confirmed_individual_and_director,OWNER,UNKNOWN,,28.14,15.56,False,,False,False,False,False,False
AAATECH,INE0D0U01013,AAA Technologies Limited,owner_confirmed_individual,OWNER,UNKNOWN,,34.38,34.38,False,,False,False,False,False,False
AAKASH,INE087Z01024,Aakash Exploration Services Limited,owner_confirmed_individual,OWNER,UNKNOWN,,66.54,66.54,False,,False,False,False,False,False
AARTIDRUGS,INE767A01016,Aarti Drugs Limited,owner_confirmed_individual_and_director,OWNER,UNKNOWN,,55.03,47.63,True,Owner,False,False,False,False,True
AARTIIND,INE769A01020,Aarti Industries Limited,owner_confirmed_individual_and_director,OWNER,UNKNOWN,,42.14,27.9,True,Owner,False,False,False,True,True
AARTIPHARM,INE0LRU01027,Aarti Pharmalabs Limited,owner_confirmed_individual_and_director,OWNER,UNKNOWN,,43.1,28.530000000000005,False,,False,False,False,False,True
ABDL,INE552Z01027,Allied Blenders and Distillers Limited,owner_confirmed_individual_and_director,OWNER,UNKNOWN,,80.91,77.6,False,,False,False,False,True,True
ACC,INE012A01025,ACC Limited,ambiguous_holding_indian,OWNER,UNKNOWN,,56.69,0.0,True,Owner,False,False,False,True,True
ACE,INE731H01025,Action Construction Equipment Limited,owner_confirmed_individual_and_director,OWNER,UNKNOWN,,65.42,65.44,True,Owner,False,False,False,True,True
ACI,INE128X01021,Archean Chemical Industries Limited,owner_confirmed_individual_and_director,OWNER,UNKNOWN,,53.43,23.01,True,Owner,False,False,False,False,True
ACMESOLAR,INE622W01025,Acme Solar Holdings Limited,owner_confirmed_individual_and_director,OWNER,UNKNOWN,,83.29,0.0,False,,False,False,False,True,True
ACUTAAS,INE00FF01025,Acutaas Chemicals Limited,owner_confirmed_individual_and_director,OWNER,UNKNOWN,,32.66,33.47,True,Owner,False,False,False,True,True
ADVENZYMES,INE837H01020,Advanced Enzyme Technologies Limited,owner_confirmed_individual_and_director,OWNER,UNKNOWN,,43.04,38.59,False,,False,False,False,False,True
AEQUS,INE947N01017,Aequs Limited,owner_confirmed_individual_and_director,OWNER,UNKNOWN,,59.08,0.6900000000000001,False,,False,False,False,False,True
AETHER,INE0BWX01014,Aether Industries Limited,owner_confirmed_individual_and_director,OWNER,UNKNOWN,,74.95,24.34,True,Owner,False,False,False,False,True
AFCONS,INE101I01011,Afcons Infrastructure Limited,owner_confirmed_individual_and_director,OWNER,UNKNOWN,,50.17,0.07,False,,False,False,False,True,True
AFFLE,INE00WC01027,Affle 3i Limited,owner_probable_nri_family,OWNER,UNKNOWN,,54.92,0.13,True,Owner,False,False,False,True,True
AGARWALEYE,INE943P01029,Dr. Agarwal's Health Care Limited,owner_confirmed_individual_and_director,OWNER,UNKNOWN,,32.36,26.75,False,,False,False,False,False,True
AGI,INE415A01038,AGI Greenpac Limited,owner_confirmed_individual_and_director,OWNER,UNKNOWN,,60.24,9.41,True,Owner,False,False,False,False,False
AHLUCONT,INE758C01029,Ahluwalia Contracts (India) Limited,owner_confirmed_individual,OWNER,UNKNOWN,,55.32,55.28,False,,False,False,False,False,True
AIAENG,INE212H01026,AIA Engineering Limited,owner_confirmed_individual_and_director,OWNER,UNKNOWN,,58.5,58.51,True,Owner,False,False,False,True,True
AIIL,INE206F01022,Authum Investment & Infrastructure Limited,owner_confirmed_individual_and_director,OWNER,UNKNOWN,,68.79,65.3,False,,False,False,False,True,True
AJANTPHARM,INE031B01049,Ajanta Pharma Limited,owner_confirmed_individual_and_director,OWNER,UNKNOWN,,66.25,56.190000000000005,True,Owner,False,False,False,True,True
AKUMS,INE09XN01023,Akums Drugs and Pharmaceuticals Limited,owner_confirmed_individual_and_director,OWNER,UNKNOWN,,75.26,34.47,False,,False,False,False,False,True
ALKEM,INE540L01014,Alkem Laboratories Limited,owner_confirmed_individual_and_director,OWNER,UNKNOWN,,51.2,51.2,True,Owner,False,False,True,True,True
ALKYLAMINE,INE150B01039,Alkyl Amines Chemicals Limited,owner_confirmed_individual_and_director,OWNER,UNKNOWN,,72.03,62.98,False,,False,False,False,False,True
AMBER,INE371P01015,Amber Enterprises India Limited,owner_confirmed_individual_and_director,OWNER,UNKNOWN,,38.19,38.239999999999995,True,Owner,False,False,False,True,True
ANANDRATHI,INE463V01026,Anand Rathi Wealth Limited,owner_confirmed_individual_and_director,OWNER,UNKNOWN,,43.11,20.52,True,Owner,False,False,False,True,True
ANANTRAJ,INE242C01024,Anant Raj Limited,owner_confirmed_individual_and_director,OWNER,UNKNOWN,,57.41,52.86,True,Owner,False,False,False,True,True
ANGELONE,INE732I01021,Angel One Limited,owner_confirmed_individual_and_director,OWNER,UNKNOWN,,28.87,22.29,True,Owner,False,False,False,True,True
ANTHEM,INE0CZ201020,Anthem Biosciences Limited,owner_confirmed_individual_and_director,OWNER,UNKNOWN,,74.69,72.67,False,,False,False,False,True,True
ANUP,INE294Z01018,The Anup Engineering Limited,owner_confirmed_individual_and_director,OWNER,UNKNOWN,,40.92,0.43,False,,False,False,False,False,True
ANURAS,INE930P01018,Anupam Rasayan India Limited,owner_confirmed_individual_and_director,OWNER,UNKNOWN,,59.07,20.97,True,Owner,False,False,False,True,True
APARINDS,INE372A01015,Apar Industries Limited,owner_confirmed_individual_and_director,OWNER,UNKNOWN,,57.77,46.09,True,Owner,False,False,False,True,True
APLAPOLLO,INE702C01027,APL Apollo Tubes Limited,owner_confirmed_individual_and_director,OWNER,UNKNOWN,,28.27,1.68,True,Owner,False,False,True,True,True
APLLTD,INE901L01018,Alembic Pharmaceuticals Limited,owner_confirmed_individual_and_director,OWNER,UNKNOWN,,69.74,6.6899999999999995,False,,False,False,False,False,True
APOLLO,INE713T01028,Apollo Micro Systems Limited,owner_confirmed_individual_and_director,OWNER,UNKNOWN,,51.98,53.9,False,,False,False,False,False,True
APOLLOHOSP,INE437A01024,Apollo Hospitals Enterprise Limited,owner_confirmed_individual_and_director,OWNER,UNKNOWN,,28.02,9.03,True,Owner,True,True,True,True,True
APOLLOPIPE,INE126J01016,Apollo Pipes Limited,owner_confirmed_individual_and_director,OWNER,UNKNOWN,,51.72,53.02,True,Owner,False,False,False,False,False
APOLLOTYRE,INE438A01022,Apollo Tyres Limited,owner_confirmed_individual,OWNER,UNKNOWN,,36.93,0.44,True,Owner,False,False,False,True,True
APTUS,INE852O01025,Aptus Value Housing Finance India Limited,owner_confirmed_individual_and_director,OWNER,UNKNOWN,,23.87,23.97,True,Owner,False,False,False,True,True
ARE&M,INE885A01032,Amara Raja Energy & Mobility Limited,ambiguous_holding_indian,OWNER,UNKNOWN,,32.86,0.0,True,Owner,False,False,False,True,True
ARVIND,INE034A01011,Arvind Limited,owner_confirmed_individual_and_director,OWNER,UNKNOWN,,39.53,0.19,True,Owner,False,False,False,False,True
ARVINDFASN,INE955V01021,Arvind Fashions Limited,owner_confirmed_individual_and_director,OWNER,UNKNOWN,,35.1,0.56,False,,False,False,False,False,True
ASHAPURMIN,INE348A01023,Ashapura Minechem Limited,owner_confirmed_individual_and_director,OWNER,UNKNOWN,,47.88,29.91,True,Owner,False,False,False,False,True
ASHOKA,INE442H01029,Ashoka Buildcon Limited,owner_confirmed_individual_and_director,OWNER,UNKNOWN,,54.48,53.28,True,Owner,False,False,False,False,True
ASIANPAINT,INE021A01026,Asian Paints Limited,owner_confirmed_individual_and_director,OWNER,UNKNOWN,,52.63,10.48,True,Owner,True,True,True,True,True
ASKAUTOLTD,INE491J01022,ASK Automotive Limited,owner_confirmed_individual,OWNER,UNKNOWN,,74.95,74.95,False,,False,False,False,False,True
ASTERDM,INE914M01019,Aster DM Healthcare Limited,owner_probable_nri_family,OWNER,UNKNOWN,,40.39,2.08,True,Owner,False,False,False,True,True
ASTRAL,INE006I01046,Astral Limited,owner_confirmed_individual,OWNER,UNKNOWN,,54.22,39.13,True,Owner,False,False,True,True,True
ATHERENERG,INE0LEZ01016,Ather Energy Limited,owner_confirmed_individual_and_director,OWNER,UNKNOWN,,40.86,10.13,False,,False,False,False,True,True
ATLANTAELE,INE0Z4F01028,Atlanta Electricals Limited,owner_confirmed_individual_and_director,OWNER,UNKNOWN,,87.27,31.27,False,,False,False,False,False,True
ATUL,INE100A01010,Atul Limited,owner_confirmed_individual_and_director,OWNER,UNKNOWN,,45.22,2.52,True,Owner,False,False,False,True,True
AUBANK,INE949L01017,AU Small Finance Bank Limited,owner_confirmed_individual_and_director,OWNER,UNKNOWN,,22.79,23.17,True,Owner,False,False,True,True,True
AURIONPRO,INE132H01018,Aurionpro Solutions Limited,owner_confirmed_individual_and_director,OWNER,UNKNOWN,,26.88,33.370000000000005,False,,False,False,False,False,True
AUROPHARMA,INE406A01037,Aurobindo Pharma Limited,owner_confirmed_individual_and_director,OWNER,UNKNOWN,,51.82,15.22,True,Owner,False,False,True,True,True
AVALON,INE0LCL01028,Avalon Technologies Limited,owner_confirmed_individual_and_director,OWNER,UNKNOWN,,44.43,32.410000000000004,True,Owner,False,False,False,False,True
AVANTIFEED,INE871C01038,Avanti Feeds Limited,owner_confirmed_individual_and_director,OWNER,UNKNOWN,,43.23,13.48,True,Owner,False,False,False,False,True
AVL,INE679V01027,Aditya Vision Limited,owner_confirmed_individual_and_director,OWNER,UNKNOWN,,47.14,47.14,True,Owner,False,False,False,False,True
AWFIS,INE108V01019,Awfis Space Solutions Limited,owner_confirmed_individual_and_director,OWNER,UNKNOWN,,17.0,18.19,False,,False,False,False,False,True
AZAD,INE02IJ01035,Azad Engineering Limited,owner_confirmed_individual_and_director,OWNER,UNKNOWN,,55.84,56.120000000000005,False,,False,False,False,False,True
BALAMINES,INE050E01027,Balaji Amines Limited,owner_confirmed_individual,OWNER,UNKNOWN,,54.59,39.79,False,,False,False,False,False,True
BALKRISIND,INE787D01026,Balkrishna Industries Limited,owner_confirmed_individual,OWNER,UNKNOWN,,58.29,33.09,True,Owner,False,False,False,True,True
BALRAMCHIN,INE119A01028,Balrampur Chini Mills Limited,owner_confirmed_individual_and_director,OWNER,UNKNOWN,,42.85,6.99,True,Owner,False,False,False,True,True
BALUFORGE,INE011E01029,Balu Forge Industries Limited,owner_confirmed_individual,OWNER,UNKNOWN,,53.99,53.99,False,,False,False,False,False,True
BANCOINDIA,INE213C01025,Banco Products (I) Limited,owner_confirmed_individual,OWNER,UNKNOWN,,67.88,64.96,False,,False,False,False,False,True
BCG,INE425B01027,Brightcom Group Limited,owner_confirmed_individual_and_director,OWNER,UNKNOWN,,18.38,3.25,True,Owner,False,False,False,False,False
BECTORFOOD,INE495P01020,Mrs. Bectors Food Specialities Limited,owner_confirmed_individual,OWNER,UNKNOWN,,49.04,23.75,False,,False,False,False,False,True
BELRISE,INE894V01022,Belrise Industries Limited,owner_confirmed_individual,OWNER,UNKNOWN,,66.46,66.29,False,,False,False,False,True,True
BERGEPAINT,INE463A01038,Berger Paints (I) Limited,owner_confirmed_individual_and_director,OWNER,UNKNOWN,,74.98,3.34,True,Owner,False,False,False,True,True
BHARATFORG,INE465A01025,Bharat Forge Limited,owner_confirmed_individual_and_director,OWNER,UNKNOWN,,44.07,0.34,True,Owner,False,False,True,True,True
BIKAJI,INE00E101023,Bikaji Foods International Limited,owner_confirmed_individual_and_director,OWNER,UNKNOWN,,73.88,73.91,True,Owner,False,False,False,True,True
BIOCON,INE376G01013,Biocon Limited,owner_confirmed_individual_and_director,OWNER,UNKNOWN,,44.91,30.76,True,Owner,False,False,True,True,True
BIRLACORPN,INE340A01012,Birla Corporation Limited,owner_confirmed_individual_and_director,OWNER,UNKNOWN,,62.9,0.0,True,Owner,False,False,False,False,True
BLACKBUCK,INE0UIZ01018,BLACKBUCK LIMITED,owner_confirmed_individual_and_director,OWNER,UNKNOWN,,25.12,25.12,False,,False,False,False,False,True
BLS,INE153T01027,BLS International Services Limited,owner_confirmed_individual_and_director,OWNER,UNKNOWN,,70.39,26.65,True,Owner,False,False,False,True,True
BLUEJET,INE0KBH01020,Blue Jet Healthcare Limited,owner_confirmed_individual,OWNER,UNKNOWN,,79.81,79.81,False,,False,False,False,True,True
BLUESTARCO,INE472A01039,Blue Star Limited,owner_confirmed_individual_and_director,OWNER,UNKNOWN,,36.49,9.99,True,Owner,False,False,True,True,True
BLUESTONE,INE304W01038,BlueStone Jewellery and Lifestyle Limited,owner_confirmed_individual_and_director,OWNER,UNKNOWN,,16.36,16.43,False,,False,False,False,False,True
BORORENEW,INE666D01022,BOROSIL RENEWABLES LIMITED,owner_confirmed_individual_and_director,OWNER,UNKNOWN,,58.77,9.03,True,Owner,False,False,False,False,True
BRIGADE,INE791I01019,Brigade Enterprises Limited,owner_confirmed_individual_and_director,OWNER,UNKNOWN,,41.11,40.739999999999995,False,,False,False,False,True,True
CAMLINFINE,INE052I01032,Camlin Fine Sciences Limited,owner_confirmed_individual_and_director,OWNER,UNKNOWN,,48.03,14.21,True,Owner,False,False,False,False,False
CAMPUS,INE278Y01022,Campus Activewear Limited,owner_confirmed_individual_and_director,OWNER,UNKNOWN,,72.11,68.14,True,Owner,False,False,False,False,True
CAPILLARY,INE0ILV01024,Capillary Technologies India Limited,owner_confirmed_individual_and_director,OWNER,UNKNOWN,,52.23,3.46,False,,False,False,False,False,True
CAPLIPOINT,INE475E01026,Caplin Point Laboratories Limited,owner_confirmed_individual_and_director,OWNER,UNKNOWN,,70.57,67.33999999999999,False,,False,False,False,True,True
CARBORUNIV,INE120A01034,Carborundum Universal Limited,owner_confirmed_individual_and_director,OWNER,UNKNOWN,,38.9,4.39,True,Owner,False,False,False,True,True
CCAVENUE,INE483S01020,AvenuesAI Limited,owner_confirmed_individual_and_director,OWNER,UNKNOWN,,27.29,34.5,True,Owner,False,False,False,False,True
CCL,INE421D01022,CCL Products (India) Limited,owner_confirmed_individual_and_director,OWNER,UNKNOWN,,46.11,46.86,True,Owner,False,False,False,True,True
CEATLTD,INE482A01020,CEAT Limited,owner_confirmed_individual_and_director,OWNER,UNKNOWN,,47.21,0.38,True,Owner,False,False,False,True,True
CELLO,INE0LMW01024,Cello World Limited,owner_confirmed_individual_and_director,OWNER,UNKNOWN,,75.0,57.34,False,,False,False,False,False,True
CENTURYPLY,INE348B01021,Century Plyboards (India) Limited,owner_confirmed_individual_and_director,OWNER,UNKNOWN,,71.83,54.17,True,Owner,False,False,False,False,True
CERA,INE739E01017,Cera Sanitaryware Limited,owner_confirmed_individual_and_director,OWNER,UNKNOWN,,54.41,21.83,True,Owner,False,False,False,False,True
CGCL,INE180C01042,Capri Global Capital Limited,owner_confirmed_individual_and_director,OWNER,UNKNOWN,,59.92,0.0,True,Owner,False,False,False,True,True
CGPOWER,INE067A01029,CG Power and Industrial Solutions Limited,owner_confirmed_individual_and_director,OWNER,UNKNOWN,,56.36,0.04,True,Owner,False,True,True,True,True
CHALET,INE427F01016,Chalet Hotels Limited,owner_confirmed_individual_and_director,OWNER,UNKNOWN,,67.33,13.14,True,Owner,False,False,False,True,True
CHAMBLFERT,INE085A01013,Chambal Fertilizers & Chemicals Limited,owner_confirmed_individual_and_director,OWNER,UNKNOWN,,60.85,6.409999999999999,True,Owner,False,False,False,True,True
CHEMPLASTS,INE488A01050,Chemplast Sanmar Limited,owner_confirmed_individual_and_director,OWNER,UNKNOWN,,54.99,0.0,True,Owner,False,False,False,False,False
CHOICEIN,INE102B01014,Choice International Limited,owner_confirmed_individual_and_director,OWNER,UNKNOWN,,53.65,46.540000000000006,True,Owner,False,False,False,True,True
CHOLAFIN,INE121A01024,Cholamandalam Investment and Finance Company Limited,owner_confirmed_individual_and_director,OWNER,UNKNOWN,,49.72,0.92,True,Owner,False,True,True,True,True
CHOLAHLDNG,INE149A01033,Cholamandalam Financial Holdings Limited,owner_confirmed_individual,OWNER,UNKNOWN,,46.38,4.2299999999999995,True,Owner,False,False,False,True,True
CIPLA,INE059A01026,Cipla Limited,owner_confirmed_individual_and_director,OWNER,UNKNOWN,,29.21,29.24,True,Owner,True,True,True,True,True
CLEAN,INE227W01023,Clean Science and Technology Limited,owner_confirmed_individual_and_director,OWNER,UNKNOWN,,50.96,50.96,True,Owner,False,False,False,True,True
CONCORDBIO,INE338H01029,Concord Biotech Limited,owner_confirmed_individual_and_director,OWNER,UNKNOWN,,44.08,39.74,True,Owner,False,False,False,True,True
COROMANDEL,INE169A01031,Coromandel International Limited,owner_confirmed_individual_and_director,OWNER,UNKNOWN,,56.86,0.47,True,Owner,False,False,True,True,True
CORONA,INE02ZQ01018,CORONA Remedies Limited,owner_confirmed_individual,OWNER,UNKNOWN,,69.0,69.0,False,,False,False,False,False,True
CPPLUS,INE819V01029,Aditya Infotech Limited,owner_confirmed_individual_and_director,OWNER,UNKNOWN,,76.91,60.13,False,,False,False,False,True,True
CRAFTSMAN,INE00LO01017,Craftsman Automation Limited,owner_confirmed_individual_and_director,OWNER,UNKNOWN,,48.7,48.7,True,Owner,False,False,False,True,True
CRIZAC,INE0S4R01014,Crizac Limited,owner_confirmed_individual,OWNER,UNKNOWN,,79.94,79.94,False,,False,False,False,False,True
CUPID,INE509F01029,Cupid Limited,owner_confirmed_individual_and_director,OWNER,UNKNOWN,,46.03,33.12,False,,False,False,False,False,True
CYIENT,INE136B01020,Cyient Limited,owner_confirmed_individual_and_director,OWNER,UNKNOWN,,23.29,4.35,True,Owner,False,False,False,True,True
DABUR,INE016A01026,Dabur India Limited,owner_confirmed_individual_and_director,OWNER,PROFESSIONAL,,66.23,0.4600000000000001,True,Owner,False,False,True,True,True
DALBHARAT,INE00R701025,Dalmia Bharat Limited,owner_confirmed_individual_and_director,OWNER,UNKNOWN,,55.84,0.01,True,Owner,False,False,False,True,True
DALMIASUG,INE495A01022,Dalmia Bharat Sugar and Industries Limited,owner_confirmed_individual_and_director,OWNER,UNKNOWN,,74.91,0.26,True,Owner,False,False,False,False,False
DATAMATICS,INE365B01017,Datamatics Global Services Limited,owner_confirmed_individual_and_director,OWNER,UNKNOWN,,66.33,48.239999999999995,False,,False,False,False,False,True
DATAPATTNS,INE0IX101010,Data Patterns (India) Limited,owner_confirmed_individual_and_director,OWNER,UNKNOWN,,42.41,47.26,True,Owner,False,False,False,True,True
DBL,INE917M01012,Dilip Buildcon Limited,owner_confirmed_individual,OWNER,UNKNOWN,,63.14,63.14,True,Owner,False,False,False,False,True
DBREALTY,INE879I01012,Valor Estate Limited,owner_confirmed_individual_and_director,OWNER,UNKNOWN,,47.45,0.62,True,Owner,False,False,False,False,True
DCAL,INE385W01011,Dishman Carbogen Amcis Limited,owner_confirmed_individual_and_director,OWNER,UNKNOWN,,59.32,0.0,True,Owner,False,False,False,False,False
DCMSHRIRAM,INE499A01024,DCM Shriram Limited,owner_confirmed_individual_and_director,OWNER,UNKNOWN,,66.52,3.5999999999999996,True,Owner,False,False,False,True,True
DCXINDIA,INE0KL801015,DCX Systems Limited,owner_confirmed_individual_and_director,OWNER,UNKNOWN,,52.16,3.75,True,Owner,False,False,False,False,False
DEEPAKFERT,INE501A01019,Deepak Fertilizers and Petrochemicals Corporation Limited,owner_confirmed_individual_and_director,OWNER,UNKNOWN,,45.63,0.79,True,Owner,False,False,False,True,True
DEEPAKNTR,INE288B01029,Deepak Nitrite Limited,owner_confirmed_individual_and_director,OWNER,UNKNOWN,,49.33,17.23,True,Owner,False,False,False,True,True
DELTACORP,INE124G01033,Delta Corp Limited,owner_confirmed_individual_and_director,OWNER,UNKNOWN,,34.47,1.18,True,Owner,False,False,False,False,False
DIACABS,INE989C01038,Diamond Power Infrastructure Limited,owner_confirmed_individual,OWNER,UNKNOWN,,84.02,46.49,False,,False,False,False,False,True
DIVISLAB,INE361B01024,Divi's Laboratories Limited,owner_confirmed_individual_and_director,OWNER,UNKNOWN,,51.88,49.15,True,Owner,False,True,True,True,True
DIXON,INE935N01020,Dixon Technologies (India) Limited,owner_confirmed_individual_and_director,OWNER,UNKNOWN,,28.83,12.86,True,Owner,False,False,True,True,True
DLF,INE271C01023,DLF Limited,owner_confirmed_individual_and_director,OWNER,UNKNOWN,,74.08,0.96,True,Owner,False,True,True,True,True
DMART,INE192R01011,Avenue Supermarts Limited,owner_confirmed_individual_and_director,OWNER,UNKNOWN,,74.65,39.94999999999999,True,Owner,False,True,True,True,True
DODLA,INE021O01019,Dodla Dairy Limited,owner_confirmed_individual_and_director,OWNER,UNKNOWN,,58.92,26.18,True,Owner,False,False,False,False,False
DOMS,INE321T01012,DOMS Industries Limited,owner_confirmed_individual_and_director,OWNER,UNKNOWN,,70.39,44.37,False,,False,False,False,True,True
DREAMFOLKS,INE0JS101016,Dreamfolks Services Limited,owner_confirmed_individual_and_director,OWNER,UNKNOWN,,65.72,65.99,True,Owner,False,False,False,False,False
DRREDDY,INE089A01031,Dr. Reddy's Laboratories Limited,owner_confirmed_individual_and_director,OWNER,UNKNOWN,,26.64,6.069999999999999,True,Owner,True,True,True,True,True
DYNAMATECH,INE221B01012,Dynamatic Technologies Limited,owner_confirmed_individual,OWNER,UNKNOWN,,41.87,7.71,False,,False,False,False,False,True
EASEMYTRIP,INE07O001026,Easy Trip Planners Limited,owner_confirmed_individual,OWNER,UNKNOWN,,47.72,47.72,True,Owner,False,False,False,False,False
ECLERX,INE738I01010,eClerx Services Limited,owner_confirmed_individual_and_director,OWNER,UNKNOWN,,54.52,54.57,True,Owner,False,False,False,True,True
EDELWEISS,INE532F01054,Edelweiss Financial Services Limited,owner_confirmed_individual_and_director,OWNER,UNKNOWN,,32.69,28.270000000000003,True,Owner,False,False,False,False,True
EICHERMOT,INE066A01021,Eicher Motors Limited,owner_confirmed_individual_and_director,OWNER,UNKNOWN,,49.06,3.36,True,Owner,True,True,True,True,True
EIDPARRY,INE126A01031,EID Parry India Limited,owner_confirmed_individual_and_director,OWNER,UNKNOWN,,41.44,1.98,True,Owner,False,False,False,True,True
EIEL,INE0LLY01014,Enviro Infra Engineers Limited,owner_confirmed_individual_and_director,OWNER,UNKNOWN,,70.13,70.13,False,,False,False,False,False,True
EIHOTEL,INE230A01023,EIH Limited,owner_confirmed_individual,OWNER,UNKNOWN,,32.85,2.1,True,Owner,False,False,False,True,True
ELECON,INE205B01031,Elecon Engineering Company Limited,owner_confirmed_individual_and_director,OWNER,UNKNOWN,,59.27,4.48,True,Owner,False,False,False,True,True
ELECTCAST,INE086A01029,Electrosteel Castings Limited,owner_confirmed_individual,OWNER,UNKNOWN,,46.21,8.57,True,Owner,False,False,False,False,True
ELGIEQUIP,INE285A01027,Elgi Equipments Limited,owner_confirmed_individual_and_director,OWNER,UNKNOWN,,31.19,10.95,True,Owner,False,False,False,True,True
ELLEN,INE236E01022,Ellenbarrie Industrial Gases Limited,owner_confirmed_individual,OWNER,UNKNOWN,,77.16,77.16,False,,False,False,False,False,True
EMAMILTD,INE548C01032,Emami Limited,owner_confirmed_individual_and_director,OWNER,UNKNOWN,,54.84,7.1,True,Owner,False,False,False,True,True
EMBDL,INE069I01010,Embassy Developments Limited,owner_confirmed_individual_and_director,OWNER,UNKNOWN,,42.65,1.56,True,Owner,False,False,False,False,True
EMCURE,INE168P01015,Emcure Pharmaceuticals Limited,owner_confirmed_individual_and_director,OWNER,UNKNOWN,,77.87,62.739999999999995,False,,False,False,False,True,True
EMMVEE,INE1C6T01020,Emmvee Photovoltaic Power Limited,owner_confirmed_individual_and_director,OWNER,UNKNOWN,,80.03,80.03,False,,False,False,False,True,True
ENDURANCE,INE913H01037,Endurance Technologies Limited,owner_confirmed_individual_and_director,OWNER,UNKNOWN,,75.0,30.85,True,Owner,False,False,False,True,True
ENTERO,INE010601016,Entero Healthcare Solutions Limited,owner_confirmed_individual_and_director,OWNER,UNKNOWN,,52.42,14.41,False,,False,False,False,False,True
ERIS,INE406M01024,Eris Lifesciences Limited,owner_confirmed_individual_and_director,OWNER,UNKNOWN,,54.85,54.89,True,Owner,False,False,False,True,True
ETHOSLTD,INE04TZ01018,Ethos Limited,owner_confirmed_individual_and_director,OWNER,UNKNOWN,,50.59,0.29,False,,False,False,False,False,True
EXIDEIND,INE302A01020,Exide Industries Limited,owner_probable_nri_family,OWNER,UNKNOWN,,45.99,45.99,True,Owner,False,False,True,True,True
FINCABLES,INE235A01022,Finolex Cables Limited,owner_confirmed_individual,OWNER,UNKNOWN,,35.86,5.16,True,Owner,False,False,False,True,True
FINEORG,INE686Y01026,Fine Organic Industries Limited,owner_confirmed_individual_and_director,OWNER,UNKNOWN,,75.0,75.02,True,Owner,False,False,False,False,False
FINPIPE,INE183A01024,Finolex Industries Limited,owner_confirmed_individual,OWNER,UNKNOWN,,52.47,1.11,True,Owner,False,False,False,False,True
FIVESTAR,INE128S01021,Five-Star Business Finance Limited,owner_confirmed_individual_and_director,OWNER,UNKNOWN,,18.56,18.98,True,Owner,False,False,False,True,True
FLFL,INE452O01016,Future Lifestyle Fashions Limited,owner_confirmed_individual_and_director,OWNER,UNKNOWN,,20.3,0.01,True,Owner,False,False,False,False,False
FLUOROCHEM,INE09N301011,Gujarat Fluorochemicals Limited,owner_confirmed_individual,OWNER,UNKNOWN,,61.39,0.05,True,Owner,False,False,False,True,True
FORCEMOT,INE451A01017,FORCE MOTORS LTD,owner_confirmed_individual,OWNER,UNKNOWN,,61.63,4.26,True,Owner,False,False,False,True,True
FUSION,INE139R01012,Fusion Finance Limited,ambiguous_mnc_jv_candidate,OWNER,UNKNOWN,,54.92,2.89,True,Owner,False,False,False,False,False
GABRIEL,INE524A01029,Gabriel India Limited,owner_confirmed_individual_and_director,OWNER,UNKNOWN,,55.0,2.36,True,Owner,False,False,False,True,True
GAEL,INE036B01030,Gujarat Ambuja Exports Limited,owner_confirmed_individual_and_director,OWNER,UNKNOWN,,63.84,63.809999999999995,True,Owner,False,False,False,False,True
GALAXYSURF,INE600K01018,Galaxy Surfactants Limited,owner_confirmed_individual_and_director,OWNER,UNKNOWN,,70.9,47.61,True,Owner,False,False,False,False,False
GENUSPOWER,INE955D01029,Genus Power Infrastructures Limited,owner_confirmed_individual_and_director,OWNER,UNKNOWN,,39.34,19.6,True,Owner,False,False,False,False,False
GESHIP,INE017A01032,The Great Eastern Shipping Company Limited,owner_confirmed_individual_and_director,OWNER,UNKNOWN,,30.07,25.47,True,Owner,False,False,False,True,True
GHCL,INE539A01019,GHCL Limited,owner_confirmed_individual_and_director,OWNER,UNKNOWN,,19.87,1.68,True,Owner,False,False,False,False,True
GLENMARK,INE935A01035,Glenmark Pharmaceuticals Limited,owner_confirmed_individual,OWNER,UNKNOWN,,46.65,1.22,True,Owner,False,False,True,True,True
GLOBUSSPR,INE615I01010,Globus Spirits Limited,owner_confirmed_individual_and_director,OWNER,UNKNOWN,,50.75,9.37,True,Owner,False,False,False,False,False
GMMPFAUDLR,INE541A01023,GMM Pfaudler Limited,owner_confirmed_individual,OWNER,UNKNOWN,,25.18,8.59,True,Owner,False,False,False,False,True
GMRAIRPORT,INE776C01039,GMR AIRPORTS LIMITED,owner_confirmed_individual_and_director,OWNER,UNKNOWN,,66.24,0.09,True,Owner,False,False,True,True,True
GMRP&UI,INE0CU601026,GMR Power and Urban Infra Limited,owner_confirmed_individual_and_director,OWNER,UNKNOWN,,46.28,0.31,False,,False,False,False,False,True
GOCOLORS,INE0BJS01011,Go Fashion (India) Limited,owner_confirmed_individual_and_director,OWNER,UNKNOWN,,54.2,37.78,True,Owner,False,False,False,False,False
GODFRYPHLP,INE260B01028,Godfrey Phillips India Limited,owner_confirmed_individual_and_director,OWNER,UNKNOWN,,72.58,0.16,True,Owner,False,False,True,True,True
GODIGIT,INE03JT01014,Go Digit General Insurance Limited,owner_confirmed_individual_and_director,OWNER,UNKNOWN,,73.03,0.05,False,,False,False,False,True,True
GODREJAGRO,INE850D01014,Godrej Agrovet Limited,owner_confirmed_individual_and_director,OWNER,UNKNOWN,,67.65,0.73,False,,False,False,False,False,True
GODREJCP,INE102D01028,Godrej Consumer Products Limited,owner_confirmed_individual_and_director,OWNER,UNKNOWN,,53.05,0.5900000000000001,True,Owner,False,True,True,True,True
GODREJIND,INE233A01035,Godrej Industries Limited,owner_confirmed_individual_and_director,OWNER,UNKNOWN,,74.64,48.529999999999994,True,Owner,False,False,False,True,True
GODREJPROP,INE484J01027,Godrej Properties Limited,owner_confirmed_individual_and_director,OWNER,UNKNOWN,,47.17,0.02,True,Owner,False,False,True,True,True
GOKULAGRO,INE314T01033,Gokul Agro Resources Limited,owner_confirmed_individual_and_director,OWNER,UNKNOWN,,74.24,60.0,False,,False,False,False,False,True
GPIL,INE177H01039,Godawari Power And Ispat limited,owner_confirmed_individual_and_director,OWNER,UNKNOWN,,63.49,49.51,True,Owner,False,False,False,True,True
GRANULES,INE101D01020,Granules India Limited,owner_confirmed_individual_and_director,OWNER,UNKNOWN,,38.02,37.98,True,Owner,False,False,False,True,True
GRAPHITE,INE371A01025,Graphite India Limited,owner_confirmed_individual_and_director,OWNER,UNKNOWN,,65.34,0.6,True,Owner,False,False,False,True,True
GRAVITA,INE024L01027,Gravita India Limited,owner_confirmed_individual_and_director,OWNER,UNKNOWN,,55.88,32.400000000000006,True,Owner,False,False,False,True,True
GRINFRA,INE201P01022,G R Infraprojects Limited,owner_confirmed_individual_and_director,OWNER,UNKNOWN,,74.69,38.86,True,Owner,False,False,False,False,False
GROWW,INE0HOQ01053,Billionbrains Garage Ventures Limited,owner_confirmed_individual_and_director,OWNER,UNKNOWN,,27.81,26.84,False,,False,False,True,True,True
GRWRHITECH,INE291A01017,Garware Hi-Tech Films Limited,owner_confirmed_individual,OWNER,UNKNOWN,,60.72,9.23,False,,False,False,False,False,True
HAPPSTMNDS,INE419U01012,Happiest Minds Technologies Limited,owner_confirmed_individual_and_director,OWNER,UNKNOWN,,44.21,33.09,True,Owner,False,False,False,False,True
HARSHA,INE0JUS01029,Harsha Engineers International Limited,owner_confirmed_individual_and_director,OWNER,UNKNOWN,,75.0,71.07,True,Owner,False,False,False,False,False
HATSUN,INE473B01035,Hatsun Agro Product Limited,owner_confirmed_individual_and_director,OWNER,UNKNOWN,,73.17,75.21000000000001,True,Owner,False,False,False,False,False
HBLENGINE,INE292B01021,HBL Engineering Limited,owner_confirmed_individual,OWNER,UNKNOWN,,59.11,7.72,True,Owner,False,False,False,True,True
HCC,INE549A01026,Hindustan Construction Company Limited,owner_confirmed_individual,OWNER,UNKNOWN,,16.72,0.1699999999999999,True,Owner,False,False,False,False,True
HCLTECH,INE860A01027,HCL Technologies Limited,owner_confirmed_individual_and_director,OWNER,UNKNOWN,,60.81,0.08,True,Owner,True,True,True,True,True
HEG,INE545A01024,HEG Limited,owner_confirmed_individual_and_director,OWNER,UNKNOWN,,56.28,0.01,True,Owner,False,False,False,True,True
HERITGFOOD,INE978A01027,Heritage Foods Limited,owner_confirmed_individual_and_director,OWNER,UNKNOWN,,41.3,35.82,False,,False,False,False,False,True
HEROMOTOCO,INE158A01026,Hero MotoCorp Limited,owner_confirmed_individual_and_director,OWNER,UNKNOWN,,34.73,14.2,True,Owner,False,False,True,True,True
HFCL,INE548A01028,HFCL Limited,owner_confirmed_individual_and_director,OWNER,UNKNOWN,,28.29,0.25,True,Owner,False,False,False,True,True
HGINFRA,INE926X01010,H.G. Infra Engineering Limited,owner_confirmed_individual,OWNER,UNKNOWN,,71.78,0.0,False,,False,False,False,False,True
HLEGLAS,INE461D01028,HLE Glascoat Limited,owner_confirmed_individual,OWNER,UNKNOWN,,65.64,65.64,True,Owner,False,False,False,False,False
HMAAGRO,INE0ECP01024,HMA Agro Industries Limited,owner_confirmed_individual,OWNER,UNKNOWN,,75.0,75.0,True,Owner,False,False,False,False,False
HONASA,INE0J5401028,Honasa Consumer Limited,owner_confirmed_individual_and_director,OWNER,UNKNOWN,,35.54,35.54,False,,False,False,False,True,True
HSCL,INE019C01026,Himadri Speciality Chemical Limited,owner_confirmed_individual_and_director,OWNER,UNKNOWN,,52.5,15.71,True,Owner,False,False,False,True,True
ICIL,INE483B01026,Indo Count Industries Limited,owner_confirmed_individual_and_director,OWNER,UNKNOWN,,58.74,9.68,False,,False,False,False,False,True
IDEAFORGE,INE349Y01013,Ideaforge Technology Limited,owner_confirmed_individual_and_director,OWNER,UNKNOWN,,33.36,34.120000000000005,True,Owner,False,False,False,False,False
IFBIND,INE559A01017,IFB Industries Limited,owner_confirmed_individual_and_director,OWNER,UNKNOWN,,74.96,0.77,False,,False,False,False,False,True
IIFL,INE530B01024,IIFL Finance Limited,owner_confirmed_individual_and_director,OWNER,UNKNOWN,,24.85,24.42,True,Owner,False,False,False,True,True
IIFLCAPS,INE489L01022,IIFL Capital Services Limited,owner_confirmed_individual_and_director,OWNER,UNKNOWN,,30.93,29.74,False,,False,False,False,False,True
IKS,INE115Q01022,Inventurus Knowledge Solutions Limited,owner_confirmed_individual_and_director,OWNER,UNKNOWN,,63.72,16.84,False,,False,False,False,True,True
IMFA,INE919H01018,Indian Metals & Ferro Alloys Limited,owner_confirmed_individual_and_director,OWNER,UNKNOWN,,58.69,4.8,False,,False,False,False,False,True
INDIAGLYCO,INE560A01023,India Glycols Limited,owner_confirmed_individual_and_director,OWNER,UNKNOWN,,59.63,8.58,False,,False,False,False,False,True
INDIAMART,INE933S01016,Indiamart Intermesh Limited,owner_confirmed_individual_and_director,OWNER,UNKNOWN,,49.12,49.18,True,Owner,False,False,False,True,True
INDIASHLTR,INE922K01024,India Shelter Finance Corporation Limited,owner_confirmed_individual_and_director,OWNER,UNKNOWN,,47.6,2.54,False,,False,False,False,False,True
INDIGO,INE646L01027,InterGlobe Aviation Limited,owner_confirmed_individual_and_director,OWNER,UNKNOWN,,41.58,4.590000000000001,True,Owner,True,True,True,True,True
INDIGOPNTS,INE09VQ01012,Indigo Paints Limited,owner_confirmed_individual_and_director,OWNER,UNKNOWN,,53.88,43.53,True,Owner,False,False,False,False,True
INFY,INE009A01021,Infosys Limited,owner_confirmed_individual_and_director,OWNER,UNKNOWN,,14.52,14.579999999999998,True,Professional,True,True,True,True,True
INOXGREEN,INE510W01014,Inox Green Energy Services Limited,owner_confirmed_individual_and_director,OWNER,UNKNOWN,,56.12,0.03,False,,False,False,False,False,True
INOXINDIA,INE616N01034,INOX India Limited,owner_confirmed_individual_and_director,OWNER,UNKNOWN,,75.0,75.25999999999999,False,,False,False,False,False,True
INOXWIND,INE066P01011,Inox Wind Limited,owner_confirmed_individual_and_director,OWNER,UNKNOWN,,44.18,1.86,False,,False,False,False,True,True
INTELLECT,INE306R01017,Intellect Design Arena Limited,owner_confirmed_individual_and_director,OWNER,UNKNOWN,,29.73,12.98,True,Owner,False,False,False,True,True
IOLCP,INE485C01029,IOL Chemicals and Pharmaceuticals Limited,owner_confirmed_individual_and_director,OWNER,UNKNOWN,,57.48,2.05,True,Owner,False,False,False,False,False
IONEXCHANG,INE570A01022,ION Exchange (India) Limited,owner_confirmed_individual_and_director,OWNER,UNKNOWN,,25.58,22.28,True,Owner,False,False,False,False,True
IPCALAB,INE571A01038,IPCA Laboratories Limited,owner_confirmed_individual_and_director,OWNER,UNKNOWN,,44.72,7.13,True,Owner,False,False,False,True,True
IPL,INE0D6701023,India Pesticides Limited,owner_confirmed_individual,OWNER,UNKNOWN,,63.65,53.71,True,Owner,False,False,False,False,False
IRB,INE821I01022,IRB Infrastructure Developers Limited,owner_confirmed_individual,OWNER,UNKNOWN,,30.79,0.87,True,Owner,False,False,False,True,True
JAIBALAJI,INE091G01026,Jai Balaji Industries Limited,owner_confirmed_individual_and_director,OWNER,UNKNOWN,,64.84,5.779999999999999,True,Owner,False,False,False,False,True
JAICORPLTD,INE070D01027,Jai Corp Limited,owner_confirmed_individual_and_director,OWNER,UNKNOWN,,73.92,58.88,True,Owner,False,False,False,False,False
JAINREC,INE0YD401026,Jain Resource Recycling Limited,owner_confirmed_individual,OWNER,UNKNOWN,,73.59,73.59,False,,False,False,False,True,True
JAMNAAUTO,INE039C01032,Jamna Auto Industries Limited,owner_confirmed_individual_and_director,OWNER,UNKNOWN,,49.93,12.79,True,Owner,False,False,False,False,True
JAYNECOIND,INE854B01010,Jayaswal Neco Industries Limited,owner_confirmed_individual,OWNER,UNKNOWN,,55.15,4.6,False,,False,False,False,False,True
JBMA,INE927D01051,JBM Auto Limited,owner_confirmed_individual_and_director,OWNER,UNKNOWN,,67.53,2.42,True,Owner,False,False,False,True,True
JISLJALEQS,INE175A01038,Jain Irrigation Systems Limited,owner_confirmed_individual_and_director,OWNER,UNKNOWN,,26.68,0.93,True,Owner,False,False,False,False,False
JKCEMENT,INE823G01014,JK Cement Limited,owner_confirmed_individual,OWNER,UNKNOWN,,45.66,5.46,True,Owner,False,False,False,True,True
JKLAKSHMI,INE786A01032,JK Lakshmi Cement Limited,owner_confirmed_individual_and_director,OWNER,UNKNOWN,,45.12,1.82,True,Owner,False,False,False,False,True
JKPAPER,INE789E01012,JK Paper Limited,owner_confirmed_individual,OWNER,UNKNOWN,,52.94,1.95,True,Owner,False,False,False,False,True
JKTYRE,INE573A01042,JK Tyre & Industries Limited,owner_confirmed_individual_and_director,OWNER,UNKNOWN,,51.72,2.95,True,Owner,False,False,False,True,True
JLHL,INE682M01012,Jupiter Life Line Hospitals Limited,owner_confirmed_individual_and_director,OWNER,UNKNOWN,,40.91,34.06,False,,False,False,False,False,True
JMFINANCIL,INE780C01023,JM Financial Limited,owner_confirmed_individual_and_director,OWNER,UNKNOWN,,56.9,19.8,True,Owner,False,False,False,True,True
JSLL,INE0J5801029,Jeena Sikho Lifecare Limited,owner_confirmed_individual,OWNER,UNKNOWN,,63.62,63.62,False,,False,False,False,False,True
JTLIND,INE391J01032,JTL INDUSTRIES LIMITED,owner_confirmed_individual,OWNER,UNKNOWN,,49.26,49.26,True,Owner,False,False,False,False,False
JUBLFOOD,INE797F01020,Jubilant Foodworks Limited,owner_confirmed_individual_and_director,OWNER,UNKNOWN,,40.27,0.04,True,Owner,False,False,True,True,True
JUBLINGREA,INE0BY001018,Jubilant Ingrevia Limited,owner_confirmed_individual_and_director,OWNER,UNKNOWN,,45.22,1.23,True,Owner,False,False,False,True,True
JUBLPHARMA,INE700A01033,Jubilant Pharmova Limited,owner_confirmed_individual_and_director,OWNER,UNKNOWN,,47.68,1.22,False,,False,False,False,True,True
JUSTDIAL,INE599M01018,Just Dial Limited,owner_confirmed_individual_and_director,OWNER,UNKNOWN,,74.15,10.32,True,Owner,False,False,False,False,True
JWL,INE209L01016,Jupiter Wagons Limited,owner_confirmed_individual_and_director,OWNER,UNKNOWN,,68.31,10.73,True,Owner,False,False,False,True,True
JYOTHYLAB,INE668F01031,Jyothy Labs Limited,owner_confirmed_individual_and_director,OWNER,UNKNOWN,,62.89,16.89,True,Owner,False,False,False,False,True
JYOTICNC,INE980O01024,Jyoti CNC Automation Limited,owner_confirmed_individual_and_director,OWNER,UNKNOWN,,62.55,46.47,False,,False,False,False,True,True
KAJARIACER,INE217B01036,Kajaria Ceramics Limited,owner_confirmed_individual_and_director,OWNER,UNKNOWN,,47.69,6.8,True,Owner,False,False,False,True,True
KALYANKJIL,INE303R01014,Kalyan Jewellers India Limited,owner_confirmed_individual_and_director,OWNER,UNKNOWN,,62.87,60.540000000000006,True,Owner,False,False,True,True,True
KAYNES,INE918Z01012,Kaynes Technology India Limited,owner_confirmed_individual_and_director,OWNER,UNKNOWN,,53.46,53.46,True,Owner,False,False,False,True,True
KEC,INE389H01022,KEC International Limited,owner_confirmed_individual_and_director,OWNER,UNKNOWN,,50.1,1.91,True,Owner,False,False,False,True,True
KEI,INE878B01027,KEI Industries Limited,owner_confirmed_individual_and_director,OWNER,UNKNOWN,,35.0,17.55,True,Owner,False,False,True,True,True
KIMS,INE967H01025,Krishna Institute of Medical Sciences Limited,owner_confirmed_individual_and_director,OWNER,UNKNOWN,,34.11,32.4,True,Owner,False,False,False,True,True
KIRLOSBROS,INE732A01036,Kirloskar Brothers Limited,owner_confirmed_individual,OWNER,UNKNOWN,,65.95,41.61,False,,False,False,False,False,True
KIRLOSENG,INE146L01010,Kirloskar Oil Engines Limited,owner_confirmed_individual_and_director,OWNER,UNKNOWN,,41.08,35.35,True,Owner,False,False,False,True,True
KIRLPNU,INE811A01020,Kirloskar Pneumatic Company Limited,owner_confirmed_individual_and_director,OWNER,UNKNOWN,,38.82,29.16,False,,False,False,False,False,True
KITEX,INE602G01020,Kitex Garments Limited,ambiguous_holding_indian,OWNER,UNKNOWN,,56.66,0.0,False,,False,False,False,False,True
KNRCON,INE634I01029,KNR Constructions Limited,owner_confirmed_individual,OWNER,UNKNOWN,,48.81,48.81,True,Owner,False,False,False,False,True
KOLTEPATIL,INE094I01018,Kolte - Patil Developers Limited,owner_confirmed_individual_and_director,OWNER,UNKNOWN,,73.81,33.82,True,Owner,False,False,False,False,False
KOTAKBANK,INE237A01036,Kotak Mahindra Bank Limited,owner_confirmed_individual_and_director,OWNER,UNKNOWN,,25.87,26.0,True,Owner,True,True,True,True,True
KPIGREEN,INE542W01025,KPI Green Energy Limited,owner_confirmed_individual_and_director,OWNER,UNKNOWN,,49.49,50.370000000000005,False,,False,False,False,False,True
KPIL,INE220B01022,Kalpataru Projects International Limited,owner_confirmed_individual_and_director,OWNER,UNKNOWN,,33.57,11.84,True,Owner,False,False,False,True,True
KPITTECH,INE04I401011,KPIT Technologies Limited,owner_confirmed_individual_and_director,OWNER,UNKNOWN,,39.42,7.05,True,Owner,False,False,True,True,True
KPRMILL,INE930H01031,K.P.R. Mill Limited,owner_confirmed_individual,OWNER,UNKNOWN,,67.52,66.07,True,Owner,False,False,False,True,True
KRBL,INE001B01026,KRBL Limited,owner_confirmed_individual,OWNER,UNKNOWN,,60.17,6.71,True,Owner,False,False,False,False,True
KRN,INE0Q3J01015,KRN Heat Exchanger and Refrigeration Limited,owner_confirmed_individual,OWNER,UNKNOWN,,69.62,69.62,False,,False,False,False,False,True
KRSNAA,INE08LI01020,Krsnaa Diagnostics Limited,owner_confirmed_individual_and_director,OWNER,UNKNOWN,,27.11,26.47,True,Owner,False,False,False,False,False
KSB,INE999A01023,Ksb Limited,owner_confirmed_individual,OWNER,UNKNOWN,,69.8,0.44,True,MNC,False,False,False,False,True
KSCL,INE455I01029,Kaveri Seed Company Limited,owner_confirmed_individual_and_director,OWNER,UNKNOWN,,60.5,21.29,True,Owner,False,False,False,False,True
LALPATHLAB,INE600L01024,Dr. Lal Path Labs Ltd.,owner_confirmed_individual_and_director,OWNER,UNKNOWN,,53.21,53.290000000000006,True,Owner,False,False,False,True,True
LANDMARK,INE559R01029,Landmark Cars Limited,owner_confirmed_individual_and_director,OWNER,UNKNOWN,,49.76,50.09,True,Owner,False,False,False,False,False
LATENTVIEW,INE0I7C01011,Latent View Analytics Limited,owner_confirmed_individual_and_director,OWNER,UNKNOWN,,65.1,65.14,True,Owner,False,False,False,True,True
LAURUSLABS,INE947Q01028,Laurus Labs Limited,owner_confirmed_individual_and_director,OWNER,UNKNOWN,,27.49,3.99,True,Owner,False,False,True,True,True
LEMONTREE,INE970X01018,Lemon Tree Hotels Limited,owner_confirmed_individual_and_director,OWNER,UNKNOWN,,22.28,0.46,True,Owner,False,False,False,True,True
LENSKART,INE956O01016,Lenskart Solutions Limited,owner_confirmed_individual_and_director,OWNER,UNKNOWN,,17.55,17.57,False,,False,False,True,True,True
LLOYDSENGG,INE093R01011,LLOYDS ENGINEERING WORKS LIMITED,owner_confirmed_individual_and_director,OWNER,UNKNOWN,,41.92,0.13,False,,False,False,False,False,True
LLOYDSENT,INE080I01025,Lloyds Enterprises Limited,owner_confirmed_individual_and_director,OWNER,UNKNOWN,,62.72,8.26,False,,False,False,False,False,True
LLOYDSME,INE281B01032,Lloyds Metals And Energy Limited,owner_confirmed_individual_and_director,OWNER,UNKNOWN,,61.64,6.4399999999999995,False,,False,False,False,True,True
LOTUSDEV,INE0V9Q01010,Sri Lotus Developers and Realty Limited,owner_confirmed_individual,OWNER,UNKNOWN,,81.86,72.04,False,,False,False,False,False,True
LTFOODS,INE818H01020,LT Foods Limited,owner_confirmed_individual_and_director,OWNER,UNKNOWN,,51.01,14.99,True,Owner,False,False,False,True,True
LUMAXTECH,INE872H01027,Lumax Auto Technologies Limited,owner_confirmed_individual_and_director,OWNER,UNKNOWN,,55.98,38.21,False,,False,False,False,False,True
LUPIN,INE326A01037,Lupin Limited,owner_confirmed_individual_and_director,OWNER,UNKNOWN,,46.89,1.53,True,Owner,False,False,True,True,True
LUXIND,INE150G01020,Lux Industries Limited,owner_confirmed_individual,OWNER,UNKNOWN,,74.19,68.01,True,Owner,False,False,False,False,False
LXCHEM,INE576O01020,Laxmi Organic Industries Limited,owner_confirmed_individual,OWNER,UNKNOWN,,69.35,67.92999999999999,True,Owner,False,False,False,False,True
MANAPPURAM,INE522D01027,Manappuram Finance Limited,owner_confirmed_individual_and_director,OWNER,UNKNOWN,,31.77,31.78,True,Owner,False,False,False,True,True
MANINFRA,INE949H01023,Man Infraconstruction Limited,owner_confirmed_individual_and_director,OWNER,UNKNOWN,,62.44,54.7,True,Owner,False,False,False,False,False
MANKIND,INE634S01028,Mankind Pharma Limited,owner_confirmed_individual_and_director,OWNER,UNKNOWN,,72.66,18.15,True,Owner,False,False,True,True,True
MANORAMA,INE00VM01036,Manorama Industries Limited,owner_confirmed_individual,OWNER,UNKNOWN,,54.32,54.32,False,,False,False,False,False,True
MANYAVAR,INE825V01034,Vedant Fashions Limited,owner_confirmed_individual,OWNER,UNKNOWN,,74.94,17.79,True,Owner,False,False,False,False,True
MAPMYINDIA,INE0BV301023,C.E. Info Systems Limited,owner_confirmed_individual,OWNER,UNKNOWN,,51.36,51.36,True,Owner,False,False,False,True,True
MARICO,INE196A01026,Marico Limited,owner_confirmed_individual_and_director,OWNER,UNKNOWN,,58.93,57.61,True,Owner,False,False,True,True,True
MARKSANS,INE750C01026,Marksans Pharma Limited,owner_confirmed_individual,OWNER,UNKNOWN,,43.87,43.87,True,Owner,False,False,False,False,True
MASTEK,INE759A01021,Mastek Limited,owner_confirmed_individual_and_director,OWNER,UNKNOWN,,35.77,40.34,True,Owner,False,False,False,False,True
MAXHEALTH,INE027H01010,Max Healthcare Institute Limited,owner_confirmed_individual_and_director,OWNER,UNKNOWN,,23.72,23.75,True,Owner,True,True,True,True,True
MEDPLUS,INE804L01022,Medplus Health Services Limited,owner_confirmed_individual,OWNER,UNKNOWN,,40.29,12.81,True,Owner,False,False,False,False,True
MEESHO,INE0VDM01015,Meesho Limited,owner_confirmed_individual_and_director,OWNER,UNKNOWN,,16.57,16.6,False,,False,False,False,True,True
METROBRAND,INE317I01021,Metro Brands Limited,owner_confirmed_individual_and_director,OWNER,UNKNOWN,,71.8,10.35,True,Owner,False,False,False,False,False
MINDACORP,INE842C01021,Minda Corporation Limited,owner_confirmed_individual_and_director,OWNER,UNKNOWN,,64.84,48.22,True,Owner,False,False,False,True,True
MOTHERSON,INE775A01035,Samvardhana Motherson International Limited,owner_confirmed_individual_and_director,OWNER,UNKNOWN,,48.6,13.57,True,Owner,False,True,True,True,True
MOTILALOFS,INE338I01027,Motilal Oswal Financial Services Limited,owner_confirmed_individual_and_director,OWNER,UNKNOWN,,67.62,29.96,True,Owner,False,False,True,True,True
MRF,INE883A01011,MRF Limited,owner_confirmed_individual_and_director,OWNER,UNKNOWN,,27.77,12.739999999999998,True,Owner,False,False,True,True,True
MSUMI,INE0FS801015,Motherson Sumi Wiring India Limited,owner_confirmed_individual_and_director,OWNER,UNKNOWN,,61.73,2.84,True,Owner,False,False,False,True,True
MTARTECH,INE864I01014,Mtar Technologies Limited,owner_confirmed_individual,OWNER,UNKNOWN,,30.44,30.4,True,Owner,False,False,False,False,True
MUTHOOTFIN,INE414G01012,Muthoot Finance Limited,owner_confirmed_individual_and_director,OWNER,UNKNOWN,,73.35,73.36,True,Owner,False,True,True,True,True
NATCOPHARM,INE987B01026,Natco Pharma Limited,owner_confirmed_individual_and_director,OWNER,UNKNOWN,,49.42,28.4,True,Owner,False,False,False,True,True
NAUKRI,INE663F01032,Info Edge (India) Limited,owner_confirmed_individual_and_director,OWNER,UNKNOWN,,37.59,34.199999999999996,True,Owner,False,False,True,True,True
NAVA,INE725A01030,NAVA LIMITED,owner_confirmed_individual_and_director,OWNER,UNKNOWN,,50.1,16.53,True,Owner,False,False,False,True,True
NAVINFLUOR,INE048G01026,Navin Fluorine International Limited,owner_confirmed_individual_and_director,OWNER,UNKNOWN,,27.11,1.55,True,Owner,False,False,False,True,True
NAZARA,INE418L01047,Nazara Technologies Limited,owner_confirmed_individual_and_director,OWNER,UNKNOWN,,35.46,11.35,True,Owner,False,False,False,False,True
NCC,INE868B01028,NCC Limited,owner_confirmed_individual,OWNER,UNKNOWN,,22.81,7.75,True,Owner,False,False,False,True,True
NEOGEN,INE136S01016,Neogen Chemicals Limited,owner_confirmed_individual_and_director,OWNER,UNKNOWN,,51.23,52.55,False,,False,False,False,False,True
NESCO,INE317F01035,Nesco Limited,owner_confirmed_individual,OWNER,UNKNOWN,,68.54,26.78,False,,False,False,False,False,True
NEULANDLAB,INE794A01010,Neuland Laboratories Limited,owner_confirmed_individual,OWNER,UNKNOWN,,32.63,6.65,False,,False,False,False,True,True
NEWGEN,INE619B01017,Newgen Software Technologies Limited,owner_confirmed_individual_and_director,OWNER,UNKNOWN,,53.52,54.46,False,,False,False,False,True,True
NH,INE410P01011,Narayana Hrudayalaya Ltd.,owner_confirmed_individual_and_director,OWNER,UNKNOWN,,63.27,63.85,True,Owner,False,False,False,True,True
NOCIL,INE163A01018,NOCIL Limited,owner_confirmed_individual_and_director,OWNER,UNKNOWN,,33.76,18.68,True,Owner,False,False,False,False,False
NRBBEARING,INE349A01021,NRB Bearing Limited,owner_confirmed_individual_and_director,OWNER,UNKNOWN,,51.2,44.209999999999994,True,Owner,False,False,False,False,False
NTPCGREEN,INE0ONG01011,NTPC Green Energy Limited,owner_confirmed_individual,OWNER,UNKNOWN,,89.01,0.0,False,,False,False,False,True,True
NYKAA,INE388Y01029,FSN E-Commerce Ventures Limited,owner_confirmed_individual_and_director,OWNER,UNKNOWN,,52.1,0.31,True,Owner,False,False,True,True,True
OBEROIRLTY,INE093I01010,Oberoi Realty Limited,owner_confirmed_individual_and_director,OWNER,UNKNOWN,,67.7,58.559999999999995,True,Owner,False,False,True,True,True
OLAELEC,INE0LXG01040,Ola Electric Mobility Limited,owner_confirmed_individual,OWNER,UNKNOWN,,34.59,27.83,False,,False,False,False,True,True
OLECTRA,INE260D01016,Olectra Greentech Limited,ambiguous_holding_indian,OWNER,UNKNOWN,,50.02,0.0,True,Owner,False,False,False,True,True
OMAXE,INE800H01010,Omaxe Limited,owner_confirmed_individual,OWNER,UNKNOWN,,74.14,5.69,True,Owner,False,False,False,False,False
ONESOURCE,INE013P01021,Onesource Specialty Pharma Limited,owner_confirmed_individual_and_director,OWNER,UNKNOWN,,29.93,2.06,False,,False,False,False,True,True
OPTIEMUS,INE350C01017,Optiemus Infracom Limited,owner_confirmed_individual_and_director,OWNER,UNKNOWN,,72.17,28.49,False,,False,False,False,False,True
ORIENTCEM,INE876N01018,Orient Cement Limited,ambiguous_holding_indian,OWNER,UNKNOWN,,72.66,0.0,True,Owner,False,False,False,False,True
OSWALPUMPS,INE0BYP01024,Oswal Pumps Limited,owner_confirmed_individual_and_director,OWNER,UNKNOWN,,75.67,12.4,False,,False,False,False,False,True
PAGEIND,INE761H01022,Page Industries Limited,owner_probable_nri_family,OWNER,UNKNOWN,,42.89,42.89,True,Owner,False,False,True,True,True
PARADEEP,INE088F01024,Paradeep Phosphates Limited,owner_confirmed_individual_and_director,OWNER,UNKNOWN,,57.7,0.36,True,Owner,False,False,False,True,True
PARAGMILK,INE883N01014,Parag Milk Foods Limited,owner_confirmed_individual_and_director,OWNER,UNKNOWN,,40.65,40.9,True,Owner,False,False,False,False,False
PARAS,INE045601023,Paras Defence and Space Technologies Limited,owner_confirmed_individual_and_director,OWNER,UNKNOWN,,53.2,56.06,True,Owner,False,False,False,False,True
PATELENG,INE244B01030,Patel Engineering Limited,owner_confirmed_individual_and_director,OWNER,UNKNOWN,,31.48,3.3299999999999996,True,Owner,False,False,False,False,False
PCJEWELLER,INE785M01021,PC Jeweller Limited,owner_confirmed_individual_and_director,OWNER,UNKNOWN,,41.1,35.29,False,,False,False,False,False,True
PDSL,INE111Q01021,PDS Limited,owner_probable_nri_family,OWNER,UNKNOWN,,61.37,61.47,True,Owner,False,False,False,False,False
PERSISTENT,INE262H01021,Persistent Systems Limited,owner_confirmed_individual_and_director,OWNER,UNKNOWN,,30.29,30.33,True,Owner,False,False,True,True,True
PFOCUS,INE367G01038,Prime Focus Limited,ambiguous_mnc_jv_candidate,OWNER,UNKNOWN,,60.77,7.83,False,,False,False,False,False,True
PGIL,INE940H01022,Pearl Global Industries Limited,owner_probable_nri_family,OWNER,UNKNOWN,,61.24,61.88,False,,False,False,False,False,True
PHOENIXLTD,INE211B01039,The Phoenix Mills Limited,owner_confirmed_individual_and_director,OWNER,UNKNOWN,,47.25,2.6,True,Owner,False,False,True,True,True
PICCADIL,INE546C01010,Piccadily Agro Industries Limited,owner_confirmed_individual,OWNER,UNKNOWN,,68.57,21.95,False,,False,False,False,False,True
PIDILITIND,INE318A01026,Pidilite Industries Limited,owner_confirmed_individual_and_director,OWNER,UNKNOWN,,69.33,16.04,True,Owner,False,True,True,True,True
PIIND,INE603J01030,PI Industries Limited,owner_confirmed_individual_and_director,OWNER,UNKNOWN,,46.09,46.49,True,Owner,False,False,True,True,True
PIRAMALFIN,INE202B01038,Piramal Finance Limited,owner_confirmed_individual_and_director,OWNER,UNKNOWN,,46.16,0.37,False,,False,False,False,True,True
PNCINFRA,INE195J01029,PNC Infratech Limited,owner_confirmed_individual_and_director,OWNER,UNKNOWN,,56.07,46.46,True,Owner,False,False,False,False,True
PNGJL,INE953R01016,P N Gadgil Jewellers Limited,owner_confirmed_individual,OWNER,UNKNOWN,,83.11,0.0,False,,False,False,False,False,True
POLYCAB,INE455K01017,Polycab India Limited,owner_confirmed_individual_and_director,OWNER,UNKNOWN,,61.5,50.59,True,Owner,False,False,True,True,True
POLYMED,INE205C01021,Poly Medicure Limited,owner_confirmed_individual_and_director,OWNER,UNKNOWN,,62.42,35.26,True,Owner,False,False,False,True,True
POWERMECH,INE211R01019,Power Mech Projects Limited,owner_confirmed_individual_and_director,OWNER,UNKNOWN,,58.42,57.73,False,,False,False,False,False,True
PPLPHARMA,INE0DK501011,Piramal Pharma Limited,owner_confirmed_individual_and_director,OWNER,UNKNOWN,,34.86,0.21,True,Owner,False,False,False,True,True
PRAJIND,INE074A01025,Praj Industries Limited,owner_confirmed_individual_and_director,OWNER,UNKNOWN,,32.81,32.86,True,Owner,False,False,False,False,True
PRAKASH,INE603A01013,Prakash Industries Limited,owner_confirmed_individual_and_director,OWNER,UNKNOWN,,44.38,14.54,True,Owner,False,False,False,False,False
PREMIERENE,INE0BS701011,Premier Energies Limited,owner_confirmed_individual_and_director,OWNER,UNKNOWN,,63.94,67.94,False,,False,False,True,True,True
PRESTIGE,INE811K01011,Prestige Estates Projects Limited,owner_confirmed_individual,OWNER,UNKNOWN,,60.94,8.71,True,Owner,False,False,True,True,True
PRICOLLTD,INE726V01018,Pricol Limited,owner_confirmed_individual_and_director,OWNER,UNKNOWN,,38.51,25.38,False,,False,False,False,False,True
PRIVISCL,INE959A01019,Privi Speciality Chemicals Limited,owner_confirmed_individual,OWNER,UNKNOWN,,60.6,21.92,False,,False,False,False,False,True
PRSMJOHNSN,INE010A01011,Prism Johnson Limited,owner_confirmed_individual_and_director,OWNER,UNKNOWN,,74.87,13.56,False,,False,False,False,False,True
PRUDENT,INE00F201020,Prudent Corporate Advisory Services Limited,owner_confirmed_individual_and_director,OWNER,UNKNOWN,,55.31,57.61,True,Owner,False,False,False,False,True
PTCIL,INE596F01018,PTC Industries Limited,owner_confirmed_individual,OWNER,UNKNOWN,,59.72,38.3,False,,False,False,False,True,True
PURVA,INE323I01011,Puravankara Limited,owner_confirmed_individual,OWNER,UNKNOWN,,75.0,75.0,False,,False,False,False,False,True
PVRINOX,INE191H01014,PVR INOX Limited,owner_confirmed_individual,OWNER,UNKNOWN,,27.53,11.24,True,Owner,False,False,False,True,True
PWL,INE0LP301011,Physicswallah Limited,owner_confirmed_individual,OWNER,UNKNOWN,,72.3,72.3,False,,False,False,False,True,True
QPOWER,INE0SII01026,Quality Power Electrical Equipments Limited,owner_confirmed_individual,OWNER,UNKNOWN,,73.91,49.69,False,,False,False,False,False,True
QUESS,INE615P01015,Quess Corp Limited,owner_confirmed_individual_and_director,OWNER,UNKNOWN,,56.88,12.29,True,Owner,False,False,False,False,True
RADICO,INE944F01028,Radico Khaitan Limited,owner_confirmed_individual_and_director,OWNER,UNKNOWN,,40.2,0.5,True,Owner,False,False,True,True,True
RAIN,INE855B01025,Rain Industries Limited,owner_confirmed_individual_and_director,OWNER,UNKNOWN,,41.35,17.01,True,Owner,False,False,False,False,True
RAINBOW,INE961O01016,Rainbow Childrens Medicare Limited,owner_confirmed_individual_and_director,OWNER,UNKNOWN,,49.84,43.7,True,Owner,False,False,False,True,True
RAJESHEXPO,INE343B01030,Rajesh Exports Limited,owner_confirmed_individual,OWNER,UNKNOWN,,54.55,54.55,True,Owner,False,False,False,False,False
RAMCOCEM,INE331A01037,The Ramco Cements Limited,owner_confirmed_individual_and_director,OWNER,UNKNOWN,,42.56,3.55,True,Owner,False,False,False,True,True
RATEGAIN,INE0CLI01024,Rategain Travel Technologies Limited,owner_confirmed_individual,OWNER,UNKNOWN,,48.54,48.54,True,Owner,False,False,False,False,True
RATNAMANI,INE703B01027,Ratnamani Metals & Tubes Limited,owner_confirmed_individual_and_director,OWNER,UNKNOWN,,59.77,59.82,True,Owner,False,False,False,False,False
RAYMOND,INE301A01014,Raymond Limited,owner_confirmed_individual_and_director,OWNER,UNKNOWN,,48.87,0.01,True,Owner,False,False,False,False,False
RAYMONDLSL,INE02ID01020,Raymond Lifestyle Limited,owner_confirmed_individual_and_director,OWNER,UNKNOWN,,58.22,0.04,False,,False,False,False,False,True
REDTAPE,INE0LXT01019,Redtape Limited,owner_confirmed_individual_and_director,OWNER,UNKNOWN,,71.83,72.78000000000002,False,,False,False,False,False,True
RELAXO,INE131B01039,Relaxo Footwears Limited,owner_confirmed_individual_and_director,OWNER,UNKNOWN,,71.27,71.28,False,,False,False,False,False,True
RESPONIND,INE688D01026,Responsive Industries Limited,owner_confirmed_individual,OWNER,UNKNOWN,,59.14,1.36,True,Owner,False,False,False,False,False
RKFORGE,INE399G01023,Ramkrishna Forgings Limited,owner_confirmed_individual_and_director,OWNER,UNKNOWN,,43.13,6.15,True,Owner,False,False,False,True,True
ROLEXRINGS,INE645S01024,Rolex Rings Limited,owner_confirmed_individual,OWNER,UNKNOWN,,52.24,52.24,True,Owner,False,False,False,False,False
RRKABEL,INE777K01022,R R Kabel Limited,owner_confirmed_individual_and_director,OWNER,UNKNOWN,,61.66,57.89,False,,False,False,False,True,True
RTNINDIA,INE834M01019,RattanIndia Enterprises Limited,owner_confirmed_individual_and_director,OWNER,UNKNOWN,,74.86,0.13,True,Owner,False,False,False,False,True
RTNPOWER,INE399K01017,RattanIndia Power Limited,ambiguous_holding_indian,OWNER,UNKNOWN,,44.06,0.0,True,Owner,False,False,False,False,True
RUBICON,INE506V01022,Rubicon Research Limited,owner_confirmed_individual_and_director,OWNER,UNKNOWN,,59.99,23.86,False,,False,False,False,False,True
RUSTOMJEE,INE263M01029,Keystone Realtors Limited,owner_confirmed_individual_and_director,OWNER,UNKNOWN,,74.59,72.22,True,Owner,False,False,False,False,False
SAATVIKGL,INE13B501022,Saatvik Green Energy Limited,owner_confirmed_individual_and_director,OWNER,UNKNOWN,,75.99,46.48,False,,False,False,False,False,True
SAFARI,INE429E01023,Safari Industries (India) Limited,owner_confirmed_individual_and_director,OWNER,UNKNOWN,,44.7,38.57,True,Owner,False,False,False,False,True
SAILIFE,INE570L01029,Sai Life Sciences Limited,owner_confirmed_individual_and_director,OWNER,UNKNOWN,,34.7,7.48,False,,False,False,False,True,True
SANDUMA,INE149K01016,Sandur Manganese & Iron Ores Limited,owner_confirmed_individual_and_director,OWNER,UNKNOWN,,74.22,3.68,False,,False,False,False,False,True
SANSERA,INE953O01021,Sansera Engineering Limited,owner_confirmed_individual_and_director,OWNER,UNKNOWN,,30.18,30.57,True,Owner,False,False,False,False,True
SARDAEN,INE385C01021,Sarda Energy & Minerals Limited,owner_confirmed_individual_and_director,OWNER,UNKNOWN,,73.16,19.42,False,,False,False,False,True,True
SENCO,INE602W01027,Senco Gold Limited,owner_confirmed_individual_and_director,OWNER,UNKNOWN,,64.46,16.490000000000002,True,Owner,False,False,False,False,True
SFL,INE916U01025,Sheela Foam Limited,owner_confirmed_individual,OWNER,UNKNOWN,,65.69,53.56,False,,False,False,False,False,True
SHAILY,INE151G01028,Shaily Engineering Plastics Limited,owner_confirmed_individual_and_director,OWNER,UNKNOWN,,43.4,34.05,False,,False,False,False,False,True
SHAKTIPUMP,INE908D01010,Shakti Pumps (India) Limited,owner_confirmed_individual_and_director,OWNER,UNKNOWN,,50.34,8.959999999999999,False,,False,False,False,False,True
SHALBY,INE597J01018,Shalby Limited,owner_confirmed_individual,OWNER,UNKNOWN,,74.33,10.33,True,Owner,False,False,False,False,False
SHARDACROP,INE221J01015,Sharda Cropchem Limited,owner_confirmed_individual,OWNER,UNKNOWN,,74.82,74.82,False,,False,False,False,False,True
SHILPAMED,INE790G01031,Shilpa Medicare Limited,owner_confirmed_individual_and_director,OWNER,UNKNOWN,,40.13,40.16,False,,False,False,False,False,True
SHREECEM,INE070A01015,SHREE CEMENT LIMITED,owner_confirmed_individual,OWNER,UNKNOWN,,62.55,2.98,True,Owner,False,True,True,True,True
SHRIPISTON,INE526E01018,Shriram Pistons & Rings Limited,owner_confirmed_individual,OWNER,UNKNOWN,,43.75,31.09,False,,False,False,False,False,True
SHYAMMETL,INE810G01011,Shyam Metalics and Energy Limited,owner_confirmed_individual,OWNER,UNKNOWN,,74.59,9.62,True,Owner,False,False,False,True,True
SKIPPER,INE439E01022,Skipper Limited,owner_confirmed_individual,OWNER,UNKNOWN,,66.48,0.16,False,,False,False,False,False,True
SKYGOLD,INE01IU01018,SKY GOLD AND DIAMONDS LIMITED,owner_confirmed_individual,OWNER,UNKNOWN,,51.74,51.74,False,,False,False,False,False,True
SMARTWORKS,INE0NAZ01010,Smartworks Coworking Spaces Limited,owner_confirmed_individual,OWNER,UNKNOWN,,58.18,0.04,False,,False,False,False,False,True
SOBHA,INE671H01015,Sobha Limited,owner_confirmed_individual_and_director,OWNER,UNKNOWN,,52.88,52.879999999999995,True,Owner,False,False,False,True,True
SOLARA,INE624Z01016,Solara Active Pharma Sciences Limited,owner_confirmed_individual_and_director,OWNER,UNKNOWN,,42.0,7.09,True,Owner,False,False,False,False,False
SOLARINDS,INE343H01029,Solar Industries India Limited,owner_confirmed_individual_and_director,OWNER,UNKNOWN,,73.15,43.92,True,Owner,False,True,True,True,True
SONACOMS,INE073K01018,Sona BLW Precision Forgings Limited,owner_confirmed_individual_and_director,OWNER,UNKNOWN,,28.02,0.08,True,Owner,False,False,False,True,True
SONATSOFTW,INE269A01021,Sonata Software Limited,owner_confirmed_individual_and_director,OWNER,UNKNOWN,,28.17,27.96,True,Owner,False,False,False,True,True
SPARC,INE232I01014,Sun Pharma Advanced Research Company Limited,owner_confirmed_individual_and_director,OWNER,UNKNOWN,,65.67,23.700000000000003,True,Owner,False,False,False,False,True
SPLPETRO,INE663A01033,Supreme Petrochem Limited,owner_confirmed_individual_and_director,OWNER,UNKNOWN,,64.24,0.24,False,,False,False,False,True,True
SRF,INE647A01010,SRF Limited,owner_confirmed_individual_and_director,OWNER,UNKNOWN,,50.26,0.18,True,Owner,False,False,True,True,True
SSWL,INE802C01033,Steel Strips Wheels Limited,owner_confirmed_individual_and_director,OWNER,UNKNOWN,,61.14,35.75,True,Owner,False,False,False,False,False
STAR,INE939A01011,Strides Pharma Science Limited,owner_confirmed_individual_and_director,OWNER,UNKNOWN,,27.86,4.56,True,Owner,False,False,False,False,True
STARCEMENT,INE460H01021,Star Cement Limited,owner_confirmed_individual_and_director,OWNER,UNKNOWN,,57.62,50.45,False,,False,False,False,False,True
STARHEALTH,INE575P01011,Star Health and Allied Insurance Company Limited,owner_confirmed_individual_and_director,OWNER,UNKNOWN,,57.98,17.49,True,Professional,False,False,False,True,True
STYL,INE04VU01023,Seshaasai Technologies Limited,owner_confirmed_individual,OWNER,UNKNOWN,,81.8,81.8,False,,False,False,False,False,True
SUBROS,INE287B01021,Subros Limited,owner_confirmed_individual,OWNER,UNKNOWN,,36.79,8.56,False,,False,False,False,False,True
SUDEEPPHRM,INE0QPI01025,Sudeep Pharma Limited,owner_confirmed_individual,OWNER,UNKNOWN,,76.15,35.81,False,,False,False,False,False,True
SULA,INE142Q01026,Sula Vineyards Limited,owner_probable_nri_family,OWNER,UNKNOWN,,24.55,24.57,True,Owner,False,False,False,False,False
SUNDARMFIN,INE660A01013,Sundaram Finance Limited,owner_confirmed_individual_and_director,OWNER,UNKNOWN,,37.21,24.61,True,Owner,False,False,False,True,True
SUNPHARMA,INE044A01036,Sun Pharmaceutical Industries Limited,owner_confirmed_individual_and_director,OWNER,UNKNOWN,,54.48,11.07,True,Owner,True,True,True,True,True
SUNTECK,INE805D01034,Sunteck Realty Limited,owner_confirmed_individual_and_director,OWNER,UNKNOWN,,63.3,1.62,True,Owner,False,False,False,False,True
SUNTV,INE424H01027,Sun TV Network Limited,owner_confirmed_individual_and_director,OWNER,UNKNOWN,,75.0,75.0,True,Owner,False,False,False,True,True
SUPREMEIND,INE195A01028,Supreme Industries Limited,owner_confirmed_individual_and_director,OWNER,UNKNOWN,,48.96,2.48,True,Owner,False,False,True,True,True
SUPRIYA,INE07RO01027,Supriya Lifescience Limited,owner_confirmed_individual,OWNER,UNKNOWN,,68.3,68.3,False,,False,False,False,False,True
SURYAROSNI,INE335A01020,Surya Roshni Limited,owner_confirmed_individual_and_director,OWNER,UNKNOWN,,62.89,4.96,True,Owner,False,False,False,False,True
SURYODAY,INE428Q01011,Suryoday Small Finance Bank Limited,owner_confirmed_individual_and_director,OWNER,UNKNOWN,,22.44,11.29,True,Owner,False,False,False,False,False
SUVEN,INE495B01038,Suven Life Sciences Limited,owner_confirmed_individual_and_director,OWNER,UNKNOWN,,70.15,0.7,True,Owner,False,False,False,False,False
SUZLON,INE040H01021,Suzlon Energy Limited,owner_confirmed_individual_and_director,OWNER,UNKNOWN,,11.73,4.4399999999999995,True,Owner,False,False,True,True,True
SWANCORP,INE665A01038,SWAN CORP LIMITED,owner_confirmed_individual,OWNER,UNKNOWN,,53.96,0.03,True,Owner,False,False,False,True,True
SWSOLAR,INE00M201021,Sterling and Wilson Renewable Energy Limited,owner_confirmed_individual_and_director,OWNER,UNKNOWN,,45.72,6.31,True,Owner,False,False,False,False,True
SYNGENE,INE398R01022,Syngene International Limited,owner_confirmed_individual_and_director,OWNER,UNKNOWN,,52.68,0.0699999999999999,True,Owner,False,False,False,True,True
SYRMA,INE0DYJ01015,Syrma SGS Technology Limited,owner_confirmed_individual_and_director,OWNER,UNKNOWN,,42.72,7.18,True,Owner,False,False,False,True,True
TANLA,INE483C01032,Tanla Platforms Limited,owner_confirmed_individual_and_director,OWNER,UNKNOWN,,46.17,41.23,True,Owner,False,False,False,False,True
TARC,INE0EK901012,TARC Limited,owner_confirmed_individual_and_director,OWNER,UNKNOWN,,65.12,65.82000000000001,False,,False,False,False,False,True
TARIL,INE763I01026,Transformers And Rectifiers (India) Limited,owner_confirmed_individual,OWNER,UNKNOWN,,64.36,64.36,False,,False,False,False,True,True
TARSONS,INE144Z01023,Tarsons Products Limited,owner_confirmed_individual_and_director,OWNER,UNKNOWN,,47.3,47.3,True,Owner,False,False,False,False,False
TATVA,INE0GK401011,Tatva Chintan Pharma Chem Limited,owner_confirmed_individual,OWNER,UNKNOWN,,72.02,72.02,True,Owner,False,False,False,False,False
TBOTEK,INE673O01025,TBO Tek Limited,owner_confirmed_individual_and_director,OWNER,UNKNOWN,,44.41,22.84,False,,False,False,False,True,True
TCIEXP,INE586V01016,TCI Express Limited,owner_confirmed_individual_and_director,OWNER,UNKNOWN,,69.46,18.25,True,Owner,False,False,False,False,False
TDPOWERSYS,INE419M01027,TD Power Systems Limited,owner_confirmed_individual_and_director,OWNER,UNKNOWN,,26.87,13.74,False,,False,False,False,False,True
TECHNOE,INE285K01026,Techno Electric & Engineering Company Limited,owner_confirmed_individual,OWNER,UNKNOWN,,56.92,0.85,True,Owner,False,False,False,True,True
TEGA,INE011K01018,Tega Industries Limited,owner_confirmed_individual_and_director,OWNER,UNKNOWN,,67.27,17.4,True,Owner,False,False,False,True,True
TEXRAIL,INE621L01012,Texmaco Rail & Engineering Limited,owner_confirmed_individual_and_director,OWNER,UNKNOWN,,48.34,7.74,True,Owner,False,False,False,False,True
THANGAMAYL,INE085J01014,Thangamayil Jewellery Limited,owner_confirmed_individual,OWNER,UNKNOWN,,61.61,54.39,False,,False,False,False,False,True
THERMAX,INE152A01029,Thermax Limited,owner_confirmed_individual_and_director,OWNER,UNKNOWN,,61.98,0.01,True,Owner,False,False,False,True,True
TI,INE133E01013,Tilaknagar Industries Limited,owner_confirmed_individual_and_director,OWNER,UNKNOWN,,31.71,25.14,False,,False,False,False,False,True
TICL,INE388G01026,,owner_confirmed_individual,OWNER,UNKNOWN,,84.06,57.37,True,Professional,False,False,False,False,False
TIINDIA,INE974X01010,Tube Investments of India Limited,owner_confirmed_individual_and_director,OWNER,UNKNOWN,,44.05,4.1899999999999995,True,Owner,False,False,True,True,True
TIMETECHNO,INE508G01029,Time Technoplast Limited,owner_confirmed_individual_and_director,OWNER,UNKNOWN,,47.51,7.16,True,Owner,False,False,False,False,True
TIPSMUSIC,INE716B01029,Tips Music Limited,owner_confirmed_individual_and_director,OWNER,UNKNOWN,,64.15,64.16000000000001,False,,False,False,False,False,True
TITAGARH,INE615H01020,TITAGARH RAIL SYSTEMS LIMITED,owner_confirmed_individual_and_director,OWNER,UNKNOWN,,40.46,7.8,True,Owner,False,False,False,True,True
TORNTPHARM,INE685A01028,Torrent Pharmaceuticals Limited,owner_confirmed_individual_and_director,OWNER,PROFESSIONAL,,68.31,0.66,True,Owner,False,True,True,True,True
TORNTPOWER,INE813H01021,Torrent Power Limited,owner_confirmed_individual,OWNER,PROFESSIONAL,,51.09,0.06,True,Owner,False,False,False,True,True
TRANSRAILL,INE454P01035,Transrail Lighting Limited,owner_confirmed_individual_and_director,OWNER,UNKNOWN,,71.12,1.43,False,,False,False,False,False,True
TRAVELFOOD,INE103V01028,Travel Food Services Limited,ambiguous_holding_indian,OWNER,UNKNOWN,,86.19,0.0,False,,False,False,False,True,True
TRITURBINE,INE152M01016,Triveni Turbine Limited,owner_confirmed_individual_and_director,OWNER,UNKNOWN,,55.84,28.56,True,Owner,False,False,False,True,True
TRIVENI,INE256C01024,Triveni Engineering & Industries Limited,owner_confirmed_individual_and_director,OWNER,UNKNOWN,,60.98,24.59,True,Owner,False,False,False,False,True
TSFINV,INE202Z01029,TSF INVESTMENTS LIMITED,owner_confirmed_individual_and_director,OWNER,UNKNOWN,,54.99,23.14,False,,False,False,False,False,True
TTKPRESTIG,INE690A01028,TTK Prestige Limited,owner_confirmed_individual_and_director,OWNER,UNKNOWN,,70.52,9.95,True,Owner,False,False,False,False,False
TVSMOTOR,INE494B01023,TVS Motor Company Limited,owner_confirmed_individual_and_director,OWNER,UNKNOWN,,50.27,0.07,True,Owner,False,True,True,True,True
TVSSCS,INE395N01027,TVS Supply Chain Solutions Limited,owner_confirmed_individual_and_director,OWNER,UNKNOWN,,43.03,2.61,True,Owner,False,False,False,False,True
UFLEX,INE516A01017,UFLEX Limited,owner_confirmed_individual_and_director,OWNER,UNKNOWN,,44.58,3.24,True,Owner,False,False,False,False,False
UNIPARTS,INE244O01017,Uniparts India Limited,owner_confirmed_individual_and_director,OWNER,UNKNOWN,,65.89,33.71000000000001,True,Owner,False,False,False,False,False
UNOMINDA,INE405E01023,UNO Minda Limited,owner_confirmed_individual_and_director,OWNER,UNKNOWN,,68.41,37.84,True,Owner,False,False,False,True,True
UPL,INE628A01036,UPL Limited,owner_confirmed_individual_and_director,OWNER,UNKNOWN,,33.51,3.15,True,Owner,False,False,True,True,True
URBANCO,INE0CAZ01013,Urban Company Limited,owner_confirmed_individual_and_director,OWNER,UNKNOWN,,20.29,20.3,False,,False,False,False,True,True
USHAMART,INE228A01035,Usha Martin Limited,owner_confirmed_individual,OWNER,UNKNOWN,,40.52,3.25,True,Owner,False,False,False,True,True
UTLSOLAR,INE12UR01024,Fujiyama Power Systems Limited,owner_confirmed_individual_and_director,OWNER,UNKNOWN,,86.77,86.76,False,,False,False,False,False,True
V2RETAIL,INE945H01021,V2 Retail Limited,owner_confirmed_individual_and_director,OWNER,UNKNOWN,,51.43,11.19,False,,False,False,False,False,True
VAIBHAVGBL,INE884A01027,Vaibhav Global Limited,owner_confirmed_individual_and_director,OWNER,UNKNOWN,,57.11,1.4700000000000002,True,Owner,False,False,False,False,True
VAKRANGEE,INE051B01021,Vakrangee Limited,owner_confirmed_individual_and_director,OWNER,UNKNOWN,,40.05,4.8,True,Owner,False,False,False,False,False
VARROC,INE665L01035,Varroc Engineering Limited,owner_confirmed_individual_and_director,OWNER,UNKNOWN,,75.0,39.75,True,Owner,False,False,False,False,True
VENKEYS,INE398A01010,Venky's (India) Limited,owner_confirmed_individual,OWNER,UNKNOWN,,56.11,56.11,True,Owner,False,False,False,False,False
VENUSPIPES,INE0JA001018,Venus Pipes & Tubes Limited,owner_confirmed_individual,OWNER,UNKNOWN,,48.41,48.41,True,Owner,False,False,False,False,False
VGUARD,INE951I01027,V-Guard Industries Limited,owner_confirmed_individual_and_director,OWNER,UNKNOWN,,53.28,40.2,True,Owner,False,False,False,False,True
VIJAYA,INE043W01024,Vijaya Diagnostic Centre Limited,owner_confirmed_individual_and_director,OWNER,UNKNOWN,,52.51,52.51,True,Owner,False,False,False,True,True
VINATIORGA,INE410B01037,Vinati Organics Limited,owner_confirmed_individual,OWNER,UNKNOWN,,74.28,2.59,True,Owner,False,False,False,False,False
VIPIND,INE054A01027,VIP Industries Limited,owner_confirmed_individual_and_director,OWNER,UNKNOWN,,42.35,0.95,True,Owner,False,False,False,False,True
VMART,INE665J01013,V-Mart Retail Limited,owner_confirmed_individual_and_director,OWNER,UNKNOWN,,44.15,6.46,False,,False,False,False,False,True
VOLTAMP,INE540H01012,Voltamp Transformers Limited,owner_confirmed_individual,OWNER,UNKNOWN,,30.0,30.0,True,Owner,False,False,False,False,True
VRLLOG,INE366I01010,VRL Logistics Limited,owner_confirmed_individual_and_director,OWNER,UNKNOWN,,60.24,60.24,True,Owner,False,False,False,False,False
VTL,INE825A01020,Vardhman Textiles Limited,owner_confirmed_individual_and_director,OWNER,UNKNOWN,,65.09,2.36,False,,False,False,False,True,True
WAAREEENER,INE377N01017,Waaree Energies Limited,owner_confirmed_individual_and_director,OWNER,UNKNOWN,,64.19,46.57,True,Owner,False,False,True,True,True
WABAG,INE956G01038,VA Tech Wabag Limited,owner_confirmed_individual_and_director,OWNER,UNKNOWN,,19.09,19.110000000000003,False,,False,False,False,False,True
WAKEFIT,INE0E7301029,Wakefit Innovations Limited,owner_confirmed_individual_and_director,OWNER,UNKNOWN,,37.03,37.03,False,,False,False,False,False,True
WEBELSOLAR,INE855C01023,Websol Energy System Limited,owner_confirmed_individual,OWNER,UNKNOWN,,29.72,8.93,False,,False,False,False,False,True
WESTLIFE,INE274F01020,WESTLIFE FOODWORLD LIMITED,owner_confirmed_individual_and_director,OWNER,UNKNOWN,,56.36,2.45,True,Owner,False,False,False,False,True
WEWORK,INE085001019,WeWork India Management Limited,owner_confirmed_individual_and_director,OWNER,UNKNOWN,,49.8,0.0,False,,False,False,False,False,True
WIPRO,INE075A01022,Wipro Limited,owner_confirmed_individual_and_director,OWNER,UNKNOWN,,72.63,4.42,True,Owner,True,True,True,True,True
WOCKPHARMA,INE049B01025,Wockhardt Limited,owner_confirmed_individual_and_director,OWNER,UNKNOWN,,49.08,0.74,True,Owner,False,False,False,True,True
WSTCSTPAPR,INE976A01021,West Coast Paper Mills Limited,owner_confirmed_individual,OWNER,UNKNOWN,,56.58,13.46,True,Owner,False,False,False,False,False
YATHARTH,INE0JO301016,Yatharth Hospital & Trauma Care Services Limited,owner_confirmed_individual_and_director,OWNER,UNKNOWN,,55.8,55.8,False,,False,False,False,False,True
ZAGGLE,INE07K301024,Zaggle Prepaid Ocean Services Limited,owner_confirmed_individual_and_director,OWNER,UNKNOWN,,44.13,40.06,False,,False,False,False,False,True
ZENSARTECH,INE520A01027,Zensar Technologies Limited,owner_confirmed_individual_and_director,OWNER,UNKNOWN,,49.01,0.23,True,Owner,False,False,False,True,True
ZENTEC,INE251B01027,Zen Technologies Limited,owner_confirmed_individual,OWNER,UNKNOWN,,48.51,48.51,True,Owner,False,False,False,True,True
ZYDUSLIFE,INE010B01027,Zydus Lifesciences Limited,owner_confirmed_individual_and_director,OWNER,UNKNOWN,,75.0,0.07,True,Owner,False,True,True,True,True
ZYDUSWELL,INE768C01028,Zydus Wellness Limited,owner_confirmed_individual_and_director,OWNER,UNKNOWN,,69.63,0.06,False,,False,False,False,True,True
ADANIENSOL,INE931S01010,Adani Energy Solutions Limited,owner_confirmed_individual_and_director,OWNER,OWNER,Adani,72.73,0.01,True,Owner,False,True,True,True,True
ADANIENT,INE423A01024,Adani Enterprises Limited,owner_confirmed_individual_and_director,OWNER,OWNER,Adani,74.67,0.02,True,Owner,True,True,True,True,True
ADANIGREEN,INE364U01010,Adani Green Energy Limited,owner_confirmed_individual_and_director,OWNER,OWNER,Adani,62.43,0.03,True,Owner,False,True,True,True,True
ADANIPORTS,INE742F01042,Adani Ports and Special Economic Zone Limited,owner_confirmed_individual_and_director,OWNER,OWNER,Adani,68.02,0.02,True,Owner,True,True,True,True,True
ADANIPOWER,INE814H01029,Adani Power Limited,owner_confirmed_individual,OWNER,OWNER,Adani,74.96,0.0,True,Owner,False,True,True,True,True
AMBUJACEM,INE079A01024,Ambuja Cements Limited,ambiguous_holding_foreign,OWNER,OWNER,Adani,67.68,0.0,True,Owner,False,True,True,True,True
ATGL,INE399L01023,Adani Total Gas Limited,owner_confirmed_individual_and_director,OWNER,OWNER,Adani,74.8,0.06,True,Owner,False,False,True,True,True
WELCORP,INE191B01025,Welspun Corp Limited,owner_confirmed_individual_and_director,OWNER,OWNER,Adani,49.73,0.6,True,Owner,False,False,False,True,True
WELENT,INE625G01013,Welspun Enterprises Limited,owner_confirmed_individual_and_director,OWNER,OWNER,Adani,56.13,1.98,False,,False,False,False,False,True
WELSPUNLIV,INE192B01031,Welspun Living Limited,owner_confirmed_individual,OWNER,OWNER,Adani,66.24,0.36,True,Owner,False,False,False,True,True
ALOKINDS,INE270A01029,Alok Industries Limited,ambiguous_holding_indian,OWNER,OWNER,Ambani,75.0,0.0,True,Owner,False,False,False,False,True
HATHWAY,INE982F01036,Hathway Cable & Datacom Limited,owner_confirmed_individual,OWNER,OWNER,Ambani,75.0,13.61,True,Owner,False,False,False,False,False
JIOFIN,INE758E01017,Jio Financial Services Limited,owner_confirmed_individual_and_director,OWNER,OWNER,Ambani,47.12,0.88,True,Owner,True,True,True,True,True
RELIANCE,INE002A01018,Reliance Industries Limited,owner_confirmed_individual_and_director,OWNER,OWNER,Ambani,50.01,1.0,True,Owner,True,True,True,True,True
RELINFRA,INE036A01016,Reliance Infrastructure Limited,owner_confirmed_individual_and_director,OWNER,OWNER,Ambani,19.05,0.16,True,Owner,False,False,False,False,False
RPOWER,INE614G01033,Reliance Power Limited,owner_confirmed_individual_and_director,OWNER,OWNER,Ambani,24.98,0.05,True,Owner,False,False,False,True,True
BAJAJ-AUTO,INE917I01010,Bajaj Auto Limited,owner_confirmed_individual_and_director,OWNER,OWNER,Bajaj,54.99,7.95,True,Owner,True,True,True,True,True
BAJAJCON,INE933K01021,Bajaj Consumer Care Limited,owner_confirmed_director_only,OWNER,OWNER,Bajaj,42.97,0.01,True,Owner,False,False,False,False,False
BAJAJELEC,INE193E01025,Bajaj Electricals Limited,owner_confirmed_individual_and_director,OWNER,OWNER,Bajaj,62.69,16.22,False,,False,False,False,False,True
BAJAJFINSV,INE918I01026,Bajaj Finserv Limited,owner_confirmed_individual_and_director,OWNER,OWNER,Bajaj,58.81,7.23,True,Owner,True,True,True,True,True
BAJAJHFL,INE377Y01014,Bajaj Housing Finance Limited,owner_confirmed_director_only,OWNER,OWNER,Bajaj,86.7,0.0,False,,False,False,False,True,True
BAJAJHIND,INE306A01021,Bajaj Hindusthan Sugar Limited,owner_confirmed_individual_and_director,OWNER,OWNER,Bajaj,13.43,4.75,True,Owner,False,False,False,False,False
BAJAJHLDNG,INE118A01012,Bajaj Holdings & Investment Limited,owner_confirmed_individual_and_director,OWNER,OWNER,Bajaj,51.46,7.09,True,Owner,False,True,True,True,True
BAJFINANCE,INE296A01032,Bajaj Finance Limited,owner_confirmed_individual_and_director,OWNER,OWNER,Bajaj,54.7,0.19,True,Owner,True,True,True,True,True
EMIL,INE02YR01019,Electronics Mart India Limited,owner_confirmed_individual,OWNER,OWNER,Bajaj,65.17,65.17,True,Owner,False,False,False,False,True
MAHSCOOTER,INE288A01013,Maharashtra Scooters Limited,owner_confirmed_director_only,OWNER,OWNER,Bajaj,51.0,0.0,False,,False,False,False,False,True
MEDANTA,INE474Q01031,Global Health Limited,owner_confirmed_individual_and_director,OWNER,OWNER,Bajaj,33.01,43.849999999999994,True,Owner,False,False,False,True,True
METROPOLIS,INE112L01020,Metropolis Healthcare Limited,owner_confirmed_individual_and_director,OWNER,OWNER,Bajaj,48.87,0.42,True,Owner,False,False,False,False,True
NETWEB,INE0NT901020,Netweb Technologies India Limited,owner_confirmed_individual_and_director,OWNER,OWNER,Bajaj|Lodha,66.98,66.98,False,,False,False,False,True,True
BANDHANBNK,INE545U01014,Bandhan Bank Limited,owner_confirmed_director_only,OWNER,OWNER,Bandhan (Ghosh),39.74,0.0,True,Owner,False,False,False,True,True
ABREL,INE055A01016,Aditya Birla Real Estate Limited,owner_confirmed_director_only,OWNER,OWNER,Birla,50.21,0.01,True,Owner,False,False,False,True,True
ABSLAMC,INE404A01024,Aditya Birla Sun Life AMC Limited,owner_confirmed_individual_and_director,OWNER,OWNER,Birla,74.82,0.01,True,Owner,False,False,False,True,True
BSOFT,INE836A01035,BIRLASOFT LIMITED,owner_confirmed_director_only,OWNER,OWNER,Birla,40.51,0.21,True,Owner,False,False,False,True,True
INDIACEM,INE383A01012,The India Cements Limited,owner_confirmed_director_only,OWNER,OWNER,Birla (UltraTech),75.0,0.0,True,Owner,False,False,False,True,True
ABCAPITAL,INE674K01013,Aditya Birla Capital Limited,owner_confirmed_individual_and_director,OWNER,OWNER,Birla|Bajaj,68.51,0.18,True,Owner,False,False,True,True,True
ABFRL,INE647O01011,Aditya Birla Fashion and Retail Limited,owner_confirmed_individual_and_director,OWNER,OWNER,Birla|Bajaj,46.61,0.26,True,Owner,False,False,False,True,True
ABLBL,INE14LE01019,Aditya Birla Lifestyle Brands Limited,owner_confirmed_individual_and_director,OWNER,OWNER,Birla|Bajaj,46.6,0.27,False,,False,False,False,True,True
GRASIM,INE047A01021,Grasim Industries Limited,owner_confirmed_individual_and_director,OWNER,OWNER,Birla|Bajaj,43.22,0.45,True,Owner,True,True,True,True,True
HINDALCO,INE038A01020,Hindalco Industries Limited,owner_confirmed_individual_and_director,OWNER,OWNER,Birla|Bajaj,34.64,0.1699999999999999,True,Owner,True,True,True,True,True
ULTRACEMCO,INE481G01011,UltraTech Cement Limited,owner_confirmed_individual_and_director,OWNER,OWNER,Birla|Bajaj,59.29,0.21,True,Owner,True,True,True,True,True
AXISCADES,INE555B01013,AXISCADES Technologies Limited,owner_confirmed_director_only,OWNER,OWNER,Chandrasekhar (Jupiter),58.05,0.0,False,,False,False,False,False,True
CYIENTDLM,INE055S01018,Cyient DLM Limited,owner_confirmed_director_only,OWNER,OWNER,Cyient (Mohan Reddy),52.12,0.0,True,Owner,False,False,False,False,False
WAAREERTL,INE299N01021,Waaree Renewable Technologies Limited,owner_confirmed_director_only,OWNER,OWNER,Doshi (Waaree),74.32,1.06,False,,False,False,False,False,True
JPPOWER,INE351F01018,Jaiprakash Power Ventures Limited,owner_probable_relatives_trust,OWNER,OWNER,Gaur (Jaypee),24.0,0.11,True,Owner,False,False,False,True,True
CESC,INE486A01021,CESC Limited,owner_confirmed_individual_and_director,OWNER,OWNER,Goenka (RPSG),52.11,0.21,True,Owner,False,False,False,True,True
FSL,INE684F01012,Firstsource Solutions Limited,owner_confirmed_director_only,OWNER,OWNER,Goenka (RPSG),53.66,0.02,True,Owner,False,False,False,True,True
PCBL,INE602A01031,PCBL Chemical Limited,ambiguous_holding_indian,OWNER,OWNER,Goenka (RPSG),53.38,0.0,True,Owner,False,False,False,True,True
SAREGAMA,INE979A01025,Saregama India Limited,owner_confirmed_director_only,OWNER,OWNER,Goenka (RPSG),60.39,0.88,True,Owner,False,False,False,True,True
GLAND,INE068V01023,Gland Pharma Limited,ambiguous_holding_foreign,OWNER,OWNER,Guo (Fosun),51.83,0.0,True,Owner,False,False,False,True,True
ROUTE,INE450U01017,ROUTE MOBILE LIMITED,ambiguous_holding_foreign,OWNER,OWNER,Gupta (Route Mobile),74.85,0.0,True,Owner,False,False,False,False,True
ASHOKLEY,INE208A01029,Ashok Leyland Limited,excluded_no_natural_no_holding,OWNER,OWNER,Hinduja,51.51,0.01,True,Owner,False,False,True,True,True
INDUSINDBK,INE095A01012,IndusInd Bank Limited,owner_confirmed_director_only,OWNER,OWNER,Hinduja,15.82,0.01,True,Owner,False,False,True,True,True
REFEX,INE056I01025,Refex Industries Limited,owner_confirmed_director_only,OWNER,OWNER,Jain (Refex),55.8,0.3399999999999999,False,,False,False,False,False,True
DEVYANI,INE872J01023,Devyani International Limited,owner_confirmed_individual_and_director,OWNER,OWNER,Jindal,61.37,4.71,True,Owner,False,False,False,True,True
GALLANTT,INE297H01019,Gallantt Ispat Limited,owner_confirmed_individual_and_director,OWNER,OWNER,Jindal,69.83,68.95,False,,False,False,False,True,True
JINDALSAW,INE324A01032,Jindal Saw Limited,owner_confirmed_individual,OWNER,OWNER,Jindal,63.25,1.18,True,Owner,False,False,False,True,True
JINDALSTEL,INE749A01030,JINDAL STEEL LIMITED,owner_confirmed_individual_and_director,OWNER,OWNER,Jindal,62.69,2.1199999999999997,True,Owner,False,True,True,True,True
JSL,INE220G01021,Jindal Stainless Limited,owner_confirmed_individual_and_director,OWNER,OWNER,Jindal,62.05,3.7,True,Owner,False,False,False,True,True
JSWCEMENT,INE718I01012,JSW Cement Limited,owner_confirmed_individual_and_director,OWNER,OWNER,Jindal,72.33,0.76,False,,False,False,False,True,True
JSWENERGY,INE121E01018,JSW Energy Limited,owner_confirmed_individual_and_director,OWNER,OWNER,Jindal,69.27,4.129999999999999,True,Owner,False,False,True,True,True
JSWINFRA,INE880J01026,JSW Infrastructure Limited,owner_confirmed_individual_and_director,OWNER,OWNER,Jindal,83.62,0.21,False,,False,False,False,True,True
JSWSTEEL,INE019A01038,JSW Steel Limited,owner_confirmed_individual_and_director,OWNER,OWNER,Jindal,45.32,0.61,True,Owner,True,True,True,True,True
MAHSEAMLES,INE271B01025,Maharashtra Seamless Limited,owner_confirmed_individual_and_director,OWNER,OWNER,Jindal,70.28,5.42,True,Owner,False,False,False,False,True
SHAREINDIA,INE932X01026,Share India Securities Limited,owner_confirmed_individual_and_director,OWNER,OWNER,Jindal,48.62,45.13999999999999,False,,False,False,False,False,True
SIGNATURE,INE903U01023,Signatureglobal (India) Limited,owner_confirmed_individual_and_director,OWNER,OWNER,Jindal,69.63,52.69,False,,False,False,False,True,True
VBL,INE200M01039,Varun Beverages Limited,owner_confirmed_individual_and_director,OWNER,OWNER,Jindal,59.44,34.36,True,Owner,False,True,True,True,True
VIKRAMSOLR,INE078V01014,Vikram Solar Limited,owner_confirmed_individual_and_director,OWNER,OWNER,Jindal,63.01,5.069999999999999,False,,False,False,False,False,True
ALIVUS,INE03Q201024,Alivus Life Sciences Limited,owner_confirmed_director_only,OWNER,OWNER,Karnavati / Searles,74.91,0.09,True,Owner,False,False,False,False,True
NUVOCO,INE118D01016,Nuvoco Vistas Corporation Limited,owner_confirmed_individual,OWNER,OWNER,Karnavati / Searles,72.02,11.86,True,Owner,False,False,False,True,True
SPANDANA,INE572J01011,Spandana Sphoorty Financial Limited,ambiguous_holding_foreign,OWNER,OWNER,Kedaara Capital (PE-backed),48.16,0.0,True,Owner,False,False,False,False,False
VMM,INE01EA01019,Vishal Mega Mart Limited,owner_confirmed_director_only,OWNER,OWNER,Kedaara Capital (PE-backed),40.12,0.44,True,Owner,False,False,True,True,True
AWL,INE699H01024,AWL Agri Business Limited,excluded_no_natural_no_holding,OWNER,OWNER,Kuok (Wilmar),56.94,0.0,True,Owner,False,False,False,True,True
FIEMIND,INE737H01014,Fiem Industries Limited,owner_confirmed_individual_and_director,OWNER,OWNER,Lodha,54.52,53.87,False,,False,False,False,False,True
LODHA,INE670K01029,Lodha Developers Limited,owner_confirmed_director_only,OWNER,OWNER,Lodha,71.85,0.03,True,Owner,False,True,True,True,True
ASAHIINDIA,INE439A01020,Asahi India Glass Limited,owner_confirmed_individual,OWNER,OWNER,Mahindra,51.57,16.6,True,Owner,False,False,False,True,True
M&M,INE101A01026,Mahindra & Mahindra Limited,owner_confirmed_individual_and_director,OWNER,OWNER,Mahindra,18.44,0.63,True,Owner,True,True,True,True,True
M&MFIN,INE774D01024,Mahindra & Mahindra Financial Services Limited,owner_confirmed_director_only,OWNER,OWNER,Mahindra,52.49,0.0,True,Owner,False,False,True,True,True
MAHLIFE,INE813A01018,,owner_confirmed_director_only,OWNER,OWNER,Mahindra,52.41,0.02,True,Owner,False,False,False,False,False
SMLMAH,INE294B01019,SML Mahindra Limited,ambiguous_holding_indian,OWNER,OWNER,Mahindra,58.97,0.0,False,,False,False,False,False,True
TECHM,INE669C01036,Tech Mahindra Limited,owner_confirmed_director_only,OWNER,OWNER,Mahindra,34.98,0.07,True,Owner,True,True,True,True,True
AEGISLOG,INE208C01025,Aegis Logistics Limited,excluded_no_natural_no_holding,OWNER,OWNER,Malhotra (Aegis),58.1,5.05,True,Owner,False,False,False,True,True
AEGISVOPAK,INE0INX01018,Aegis Vopak Terminals Limited,owner_confirmed_director_only,OWNER,OWNER,Malhotra (Aegis),86.93,0.08,False,,False,False,False,True,True
BHARTIARTL,INE397D01024,Bharti Airtel Limited,owner_confirmed_director_only,OWNER,OWNER,Mittal,48.87,0.02,True,Owner,True,True,True,True,True
BHARTIHEXA,INE343G01021,Bharti Hexacom Limited,ambiguous_holding_indian,OWNER,OWNER,Mittal,70.0,0.0,False,,False,False,False,True,True
INDUSTOWER,INE121J01017,Indus Towers Limited,owner_confirmed_director_only,OWNER,OWNER,Mittal,51.03,0.0,True,Owner,False,False,True,True,True
ESCORTS,INE042A01014,Escorts Kubota Limited,ambiguous_mnc_jv_candidate,OWNER,OWNER,Nanda,68.04,1.29,True,Owner,False,False,False,True,True
PATANJALI,INE619A01035,Patanjali Foods Limited,owner_confirmed_director_only,OWNER,OWNER,Patanjali,68.26,0.0,True,Owner,False,False,True,True,True
POONAWALLA,INE511C01022,Poonawalla Fincorp Limited,owner_confirmed_director_only,OWNER,OWNER,Poonawalla,63.93,0.06,True,Owner,False,False,False,True,True
HAVELLS,INE176B01034,Havells India Limited,owner_confirmed_director_only,OWNER,OWNER,Rai Gupta (Havells),59.38,0.25,True,Owner,False,False,True,True,True
PARKHOSPS,INE119201023,Park Medi World Limited,owner_confirmed_individual_and_director,OWNER,OWNER,Rai Gupta (Havells),82.89,82.89,False,,False,False,False,False,True
PGEL,INE457L01029,PG Electroplast Limited,owner_confirmed_individual_and_director,OWNER,OWNER,Rai Gupta (Havells),43.41,43.58,True,Owner,False,False,False,True,True
TRIDENT,INE064C01022,Trident Limited,owner_confirmed_director_only,OWNER,OWNER,Rajinder Gupta (Trident),73.68,0.0,True,Owner,False,False,False,True,True
STYRENIX,INE189B01011,Styrenix Performance Materials Limited,owner_confirmed_director_only,OWNER,OWNER,Shiva Performance Materials (Vadodara independent),46.24,0.0,False,,False,False,False,False,True
SHRIRAMFIN,INE721A01047,Shriram Finance Limited,owner_confirmed_director_only,OWNER,OWNER,Shriram,20.3,0.01,True,Owner,True,True,True,True,True
GREAVESCOT,INE224A01026,Greaves Cotton Limited,owner_confirmed_director_only,OWNER,OWNER,Thapar,55.8,0.0,True,Owner,False,False,False,False,True
HINDZINC,INE267A01025,Hindustan Zinc Limited,excluded_state_dominant,OWNER,OWNER,Vedanta,61.84,0.0,True,Owner,False,True,True,True,True
STLTECH,INE089C01029,Sterlite Technologies Limited,owner_confirmed_individual_and_director,OWNER,OWNER,Vedanta,44.44,0.58,True,Owner,False,False,False,False,True
VEDL,INE205A01025,Vedanta Limited,ambiguous_mnc_jv_candidate,OWNER,OWNER,Vedanta,56.38,0.0,True,Owner,False,True,True,True,True
BBTC,INE050A01025,The Bombay Burmah Trading Corporation Limited,owner_confirmed_individual,OWNER,OWNER,Wadia,74.05,10.05,True,Owner,False,False,False,True,True
BOMDYEING,INE032A01023,Bombay Dyeing & Mfg Company Limited,owner_confirmed_individual,OWNER,OWNER,Wadia,53.57,2.28,True,Owner,False,False,False,False,False
BRITANNIA,INE216A01030,Britannia Industries Limited,ambiguous_mnc_jv_candidate,OWNER,OWNER,Wadia,50.55,0.01,True,Owner,False,True,True,True,True
